model_class,skill,case_id,status,actual_model,actual_effort,archive,prefix,source_archive,trajectory_present,final_present
big-open,abstract-state-analyzer,case_001,completed,deepseek-v4-pro,high,training-big-open.zip,train/abstract-state-analyzer/case_001,analyze/ds4_pro/deepseek-v4-pro-0813.zip,True,True
big-open,abstract-state-analyzer,case_002,completed,deepseek-v4-pro,high,training-big-open.zip,train/abstract-state-analyzer/case_002,analyze/ds4_pro/deepseek-v4-pro-0813.zip,True,True
big-open,abstract-state-analyzer,case_003,completed,deepseek-v4-pro,high,training-big-open.zip,train/abstract-state-analyzer/case_003,analyze/ds4_pro/deepseek-v4-pro-0813.zip,True,True
big-open,abstract-state-analyzer,case_004,completed,deepseek-v4-pro,high,training-big-open.zip,train/abstract-state-analyzer/case_004,analyze/ds4_pro/deepseek-v4-pro-0813.zip,True,True
big-open,abstract-state-analyzer,case_005,completed,deepseek-v4-pro,high,training-big-open.zip,train/abstract-state-analyzer/case_005,analyze/ds4_pro/deepseek-v4-pro-0813.zip,True,True
big-open,abstract-state-analyzer,case_006,completed,deepseek-v4-pro,high,training-big-open.zip,train/abstract-state-analyzer/case_006,analyze/ds4_pro/deepseek-v4-pro-0813.zip,True,True
big-open,abstract-state-analyzer,case_007,completed,deepseek-v4-pro,high,training-big-open.zip,train/abstract-state-analyzer/case_007,analyze/ds4_pro/deepseek-v4-pro-0813.zip,True,True
big-open,abstract-state-analyzer,case_008,completed,deepseek-v4-pro,high,training-big-open.zip,train/abstract-state-analyzer/case_008,analyze/ds4_pro/deepseek-v4-pro-0813.zip,True,True
big-open,abstract-state-analyzer,case_009,completed,deepseek-v4-pro,high,training-big-open.zip,train/abstract-state-analyzer/case_009,analyze/ds4_pro/deepseek-v4-pro-0813.zip,True,True
big-open,abstract-state-analyzer,case_010,completed,deepseek-v4-pro,high,training-big-open.zip,train/abstract-state-analyzer/case_010,analyze/ds4_pro/deepseek-v4-pro-0813.zip,True,True
big-open,abstract-state-analyzer,case_011,completed,deepseek-v4-pro,high,training-big-open.zip,train/abstract-state-analyzer/case_011,analyze/ds4_pro/deepseek-v4-pro-0813.zip,True,True
big-open,abstract-state-analyzer,case_012,completed,deepseek-v4-pro,high,training-big-open.zip,train/abstract-state-analyzer/case_012,analyze/ds4_pro/deepseek-v4-pro-0813.zip,True,True
big-open,abstract-state-analyzer,case_013,completed,deepseek-v4-pro,high,training-big-open.zip,train/abstract-state-analyzer/case_013,analyze/ds4_pro/deepseek-v4-pro-0813.zip,True,True
big-open,abstract-state-analyzer,case_014,completed,deepseek-v4-pro,high,training-big-open.zip,train/abstract-state-analyzer/case_014,analyze/ds4_pro/deepseek-v4-pro-0813.zip,True,True
big-open,abstract-state-analyzer,case_015,completed,deepseek-v4-pro,high,training-big-open.zip,train/abstract-state-analyzer/case_015,analyze/ds4_pro/deepseek-v4-pro-0813.zip,True,True
big-open,abstract-state-analyzer,case_016,completed,deepseek-v4-pro,high,training-big-open.zip,train/abstract-state-analyzer/case_016,analyze/ds4_pro/deepseek-v4-pro-0813.zip,True,True
big-open,abstract-state-analyzer,case_017,completed,deepseek-v4-pro,high,training-big-open.zip,train/abstract-state-analyzer/case_017,analyze/ds4_pro/deepseek-v4-pro-0813.zip,True,True
big-open,abstract-state-analyzer,case_018,completed,deepseek-v4-pro,high,training-big-open.zip,train/abstract-state-analyzer/case_018,analyze/ds4_pro/deepseek-v4-pro-0813.zip,True,True
big-open,abstract-state-analyzer,case_019,completed,deepseek-v4-pro,high,training-big-open.zip,train/abstract-state-analyzer/case_019,analyze/ds4_pro/deepseek-v4-pro-0813.zip,True,True
big-open,abstract-state-analyzer,case_020,completed,deepseek-v4-pro,high,training-big-open.zip,train/abstract-state-analyzer/case_020,analyze/ds4_pro/deepseek-v4-pro-0813.zip,True,True
big-open,abstract-state-analyzer,case_021,completed,deepseek-v4-pro,high,training-big-open.zip,train/abstract-state-analyzer/case_021,analyze/ds4_pro/deepseek-v4-pro-0813.zip,True,True
big-open,abstract-state-analyzer,case_022,completed,deepseek-v4-pro,high,training-big-open.zip,train/abstract-state-analyzer/case_022,analyze/ds4_pro/deepseek-v4-pro-0813.zip,True,True
big-open,abstract-state-analyzer,case_023,completed,deepseek-v4-pro,high,training-big-open.zip,train/abstract-state-analyzer/case_023,analyze/ds4_pro/deepseek-v4-pro-0813.zip,True,True
big-open,abstract-state-analyzer,case_024,completed,deepseek-v4-pro,high,training-big-open.zip,train/abstract-state-analyzer/case_024,analyze/ds4_pro/deepseek-v4-pro-0813.zip,True,True
big-open,abstract-state-analyzer,case_025,completed,deepseek-v4-pro,high,training-big-open.zip,train/abstract-state-analyzer/case_025,analyze/ds4_pro/deepseek-v4-pro-0813.zip,True,True
big-open,abstract-state-analyzer,case_026,completed,deepseek-v4-pro,high,training-big-open.zip,train/abstract-state-analyzer/case_026,analyze/ds4_pro/deepseek-v4-pro-0813.zip,True,True
big-open,abstract-state-analyzer,case_027,completed,deepseek-v4-pro,high,training-big-open.zip,train/abstract-state-analyzer/case_027,analyze/ds4_pro/deepseek-v4-pro-0813.zip,True,True
big-open,abstract-state-analyzer,case_028,completed,deepseek-v4-pro,high,training-big-open.zip,train/abstract-state-analyzer/case_028,analyze/ds4_pro/deepseek-v4-pro-0813.zip,True,True
big-open,abstract-state-analyzer,case_029,completed,deepseek-v4-pro,high,training-big-open.zip,train/abstract-state-analyzer/case_029,analyze/ds4_pro/deepseek-v4-pro-0813.zip,True,True
big-open,abstract-state-analyzer,case_030,completed,deepseek-v4-pro,high,training-big-open.zip,train/abstract-state-analyzer/case_030,analyze/ds4_pro/deepseek-v4-pro-0813.zip,True,True
big-open,abstract-state-analyzer,case_031,completed,deepseek-v4-pro,high,training-big-open.zip,train/abstract-state-analyzer/case_031,analyze/ds4_pro/deepseek-v4-pro-0813.zip,True,True
big-open,abstract-state-analyzer,case_032,completed,deepseek-v4-pro,high,training-big-open.zip,train/abstract-state-analyzer/case_032,analyze/ds4_pro/deepseek-v4-pro-0813.zip,True,True
big-open,abstract-state-analyzer,case_033,completed,deepseek-v4-pro,high,training-big-open.zip,train/abstract-state-analyzer/case_033,analyze/ds4_pro/deepseek-v4-pro-0813.zip,True,True
big-open,abstract-state-analyzer,case_034,completed,deepseek-v4-pro,high,training-big-open.zip,train/abstract-state-analyzer/case_034,analyze/ds4_pro/deepseek-v4-pro-0813.zip,True,True
big-open,abstract-state-analyzer,case_035,completed,deepseek-v4-pro,high,training-big-open.zip,train/abstract-state-analyzer/case_035,analyze/ds4_pro/deepseek-v4-pro-0813.zip,True,True
big-open,abstract-state-analyzer,case_036,completed,deepseek-v4-pro,high,training-big-open.zip,train/abstract-state-analyzer/case_036,analyze/ds4_pro/deepseek-v4-pro-0813.zip,True,True
big-open,abstract-state-analyzer,case_037,completed,deepseek-v4-pro,high,training-big-open.zip,train/abstract-state-analyzer/case_037,analyze/ds4_pro/deepseek-v4-pro-0813.zip,True,True
big-open,abstract-state-analyzer,case_038,completed,deepseek-v4-pro,high,training-big-open.zip,train/abstract-state-analyzer/case_038,analyze/ds4_pro/deepseek-v4-pro-0813.zip,True,True
big-open,abstract-state-analyzer,case_039,completed,deepseek-v4-pro,high,training-big-open.zip,train/abstract-state-analyzer/case_039,analyze/ds4_pro/deepseek-v4-pro-0813.zip,True,True
big-open,abstract-state-analyzer,case_040,completed,deepseek-v4-pro,high,training-big-open.zip,train/abstract-state-analyzer/case_040,analyze/ds4_pro/deepseek-v4-pro-0813.zip,True,True
big-open,abstract-state-analyzer,case_041,completed,deepseek-v4-pro,high,training-big-open.zip,train/abstract-state-analyzer/case_041,analyze/ds4_pro/deepseek-v4-pro-0813.zip,True,True
big-open,abstract-state-analyzer,case_042,completed,deepseek-v4-pro,high,training-big-open.zip,train/abstract-state-analyzer/case_042,analyze/ds4_pro/deepseek-v4-pro-0813.zip,True,True
big-open,abstract-state-analyzer,case_043,completed,deepseek-v4-pro,high,training-big-open.zip,train/abstract-state-analyzer/case_043,analyze/ds4_pro/deepseek-v4-pro-0813.zip,True,True
big-open,abstract-state-analyzer,case_044,completed,deepseek-v4-pro,high,training-big-open.zip,train/abstract-state-analyzer/case_044,analyze/ds4_pro/deepseek-v4-pro-0813.zip,True,True
big-open,abstract-state-analyzer,case_045,completed,deepseek-v4-pro,high,training-big-open.zip,train/abstract-state-analyzer/case_045,analyze/ds4_pro/deepseek-v4-pro-0813.zip,True,True
big-open,abstract-state-analyzer,case_046,completed,deepseek-v4-pro,high,training-big-open.zip,train/abstract-state-analyzer/case_046,analyze/ds4_pro/deepseek-v4-pro-0813.zip,True,True
big-open,abstract-state-analyzer,case_047,completed,deepseek-v4-pro,high,training-big-open.zip,train/abstract-state-analyzer/case_047,analyze/ds4_pro/deepseek-v4-pro-0813.zip,True,True
big-open,abstract-state-analyzer,case_048,completed,deepseek-v4-pro,high,training-big-open.zip,train/abstract-state-analyzer/case_048,analyze/ds4_pro/deepseek-v4-pro-0813.zip,True,True
big-open,abstract-state-analyzer,case_049,completed,deepseek-v4-pro,high,training-big-open.zip,train/abstract-state-analyzer/case_049,analyze/ds4_pro/deepseek-v4-pro-0813.zip,True,True
big-open,abstract-state-analyzer,case_050,completed,deepseek-v4-pro,high,training-big-open.zip,train/abstract-state-analyzer/case_050,analyze/ds4_pro/deepseek-v4-pro-0813.zip,True,True
big-open,abstract-state-analyzer,case_051,completed,deepseek-v4-pro,high,training-big-open.zip,train/abstract-state-analyzer/case_051,analyze/ds4_pro/deepseek-v4-pro-0813.zip,True,True
big-open,abstract-state-analyzer,case_052,completed,deepseek-v4-pro,high,training-big-open.zip,train/abstract-state-analyzer/case_052,analyze/ds4_pro/deepseek-v4-pro-0813.zip,True,True
big-open,abstract-state-analyzer,case_053,completed,deepseek-v4-pro,high,training-big-open.zip,train/abstract-state-analyzer/case_053,analyze/ds4_pro/deepseek-v4-pro-0813.zip,True,True
big-open,abstract-state-analyzer,case_054,completed,deepseek-v4-pro,high,training-big-open.zip,train/abstract-state-analyzer/case_054,analyze/ds4_pro/deepseek-v4-pro-0813.zip,True,True
big-open,abstract-state-analyzer,case_055,completed,deepseek-v4-pro,high,training-big-open.zip,train/abstract-state-analyzer/case_055,analyze/ds4_pro/deepseek-v4-pro-0813.zip,True,True
big-open,abstract-state-analyzer,case_056,completed,deepseek-v4-pro,high,training-big-open.zip,train/abstract-state-analyzer/case_056,analyze/ds4_pro/deepseek-v4-pro-0813.zip,True,True
big-open,abstract-state-analyzer,case_057,completed,deepseek-v4-pro,high,training-big-open.zip,train/abstract-state-analyzer/case_057,analyze/ds4_pro/deepseek-v4-pro-0813.zip,True,True
big-open,abstract-state-analyzer,case_058,completed,deepseek-v4-pro,high,training-big-open.zip,train/abstract-state-analyzer/case_058,analyze/ds4_pro/deepseek-v4-pro-0813.zip,True,True
big-open,abstract-state-analyzer,case_059,completed,deepseek-v4-pro,high,training-big-open.zip,train/abstract-state-analyzer/case_059,analyze/ds4_pro/deepseek-v4-pro-0813.zip,True,True
big-open,abstract-state-analyzer,case_060,completed,deepseek-v4-pro,high,training-big-open.zip,train/abstract-state-analyzer/case_060,analyze/ds4_pro/deepseek-v4-pro-0813.zip,True,True
big-open,abstract-state-analyzer,case_061,completed,deepseek-v4-pro,high,training-big-open.zip,train/abstract-state-analyzer/case_061,analyze/ds4_pro/deepseek-v4-pro-0813.zip,True,True
big-open,abstract-state-analyzer,case_062,completed,deepseek-v4-pro,high,training-big-open.zip,train/abstract-state-analyzer/case_062,analyze/ds4_pro/deepseek-v4-pro-0813.zip,True,True
big-open,abstract-state-analyzer,case_063,completed,deepseek-v4-pro,high,training-big-open.zip,train/abstract-state-analyzer/case_063,analyze/ds4_pro/deepseek-v4-pro-0813.zip,True,True
big-open,abstract-state-analyzer,case_064,completed,deepseek-v4-pro,high,training-big-open.zip,train/abstract-state-analyzer/case_064,analyze/ds4_pro/deepseek-v4-pro-0813.zip,True,True
big-open,abstract-state-analyzer,case_065,completed,deepseek-v4-pro,high,training-big-open.zip,train/abstract-state-analyzer/case_065,analyze/ds4_pro/deepseek-v4-pro-0813.zip,True,True
big-open,abstract-state-analyzer,case_066,completed,deepseek-v4-pro,high,training-big-open.zip,train/abstract-state-analyzer/case_066,analyze/ds4_pro/deepseek-v4-pro-0813.zip,True,True
big-open,abstract-state-analyzer,case_067,completed,deepseek-v4-pro,high,training-big-open.zip,train/abstract-state-analyzer/case_067,analyze/ds4_pro/deepseek-v4-pro-0813.zip,True,True
big-open,abstract-state-analyzer,case_068,completed,deepseek-v4-pro,high,training-big-open.zip,train/abstract-state-analyzer/case_068,analyze/ds4_pro/deepseek-v4-pro-0813.zip,True,True
big-open,abstract-state-analyzer,case_069,completed,deepseek-v4-pro,high,training-big-open.zip,train/abstract-state-analyzer/case_069,analyze/ds4_pro/deepseek-v4-pro-0813.zip,True,True
big-open,abstract-state-analyzer,case_070,completed,deepseek-v4-pro,high,training-big-open.zip,train/abstract-state-analyzer/case_070,analyze/ds4_pro/deepseek-v4-pro-0813.zip,True,True
big-open,abstract-state-analyzer,case_071,completed,deepseek-v4-pro,high,training-big-open.zip,train/abstract-state-analyzer/case_071,analyze/ds4_pro/deepseek-v4-pro-0813.zip,True,True
big-open,abstract-state-analyzer,case_072,completed,deepseek-v4-pro,high,training-big-open.zip,train/abstract-state-analyzer/case_072,analyze/ds4_pro/deepseek-v4-pro-0813.zip,True,True
big-open,abstract-state-analyzer,case_073,completed,deepseek-v4-pro,high,training-big-open.zip,train/abstract-state-analyzer/case_073,analyze/ds4_pro/deepseek-v4-pro-0813.zip,True,True
big-open,abstract-state-analyzer,case_074,completed,deepseek-v4-pro,high,training-big-open.zip,train/abstract-state-analyzer/case_074,analyze/ds4_pro/deepseek-v4-pro-0813.zip,True,True
big-open,abstract-state-analyzer,case_075,completed,deepseek-v4-pro,high,training-big-open.zip,train/abstract-state-analyzer/case_075,analyze/ds4_pro/deepseek-v4-pro-0813.zip,True,True
big-open,abstract-state-analyzer,case_076,completed,deepseek-v4-pro,high,training-big-open.zip,train/abstract-state-analyzer/case_076,analyze/ds4_pro/deepseek-v4-pro-0813.zip,True,True
big-open,abstract-state-analyzer,case_077,completed,deepseek-v4-pro,high,training-big-open.zip,train/abstract-state-analyzer/case_077,analyze/ds4_pro/deepseek-v4-pro-0813.zip,True,True
big-open,abstract-state-analyzer,case_078,completed,deepseek-v4-pro,high,training-big-open.zip,train/abstract-state-analyzer/case_078,analyze/ds4_pro/deepseek-v4-pro-0813.zip,True,True
big-open,abstract-state-analyzer,case_079,completed,deepseek-v4-pro,high,training-big-open.zip,train/abstract-state-analyzer/case_079,analyze/ds4_pro/deepseek-v4-pro-0813.zip,True,True
big-open,abstract-state-analyzer,case_080,completed,deepseek-v4-pro,high,training-big-open.zip,train/abstract-state-analyzer/case_080,analyze/ds4_pro/deepseek-v4-pro-0813.zip,True,True
big-open,abstract-state-analyzer,case_081,completed,deepseek-v4-pro,high,training-big-open.zip,train/abstract-state-analyzer/case_081,analyze/ds4_pro/deepseek-v4-pro-0813.zip,True,True
big-open,abstract-state-analyzer,case_082,completed,deepseek-v4-pro,high,training-big-open.zip,train/abstract-state-analyzer/case_082,analyze/ds4_pro/deepseek-v4-pro-0813.zip,True,True
big-open,abstract-state-analyzer,case_083,completed,deepseek-v4-pro,high,training-big-open.zip,train/abstract-state-analyzer/case_083,analyze/ds4_pro/deepseek-v4-pro-0813.zip,True,True
big-open,abstract-state-analyzer,case_084,completed,deepseek-v4-pro,high,training-big-open.zip,train/abstract-state-analyzer/case_084,analyze/ds4_pro/deepseek-v4-pro-0813.zip,True,True
big-open,abstract-state-analyzer,case_085,completed,deepseek-v4-pro,high,training-big-open.zip,train/abstract-state-analyzer/case_085,analyze/ds4_pro/deepseek-v4-pro-0813.zip,True,True
big-open,abstract-state-analyzer,case_086,completed,deepseek-v4-pro,high,training-big-open.zip,train/abstract-state-analyzer/case_086,analyze/ds4_pro/deepseek-v4-pro-0813.zip,True,True
big-open,abstract-state-analyzer,case_087,completed,deepseek-v4-pro,high,training-big-open.zip,train/abstract-state-analyzer/case_087,analyze/ds4_pro/deepseek-v4-pro-0813.zip,True,True
big-open,abstract-state-analyzer,case_088,completed,deepseek-v4-pro,high,training-big-open.zip,train/abstract-state-analyzer/case_088,analyze/ds4_pro/deepseek-v4-pro-0813.zip,True,True
big-open,abstract-state-analyzer,case_089,completed,deepseek-v4-pro,high,training-big-open.zip,train/abstract-state-analyzer/case_089,analyze/ds4_pro/deepseek-v4-pro-0813.zip,True,True
big-open,abstract-state-analyzer,case_090,completed,deepseek-v4-pro,high,training-big-open.zip,train/abstract-state-analyzer/case_090,analyze/ds4_pro/deepseek-v4-pro-0813.zip,True,True
big-open,abstract-state-analyzer,case_091,completed,deepseek-v4-pro,high,training-big-open.zip,train/abstract-state-analyzer/case_091,analyze/ds4_pro/deepseek-v4-pro-0813.zip,True,True
big-open,abstract-state-analyzer,case_092,completed,deepseek-v4-pro,high,training-big-open.zip,train/abstract-state-analyzer/case_092,analyze/ds4_pro/deepseek-v4-pro-0813.zip,True,True
big-open,abstract-state-analyzer,case_093,completed,deepseek-v4-pro,high,training-big-open.zip,train/abstract-state-analyzer/case_093,analyze/ds4_pro/deepseek-v4-pro-0813.zip,True,True
big-open,abstract-state-analyzer,case_094,completed,deepseek-v4-pro,high,training-big-open.zip,train/abstract-state-analyzer/case_094,analyze/ds4_pro/deepseek-v4-pro-0813.zip,True,True
big-open,abstract-state-analyzer,case_095,completed,deepseek-v4-pro,high,training-big-open.zip,train/abstract-state-analyzer/case_095,analyze/ds4_pro/deepseek-v4-pro-0813.zip,True,True
big-open,abstract-state-analyzer,case_096,completed,deepseek-v4-pro,high,training-big-open.zip,train/abstract-state-analyzer/case_096,analyze/ds4_pro/deepseek-v4-pro-0813.zip,True,True
big-open,abstract-state-analyzer,case_097,completed,deepseek-v4-pro,high,training-big-open.zip,train/abstract-state-analyzer/case_097,analyze/ds4_pro/deepseek-v4-pro-0813.zip,True,True
big-open,abstract-state-analyzer,case_098,completed,deepseek-v4-pro,high,training-big-open.zip,train/abstract-state-analyzer/case_098,analyze/ds4_pro/deepseek-v4-pro-0813.zip,True,True
big-open,abstract-state-analyzer,case_099,completed,deepseek-v4-pro,high,training-big-open.zip,train/abstract-state-analyzer/case_099,analyze/ds4_pro/deepseek-v4-pro-0813.zip,True,True
big-open,abstract-state-analyzer,case_100,completed,deepseek-v4-pro,high,training-big-open.zip,train/abstract-state-analyzer/case_100,analyze/ds4_pro/deepseek-v4-pro-0813.zip,True,True
big-open,agentsmesh-security-auditor,case_001,completed,deepseek-v4-pro,high,training-big-open.zip,train/agentsmesh-security-auditor/case_001,analyze/ds4_pro/deepseek-v4-pro-0813.zip,True,True
big-open,agentsmesh-security-auditor,case_002,completed,deepseek-v4-pro,high,training-big-open.zip,train/agentsmesh-security-auditor/case_002,analyze/ds4_pro/deepseek-v4-pro-0813.zip,True,True
big-open,agentsmesh-security-auditor,case_003,completed,deepseek-v4-pro,high,training-big-open.zip,train/agentsmesh-security-auditor/case_003,analyze/ds4_pro/deepseek-v4-pro-0813.zip,True,True
big-open,agentsmesh-security-auditor,case_004,completed,deepseek-v4-pro,high,training-big-open.zip,train/agentsmesh-security-auditor/case_004,analyze/ds4_pro/deepseek-v4-pro-0813.zip,True,True
big-open,agentsmesh-security-auditor,case_005,completed,deepseek-v4-pro,high,training-big-open.zip,train/agentsmesh-security-auditor/case_005,analyze/ds4_pro/deepseek-v4-pro-0813.zip,True,True
big-open,agentsmesh-security-auditor,case_006,completed,deepseek-v4-pro,high,training-big-open.zip,train/agentsmesh-security-auditor/case_006,analyze/ds4_pro/deepseek-v4-pro-0813.zip,True,True
big-open,agentsmesh-security-auditor,case_007,completed,deepseek-v4-pro,high,training-big-open.zip,train/agentsmesh-security-auditor/case_007,analyze/ds4_pro/deepseek-v4-pro-0813.zip,True,True
big-open,agentsmesh-security-auditor,case_008,completed,deepseek-v4-pro,high,training-big-open.zip,train/agentsmesh-security-auditor/case_008,analyze/ds4_pro/deepseek-v4-pro-0813.zip,True,True
big-open,agentsmesh-security-auditor,case_009,completed,deepseek-v4-pro,high,training-big-open.zip,train/agentsmesh-security-auditor/case_009,analyze/ds4_pro/deepseek-v4-pro-0813.zip,True,True
big-open,agentsmesh-security-auditor,case_010,completed,deepseek-v4-pro,high,training-big-open.zip,train/agentsmesh-security-auditor/case_010,analyze/ds4_pro/deepseek-v4-pro-0813.zip,True,True
big-open,agentsmesh-security-auditor,case_011,completed,deepseek-v4-pro,high,training-big-open.zip,train/agentsmesh-security-auditor/case_011,analyze/ds4_pro/deepseek-v4-pro-0813.zip,True,True
big-open,agentsmesh-security-auditor,case_012,completed,deepseek-v4-pro,high,training-big-open.zip,train/agentsmesh-security-auditor/case_012,analyze/ds4_pro/deepseek-v4-pro-0813.zip,True,True
big-open,agentsmesh-security-auditor,case_013,completed,deepseek-v4-pro,high,training-big-open.zip,train/agentsmesh-security-auditor/case_013,analyze/ds4_pro/deepseek-v4-pro-0813.zip,True,True
big-open,agentsmesh-security-auditor,case_014,completed,deepseek-v4-pro,high,training-big-open.zip,train/agentsmesh-security-auditor/case_014,analyze/ds4_pro/deepseek-v4-pro-0813.zip,True,True
big-open,agentsmesh-security-auditor,case_015,completed,deepseek-v4-pro,high,training-big-open.zip,train/agentsmesh-security-auditor/case_015,analyze/ds4_pro/deepseek-v4-pro-0813.zip,True,True
big-open,agentsmesh-security-auditor,case_016,completed,deepseek-v4-pro,high,training-big-open.zip,train/agentsmesh-security-auditor/case_016,analyze/ds4_pro/deepseek-v4-pro-0813.zip,True,True
big-open,agentsmesh-security-auditor,case_017,completed,deepseek-v4-pro,high,training-big-open.zip,train/agentsmesh-security-auditor/case_017,analyze/ds4_pro/deepseek-v4-pro-0813.zip,True,True
big-open,agentsmesh-security-auditor,case_018,completed,deepseek-v4-pro,high,training-big-open.zip,train/agentsmesh-security-auditor/case_018,analyze/ds4_pro/deepseek-v4-pro-0813.zip,True,True
big-open,agentsmesh-security-auditor,case_019,completed,deepseek-v4-pro,high,training-big-open.zip,train/agentsmesh-security-auditor/case_019,analyze/ds4_pro/deepseek-v4-pro-0813.zip,True,True
big-open,agentsmesh-security-auditor,case_020,completed,deepseek-v4-pro,high,training-big-open.zip,train/agentsmesh-security-auditor/case_020,analyze/ds4_pro/deepseek-v4-pro-0813.zip,True,True
big-open,agentsmesh-security-auditor,case_021,completed,deepseek-v4-pro,high,training-big-open.zip,train/agentsmesh-security-auditor/case_021,analyze/ds4_pro/deepseek-v4-pro-0813.zip,True,True
big-open,agentsmesh-security-auditor,case_022,completed,deepseek-v4-pro,high,training-big-open.zip,train/agentsmesh-security-auditor/case_022,analyze/ds4_pro/deepseek-v4-pro-0813.zip,True,True
big-open,agentsmesh-security-auditor,case_023,completed,deepseek-v4-pro,high,training-big-open.zip,train/agentsmesh-security-auditor/case_023,analyze/ds4_pro/deepseek-v4-pro-0813.zip,True,True
big-open,agentsmesh-security-auditor,case_024,completed,deepseek-v4-pro,high,training-big-open.zip,train/agentsmesh-security-auditor/case_024,analyze/ds4_pro/deepseek-v4-pro-0813.zip,True,True
big-open,agentsmesh-security-auditor,case_025,completed,deepseek-v4-pro,high,training-big-open.zip,train/agentsmesh-security-auditor/case_025,analyze/ds4_pro/deepseek-v4-pro-0813.zip,True,True
big-open,agentsmesh-security-auditor,case_026,completed,deepseek-v4-pro,high,training-big-open.zip,train/agentsmesh-security-auditor/case_026,analyze/ds4_pro/deepseek-v4-pro-0813.zip,True,True
big-open,agentsmesh-security-auditor,case_027,completed,deepseek-v4-pro,high,training-big-open.zip,train/agentsmesh-security-auditor/case_027,analyze/ds4_pro/deepseek-v4-pro-0813.zip,True,True
big-open,agentsmesh-security-auditor,case_028,completed,deepseek-v4-pro,high,training-big-open.zip,train/agentsmesh-security-auditor/case_028,analyze/ds4_pro/deepseek-v4-pro-0813.zip,True,True
big-open,agentsmesh-security-auditor,case_029,completed,deepseek-v4-pro,high,training-big-open.zip,train/agentsmesh-security-auditor/case_029,analyze/ds4_pro/deepseek-v4-pro-0813.zip,True,True
big-open,agentsmesh-security-auditor,case_030,completed,deepseek-v4-pro,high,training-big-open.zip,train/agentsmesh-security-auditor/case_030,analyze/ds4_pro/deepseek-v4-pro-0813.zip,True,True
big-open,agentsmesh-security-auditor,case_031,completed,deepseek-v4-pro,high,training-big-open.zip,train/agentsmesh-security-auditor/case_031,analyze/ds4_pro/deepseek-v4-pro-0813.zip,True,True
big-open,agentsmesh-security-auditor,case_032,completed,deepseek-v4-pro,high,training-big-open.zip,train/agentsmesh-security-auditor/case_032,analyze/ds4_pro/deepseek-v4-pro-0813.zip,True,True
big-open,agentsmesh-security-auditor,case_033,completed,deepseek-v4-pro,high,training-big-open.zip,train/agentsmesh-security-auditor/case_033,analyze/ds4_pro/deepseek-v4-pro-0813.zip,True,True
big-open,agentsmesh-security-auditor,case_034,completed,deepseek-v4-pro,high,training-big-open.zip,train/agentsmesh-security-auditor/case_034,analyze/ds4_pro/deepseek-v4-pro-0813.zip,True,True
big-open,agentsmesh-security-auditor,case_035,completed,deepseek-v4-pro,high,training-big-open.zip,train/agentsmesh-security-auditor/case_035,analyze/ds4_pro/deepseek-v4-pro-0813.zip,True,True
big-open,agentsmesh-security-auditor,case_036,completed,deepseek-v4-pro,high,training-big-open.zip,train/agentsmesh-security-auditor/case_036,analyze/ds4_pro/deepseek-v4-pro-0813.zip,True,True
big-open,agentsmesh-security-auditor,case_037,completed,deepseek-v4-pro,high,training-big-open.zip,train/agentsmesh-security-auditor/case_037,analyze/ds4_pro/deepseek-v4-pro-0813.zip,True,True
big-open,agentsmesh-security-auditor,case_038,completed,deepseek-v4-pro,high,training-big-open.zip,train/agentsmesh-security-auditor/case_038,analyze/ds4_pro/deepseek-v4-pro-0813.zip,True,True
big-open,agentsmesh-security-auditor,case_039,completed,deepseek-v4-pro,high,training-big-open.zip,train/agentsmesh-security-auditor/case_039,analyze/ds4_pro/deepseek-v4-pro-0813.zip,True,True
big-open,agentsmesh-security-auditor,case_040,completed,deepseek-v4-pro,high,training-big-open.zip,train/agentsmesh-security-auditor/case_040,analyze/ds4_pro/deepseek-v4-pro-0813.zip,True,True
big-open,agentsmesh-security-auditor,case_041,completed,deepseek-v4-pro,high,training-big-open.zip,train/agentsmesh-security-auditor/case_041,analyze/ds4_pro/deepseek-v4-pro-0813.zip,True,True
big-open,agentsmesh-security-auditor,case_042,completed,deepseek-v4-pro,high,training-big-open.zip,train/agentsmesh-security-auditor/case_042,analyze/ds4_pro/deepseek-v4-pro-0813.zip,True,True
big-open,agentsmesh-security-auditor,case_043,completed,deepseek-v4-pro,high,training-big-open.zip,train/agentsmesh-security-auditor/case_043,analyze/ds4_pro/deepseek-v4-pro-0813.zip,True,True
big-open,agentsmesh-security-auditor,case_044,completed,deepseek-v4-pro,high,training-big-open.zip,train/agentsmesh-security-auditor/case_044,analyze/ds4_pro/deepseek-v4-pro-0813.zip,True,True
big-open,agentsmesh-security-auditor,case_045,completed,deepseek-v4-pro,high,training-big-open.zip,train/agentsmesh-security-auditor/case_045,analyze/ds4_pro/deepseek-v4-pro-0813.zip,True,True
big-open,agentsmesh-security-auditor,case_046,completed,deepseek-v4-pro,high,training-big-open.zip,train/agentsmesh-security-auditor/case_046,analyze/ds4_pro/deepseek-v4-pro-0813.zip,True,True
big-open,agentsmesh-security-auditor,case_047,completed,deepseek-v4-pro,high,training-big-open.zip,train/agentsmesh-security-auditor/case_047,analyze/ds4_pro/deepseek-v4-pro-0813.zip,True,True
big-open,agentsmesh-security-auditor,case_048,completed,deepseek-v4-pro,high,training-big-open.zip,train/agentsmesh-security-auditor/case_048,analyze/ds4_pro/deepseek-v4-pro-0813.zip,True,True
big-open,agentsmesh-security-auditor,case_049,completed,deepseek-v4-pro,high,training-big-open.zip,train/agentsmesh-security-auditor/case_049,analyze/ds4_pro/deepseek-v4-pro-0813.zip,True,True
big-open,agentsmesh-security-auditor,case_050,completed,deepseek-v4-pro,high,training-big-open.zip,train/agentsmesh-security-auditor/case_050,analyze/ds4_pro/deepseek-v4-pro-0813.zip,True,True
big-open,agentsmesh-security-auditor,case_051,completed,deepseek-v4-pro,high,training-big-open.zip,train/agentsmesh-security-auditor/case_051,analyze/ds4_pro/deepseek-v4-pro-0813.zip,True,True
big-open,agentsmesh-security-auditor,case_052,completed,deepseek-v4-pro,high,training-big-open.zip,train/agentsmesh-security-auditor/case_052,analyze/ds4_pro/deepseek-v4-pro-0813.zip,True,True
big-open,agentsmesh-security-auditor,case_053,completed,deepseek-v4-pro,high,training-big-open.zip,train/agentsmesh-security-auditor/case_053,analyze/ds4_pro/deepseek-v4-pro-0813.zip,True,True
big-open,agentsmesh-security-auditor,case_054,completed,deepseek-v4-pro,high,training-big-open.zip,train/agentsmesh-security-auditor/case_054,analyze/ds4_pro/deepseek-v4-pro-0813.zip,True,True
big-open,agentsmesh-security-auditor,case_055,completed,deepseek-v4-pro,high,training-big-open.zip,train/agentsmesh-security-auditor/case_055,analyze/ds4_pro/deepseek-v4-pro-0813.zip,True,True
big-open,agentsmesh-security-auditor,case_056,completed,deepseek-v4-pro,high,training-big-open.zip,train/agentsmesh-security-auditor/case_056,analyze/ds4_pro/deepseek-v4-pro-0813.zip,True,True
big-open,agentsmesh-security-auditor,case_057,completed,deepseek-v4-pro,high,training-big-open.zip,train/agentsmesh-security-auditor/case_057,analyze/ds4_pro/deepseek-v4-pro-0813.zip,True,True
big-open,agentsmesh-security-auditor,case_058,completed,deepseek-v4-pro,high,training-big-open.zip,train/agentsmesh-security-auditor/case_058,analyze/ds4_pro/deepseek-v4-pro-0813.zip,True,True
big-open,agentsmesh-security-auditor,case_059,completed,deepseek-v4-pro,high,training-big-open.zip,train/agentsmesh-security-auditor/case_059,analyze/ds4_pro/deepseek-v4-pro-0813.zip,True,True
big-open,agentsmesh-security-auditor,case_060,completed,deepseek-v4-pro,high,training-big-open.zip,train/agentsmesh-security-auditor/case_060,analyze/ds4_pro/deepseek-v4-pro-0813.zip,True,True
big-open,agentsmesh-security-auditor,case_061,completed,deepseek-v4-pro,high,training-big-open.zip,train/agentsmesh-security-auditor/case_061,analyze/ds4_pro/deepseek-v4-pro-0813.zip,True,True
big-open,agentsmesh-security-auditor,case_062,completed,deepseek-v4-pro,high,training-big-open.zip,train/agentsmesh-security-auditor/case_062,analyze/ds4_pro/deepseek-v4-pro-0813.zip,True,True
big-open,agentsmesh-security-auditor,case_063,completed,deepseek-v4-pro,high,training-big-open.zip,train/agentsmesh-security-auditor/case_063,analyze/ds4_pro/deepseek-v4-pro-0813.zip,True,True
big-open,agentsmesh-security-auditor,case_064,completed,deepseek-v4-pro,high,training-big-open.zip,train/agentsmesh-security-auditor/case_064,analyze/ds4_pro/deepseek-v4-pro-0813.zip,True,True
big-open,agentsmesh-security-auditor,case_065,completed,deepseek-v4-pro,high,training-big-open.zip,train/agentsmesh-security-auditor/case_065,analyze/ds4_pro/deepseek-v4-pro-0813.zip,True,True
big-open,agentsmesh-security-auditor,case_066,completed,deepseek-v4-pro,high,training-big-open.zip,train/agentsmesh-security-auditor/case_066,analyze/ds4_pro/deepseek-v4-pro-0813.zip,True,True
big-open,agentsmesh-security-auditor,case_067,completed,deepseek-v4-pro,high,training-big-open.zip,train/agentsmesh-security-auditor/case_067,analyze/ds4_pro/deepseek-v4-pro-0813.zip,True,True
big-open,agentsmesh-security-auditor,case_068,completed,deepseek-v4-pro,high,training-big-open.zip,train/agentsmesh-security-auditor/case_068,analyze/ds4_pro/deepseek-v4-pro-0813.zip,True,True
big-open,agentsmesh-security-auditor,case_069,completed,deepseek-v4-pro,high,training-big-open.zip,train/agentsmesh-security-auditor/case_069,analyze/ds4_pro/deepseek-v4-pro-0813.zip,True,True
big-open,agentsmesh-security-auditor,case_070,completed,deepseek-v4-pro,high,training-big-open.zip,train/agentsmesh-security-auditor/case_070,analyze/ds4_pro/deepseek-v4-pro-0813.zip,True,True
big-open,agentsmesh-security-auditor,case_071,completed,deepseek-v4-pro,high,training-big-open.zip,train/agentsmesh-security-auditor/case_071,analyze/ds4_pro/deepseek-v4-pro-0813.zip,True,True
big-open,agentsmesh-security-auditor,case_072,completed,deepseek-v4-pro,high,training-big-open.zip,train/agentsmesh-security-auditor/case_072,analyze/ds4_pro/deepseek-v4-pro-0813.zip,True,True
big-open,agentsmesh-security-auditor,case_073,completed,deepseek-v4-pro,high,training-big-open.zip,train/agentsmesh-security-auditor/case_073,analyze/ds4_pro/deepseek-v4-pro-0813.zip,True,True
big-open,agentsmesh-security-auditor,case_074,completed,deepseek-v4-pro,high,training-big-open.zip,train/agentsmesh-security-auditor/case_074,analyze/ds4_pro/deepseek-v4-pro-0813.zip,True,True
big-open,agentsmesh-security-auditor,case_075,completed,deepseek-v4-pro,high,training-big-open.zip,train/agentsmesh-security-auditor/case_075,analyze/ds4_pro/deepseek-v4-pro-0813.zip,True,True
big-open,agentsmesh-security-auditor,case_076,completed,deepseek-v4-pro,high,training-big-open.zip,train/agentsmesh-security-auditor/case_076,analyze/ds4_pro/deepseek-v4-pro-0813.zip,True,True
big-open,agentsmesh-security-auditor,case_077,completed,deepseek-v4-pro,high,training-big-open.zip,train/agentsmesh-security-auditor/case_077,analyze/ds4_pro/deepseek-v4-pro-0813.zip,True,True
big-open,agentsmesh-security-auditor,case_078,completed,deepseek-v4-pro,high,training-big-open.zip,train/agentsmesh-security-auditor/case_078,analyze/ds4_pro/deepseek-v4-pro-0813.zip,True,True
big-open,agentsmesh-security-auditor,case_079,completed,deepseek-v4-pro,high,training-big-open.zip,train/agentsmesh-security-auditor/case_079,analyze/ds4_pro/deepseek-v4-pro-0813.zip,True,True
big-open,agentsmesh-security-auditor,case_080,completed,deepseek-v4-pro,high,training-big-open.zip,train/agentsmesh-security-auditor/case_080,analyze/ds4_pro/deepseek-v4-pro-0813.zip,True,True
big-open,agentsmesh-security-auditor,case_081,completed,deepseek-v4-pro,high,training-big-open.zip,train/agentsmesh-security-auditor/case_081,analyze/ds4_pro/deepseek-v4-pro-0813.zip,True,True
big-open,agentsmesh-security-auditor,case_082,completed,deepseek-v4-pro,high,training-big-open.zip,train/agentsmesh-security-auditor/case_082,analyze/ds4_pro/deepseek-v4-pro-0813.zip,True,True
big-open,agentsmesh-security-auditor,case_083,completed,deepseek-v4-pro,high,training-big-open.zip,train/agentsmesh-security-auditor/case_083,analyze/ds4_pro/deepseek-v4-pro-0813.zip,True,True
big-open,agentsmesh-security-auditor,case_084,completed,deepseek-v4-pro,high,training-big-open.zip,train/agentsmesh-security-auditor/case_084,analyze/ds4_pro/deepseek-v4-pro-0813.zip,True,True
big-open,agentsmesh-security-auditor,case_085,completed,deepseek-v4-pro,high,training-big-open.zip,train/agentsmesh-security-auditor/case_085,analyze/ds4_pro/deepseek-v4-pro-0813.zip,True,True
big-open,agentsmesh-security-auditor,case_086,completed,deepseek-v4-pro,high,training-big-open.zip,train/agentsmesh-security-auditor/case_086,analyze/ds4_pro/deepseek-v4-pro-0813.zip,True,True
big-open,agentsmesh-security-auditor,case_087,completed,deepseek-v4-pro,high,training-big-open.zip,train/agentsmesh-security-auditor/case_087,analyze/ds4_pro/deepseek-v4-pro-0813.zip,True,True
big-open,agentsmesh-security-auditor,case_088,completed,deepseek-v4-pro,high,training-big-open.zip,train/agentsmesh-security-auditor/case_088,analyze/ds4_pro/deepseek-v4-pro-0813.zip,True,True
big-open,agentsmesh-security-auditor,case_089,completed,deepseek-v4-pro,high,training-big-open.zip,train/agentsmesh-security-auditor/case_089,analyze/ds4_pro/deepseek-v4-pro-0813.zip,True,True
big-open,agentsmesh-security-auditor,case_090,completed,deepseek-v4-pro,high,training-big-open.zip,train/agentsmesh-security-auditor/case_090,analyze/ds4_pro/deepseek-v4-pro-0813.zip,True,True
big-open,agentsmesh-security-auditor,case_091,completed,deepseek-v4-pro,high,training-big-open.zip,train/agentsmesh-security-auditor/case_091,analyze/ds4_pro/deepseek-v4-pro-0813.zip,True,True
big-open,agentsmesh-security-auditor,case_092,completed,deepseek-v4-pro,high,training-big-open.zip,train/agentsmesh-security-auditor/case_092,analyze/ds4_pro/deepseek-v4-pro-0813.zip,True,True
big-open,agentsmesh-security-auditor,case_093,completed,deepseek-v4-pro,high,training-big-open.zip,train/agentsmesh-security-auditor/case_093,analyze/ds4_pro/deepseek-v4-pro-0813.zip,True,True
big-open,agentsmesh-security-auditor,case_094,completed,deepseek-v4-pro,high,training-big-open.zip,train/agentsmesh-security-auditor/case_094,analyze/ds4_pro/deepseek-v4-pro-0813.zip,True,True
big-open,agentsmesh-security-auditor,case_095,completed,deepseek-v4-pro,high,training-big-open.zip,train/agentsmesh-security-auditor/case_095,analyze/ds4_pro/deepseek-v4-pro-0813.zip,True,True
big-open,agentsmesh-security-auditor,case_096,completed,deepseek-v4-pro,high,training-big-open.zip,train/agentsmesh-security-auditor/case_096,analyze/ds4_pro/deepseek-v4-pro-0813.zip,True,True
big-open,agentsmesh-security-auditor,case_097,completed,deepseek-v4-pro,high,training-big-open.zip,train/agentsmesh-security-auditor/case_097,analyze/ds4_pro/deepseek-v4-pro-0813.zip,True,True
big-open,agentsmesh-security-auditor,case_098,completed,deepseek-v4-pro,high,training-big-open.zip,train/agentsmesh-security-auditor/case_098,analyze/ds4_pro/deepseek-v4-pro-0813.zip,True,True
big-open,agentsmesh-security-auditor,case_099,completed,deepseek-v4-pro,high,training-big-open.zip,train/agentsmesh-security-auditor/case_099,analyze/ds4_pro/deepseek-v4-pro-0813.zip,True,True
big-open,agentsmesh-security-auditor,case_100,completed,deepseek-v4-pro,high,training-big-open.zip,train/agentsmesh-security-auditor/case_100,analyze/ds4_pro/deepseek-v4-pro-0813.zip,True,True
big-open,ai-devkit-security-review,case_001,completed,deepseek-v4-pro,high,training-big-open.zip,train/ai-devkit-security-review/case_001,analyze/ds4_pro/deepseek-v4-pro-0813.zip,True,True
big-open,ai-devkit-security-review,case_002,completed,deepseek-v4-pro,high,training-big-open.zip,train/ai-devkit-security-review/case_002,analyze/ds4_pro/deepseek-v4-pro-0813.zip,True,True
big-open,ai-devkit-security-review,case_003,completed,deepseek-v4-pro,high,training-big-open.zip,train/ai-devkit-security-review/case_003,analyze/ds4_pro/deepseek-v4-pro-0813.zip,True,True
big-open,ai-devkit-security-review,case_004,completed,deepseek-v4-pro,high,training-big-open.zip,train/ai-devkit-security-review/case_004,analyze/ds4_pro/deepseek-v4-pro-0813.zip,True,True
big-open,ai-devkit-security-review,case_005,completed,deepseek-v4-pro,high,training-big-open.zip,train/ai-devkit-security-review/case_005,analyze/ds4_pro/deepseek-v4-pro-0813.zip,True,True
big-open,ai-devkit-security-review,case_006,completed,deepseek-v4-pro,high,training-big-open.zip,train/ai-devkit-security-review/case_006,analyze/ds4_pro/deepseek-v4-pro-0813.zip,True,True
big-open,ai-devkit-security-review,case_007,completed,deepseek-v4-pro,high,training-big-open.zip,train/ai-devkit-security-review/case_007,analyze/ds4_pro/deepseek-v4-pro-0813.zip,True,True
big-open,ai-devkit-security-review,case_008,completed,deepseek-v4-pro,high,training-big-open.zip,train/ai-devkit-security-review/case_008,analyze/ds4_pro/deepseek-v4-pro-0813.zip,True,True
big-open,ai-devkit-security-review,case_009,completed,deepseek-v4-pro,high,training-big-open.zip,train/ai-devkit-security-review/case_009,analyze/ds4_pro/deepseek-v4-pro-0813.zip,True,True
big-open,ai-devkit-security-review,case_010,completed,deepseek-v4-pro,high,training-big-open.zip,train/ai-devkit-security-review/case_010,analyze/ds4_pro/deepseek-v4-pro-0813.zip,True,True
big-open,ai-devkit-security-review,case_011,completed,deepseek-v4-pro,high,training-big-open.zip,train/ai-devkit-security-review/case_011,analyze/ds4_pro/deepseek-v4-pro-0813.zip,True,True
big-open,ai-devkit-security-review,case_012,completed,deepseek-v4-pro,high,training-big-open.zip,train/ai-devkit-security-review/case_012,analyze/ds4_pro/deepseek-v4-pro-0813.zip,True,True
big-open,ai-devkit-security-review,case_013,completed,deepseek-v4-pro,high,training-big-open.zip,train/ai-devkit-security-review/case_013,analyze/ds4_pro/deepseek-v4-pro-0813.zip,True,True
big-open,ai-devkit-security-review,case_014,completed,deepseek-v4-pro,high,training-big-open.zip,train/ai-devkit-security-review/case_014,analyze/ds4_pro/deepseek-v4-pro-0813.zip,True,True
big-open,ai-devkit-security-review,case_015,completed,deepseek-v4-pro,high,training-big-open.zip,train/ai-devkit-security-review/case_015,analyze/ds4_pro/deepseek-v4-pro-0813.zip,True,True
big-open,ai-devkit-security-review,case_016,completed,deepseek-v4-pro,high,training-big-open.zip,train/ai-devkit-security-review/case_016,analyze/ds4_pro/deepseek-v4-pro-0813.zip,True,True
big-open,ai-devkit-security-review,case_017,completed,deepseek-v4-pro,high,training-big-open.zip,train/ai-devkit-security-review/case_017,analyze/ds4_pro/deepseek-v4-pro-0813.zip,True,True
big-open,ai-devkit-security-review,case_018,completed,deepseek-v4-pro,high,training-big-open.zip,train/ai-devkit-security-review/case_018,analyze/ds4_pro/deepseek-v4-pro-0813.zip,True,True
big-open,ai-devkit-security-review,case_019,completed,deepseek-v4-pro,high,training-big-open.zip,train/ai-devkit-security-review/case_019,analyze/ds4_pro/deepseek-v4-pro-0813.zip,True,True
big-open,ai-devkit-security-review,case_020,completed,deepseek-v4-pro,high,training-big-open.zip,train/ai-devkit-security-review/case_020,analyze/ds4_pro/deepseek-v4-pro-0813.zip,True,True
big-open,ai-devkit-security-review,case_021,completed,deepseek-v4-pro,high,training-big-open.zip,train/ai-devkit-security-review/case_021,analyze/ds4_pro/deepseek-v4-pro-0813.zip,True,True
big-open,ai-devkit-security-review,case_022,completed,deepseek-v4-pro,high,training-big-open.zip,train/ai-devkit-security-review/case_022,analyze/ds4_pro/deepseek-v4-pro-0813.zip,True,True
big-open,ai-devkit-security-review,case_023,completed,deepseek-v4-pro,high,training-big-open.zip,train/ai-devkit-security-review/case_023,analyze/ds4_pro/deepseek-v4-pro-0813.zip,True,True
big-open,ai-devkit-security-review,case_024,completed,deepseek-v4-pro,high,training-big-open.zip,train/ai-devkit-security-review/case_024,analyze/ds4_pro/deepseek-v4-pro-0813.zip,True,True
big-open,ai-devkit-security-review,case_025,completed,deepseek-v4-pro,high,training-big-open.zip,train/ai-devkit-security-review/case_025,analyze/ds4_pro/deepseek-v4-pro-0813.zip,True,True
big-open,ai-devkit-security-review,case_026,completed,deepseek-v4-pro,high,training-big-open.zip,train/ai-devkit-security-review/case_026,analyze/ds4_pro/deepseek-v4-pro-0813.zip,True,True
big-open,ai-devkit-security-review,case_027,completed,deepseek-v4-pro,high,training-big-open.zip,train/ai-devkit-security-review/case_027,analyze/ds4_pro/deepseek-v4-pro-0813.zip,True,True
big-open,ai-devkit-security-review,case_028,completed,deepseek-v4-pro,high,training-big-open.zip,train/ai-devkit-security-review/case_028,analyze/ds4_pro/deepseek-v4-pro-0813.zip,True,True
big-open,ai-devkit-security-review,case_029,completed,deepseek-v4-pro,high,training-big-open.zip,train/ai-devkit-security-review/case_029,analyze/ds4_pro/deepseek-v4-pro-0813.zip,True,True
big-open,ai-devkit-security-review,case_030,completed,deepseek-v4-pro,high,training-big-open.zip,train/ai-devkit-security-review/case_030,analyze/ds4_pro/deepseek-v4-pro-0813.zip,True,True
big-open,ai-devkit-security-review,case_031,completed,deepseek-v4-pro,high,training-big-open.zip,train/ai-devkit-security-review/case_031,analyze/ds4_pro/deepseek-v4-pro-0813.zip,True,True
big-open,ai-devkit-security-review,case_032,completed,deepseek-v4-pro,high,training-big-open.zip,train/ai-devkit-security-review/case_032,analyze/ds4_pro/deepseek-v4-pro-0813.zip,True,True
big-open,ai-devkit-security-review,case_033,completed,deepseek-v4-pro,high,training-big-open.zip,train/ai-devkit-security-review/case_033,analyze/ds4_pro/deepseek-v4-pro-0813.zip,True,True
big-open,ai-devkit-security-review,case_034,completed,deepseek-v4-pro,high,training-big-open.zip,train/ai-devkit-security-review/case_034,analyze/ds4_pro/deepseek-v4-pro-0813.zip,True,True
big-open,ai-devkit-security-review,case_035,completed,deepseek-v4-pro,high,training-big-open.zip,train/ai-devkit-security-review/case_035,analyze/ds4_pro/deepseek-v4-pro-0813.zip,True,True
big-open,ai-devkit-security-review,case_036,completed,deepseek-v4-pro,high,training-big-open.zip,train/ai-devkit-security-review/case_036,analyze/ds4_pro/deepseek-v4-pro-0813.zip,True,True
big-open,ai-devkit-security-review,case_037,completed,deepseek-v4-pro,high,training-big-open.zip,train/ai-devkit-security-review/case_037,analyze/ds4_pro/deepseek-v4-pro-0813.zip,True,True
big-open,ai-devkit-security-review,case_038,completed,deepseek-v4-pro,high,training-big-open.zip,train/ai-devkit-security-review/case_038,analyze/ds4_pro/deepseek-v4-pro-0813.zip,True,True
big-open,ai-devkit-security-review,case_039,completed,deepseek-v4-pro,high,training-big-open.zip,train/ai-devkit-security-review/case_039,analyze/ds4_pro/deepseek-v4-pro-0813.zip,True,True
big-open,ai-devkit-security-review,case_040,completed,deepseek-v4-pro,high,training-big-open.zip,train/ai-devkit-security-review/case_040,analyze/ds4_pro/deepseek-v4-pro-0813.zip,True,True
big-open,ai-devkit-security-review,case_041,completed,deepseek-v4-pro,high,training-big-open.zip,train/ai-devkit-security-review/case_041,analyze/ds4_pro/deepseek-v4-pro-0813.zip,True,True
big-open,ai-devkit-security-review,case_042,completed,deepseek-v4-pro,high,training-big-open.zip,train/ai-devkit-security-review/case_042,analyze/ds4_pro/deepseek-v4-pro-0813.zip,True,True
big-open,ai-devkit-security-review,case_043,completed,deepseek-v4-pro,high,training-big-open.zip,train/ai-devkit-security-review/case_043,analyze/ds4_pro/deepseek-v4-pro-0813.zip,True,True
big-open,ai-devkit-security-review,case_044,completed,deepseek-v4-pro,high,training-big-open.zip,train/ai-devkit-security-review/case_044,analyze/ds4_pro/deepseek-v4-pro-0813.zip,True,True
big-open,ai-devkit-security-review,case_045,completed,deepseek-v4-pro,high,training-big-open.zip,train/ai-devkit-security-review/case_045,analyze/ds4_pro/deepseek-v4-pro-0813.zip,True,True
big-open,ai-devkit-security-review,case_046,completed,deepseek-v4-pro,high,training-big-open.zip,train/ai-devkit-security-review/case_046,analyze/ds4_pro/deepseek-v4-pro-0813.zip,True,True
big-open,ai-devkit-security-review,case_047,completed,deepseek-v4-pro,high,training-big-open.zip,train/ai-devkit-security-review/case_047,analyze/ds4_pro/deepseek-v4-pro-0813.zip,True,True
big-open,ai-devkit-security-review,case_048,completed,deepseek-v4-pro,high,training-big-open.zip,train/ai-devkit-security-review/case_048,analyze/ds4_pro/deepseek-v4-pro-0813.zip,True,True
big-open,ai-devkit-security-review,case_049,completed,deepseek-v4-pro,high,training-big-open.zip,train/ai-devkit-security-review/case_049,analyze/ds4_pro/deepseek-v4-pro-0813.zip,True,True
big-open,ai-devkit-security-review,case_050,completed,deepseek-v4-pro,high,training-big-open.zip,train/ai-devkit-security-review/case_050,analyze/ds4_pro/deepseek-v4-pro-0813.zip,True,True
big-open,ai-devkit-security-review,case_051,completed,deepseek-v4-pro,high,training-big-open.zip,train/ai-devkit-security-review/case_051,analyze/ds4_pro/deepseek-v4-pro-0813.zip,True,True
big-open,ai-devkit-security-review,case_052,completed,deepseek-v4-pro,high,training-big-open.zip,train/ai-devkit-security-review/case_052,analyze/ds4_pro/deepseek-v4-pro-0813.zip,True,True
big-open,ai-devkit-security-review,case_053,completed,deepseek-v4-pro,high,training-big-open.zip,train/ai-devkit-security-review/case_053,analyze/ds4_pro/deepseek-v4-pro-0813.zip,True,True
big-open,ai-devkit-security-review,case_054,completed,deepseek-v4-pro,high,training-big-open.zip,train/ai-devkit-security-review/case_054,analyze/ds4_pro/deepseek-v4-pro-0813.zip,True,True
big-open,ai-devkit-security-review,case_055,completed,deepseek-v4-pro,high,training-big-open.zip,train/ai-devkit-security-review/case_055,analyze/ds4_pro/deepseek-v4-pro-0813.zip,True,True
big-open,ai-devkit-security-review,case_056,completed,deepseek-v4-pro,high,training-big-open.zip,train/ai-devkit-security-review/case_056,analyze/ds4_pro/deepseek-v4-pro-0813.zip,True,True
big-open,ai-devkit-security-review,case_057,completed,deepseek-v4-pro,high,training-big-open.zip,train/ai-devkit-security-review/case_057,analyze/ds4_pro/deepseek-v4-pro-0813.zip,True,True
big-open,ai-devkit-security-review,case_058,completed,deepseek-v4-pro,high,training-big-open.zip,train/ai-devkit-security-review/case_058,analyze/ds4_pro/deepseek-v4-pro-0813.zip,True,True
big-open,ai-devkit-security-review,case_059,completed,deepseek-v4-pro,high,training-big-open.zip,train/ai-devkit-security-review/case_059,analyze/ds4_pro/deepseek-v4-pro-0813.zip,True,True
big-open,ai-devkit-security-review,case_060,completed,deepseek-v4-pro,high,training-big-open.zip,train/ai-devkit-security-review/case_060,analyze/ds4_pro/deepseek-v4-pro-0813.zip,True,True
big-open,ai-devkit-security-review,case_061,completed,deepseek-v4-pro,high,training-big-open.zip,train/ai-devkit-security-review/case_061,analyze/ds4_pro/deepseek-v4-pro-0813.zip,True,True
big-open,ai-devkit-security-review,case_062,completed,deepseek-v4-pro,high,training-big-open.zip,train/ai-devkit-security-review/case_062,analyze/ds4_pro/deepseek-v4-pro-0813.zip,True,True
big-open,ai-devkit-security-review,case_063,completed,deepseek-v4-pro,high,training-big-open.zip,train/ai-devkit-security-review/case_063,analyze/ds4_pro/deepseek-v4-pro-0813.zip,True,True
big-open,ai-devkit-security-review,case_064,completed,deepseek-v4-pro,high,training-big-open.zip,train/ai-devkit-security-review/case_064,analyze/ds4_pro/deepseek-v4-pro-0813.zip,True,True
big-open,ai-devkit-security-review,case_065,completed,deepseek-v4-pro,high,training-big-open.zip,train/ai-devkit-security-review/case_065,analyze/ds4_pro/deepseek-v4-pro-0813.zip,True,True
big-open,ai-devkit-security-review,case_066,completed,deepseek-v4-pro,high,training-big-open.zip,train/ai-devkit-security-review/case_066,analyze/ds4_pro/deepseek-v4-pro-0813.zip,True,True
big-open,ai-devkit-security-review,case_067,completed,deepseek-v4-pro,high,training-big-open.zip,train/ai-devkit-security-review/case_067,analyze/ds4_pro/deepseek-v4-pro-0813.zip,True,True
big-open,ai-devkit-security-review,case_068,completed,deepseek-v4-pro,high,training-big-open.zip,train/ai-devkit-security-review/case_068,analyze/ds4_pro/deepseek-v4-pro-0813.zip,True,True
big-open,ai-devkit-security-review,case_069,completed,deepseek-v4-pro,high,training-big-open.zip,train/ai-devkit-security-review/case_069,analyze/ds4_pro/deepseek-v4-pro-0813.zip,True,True
big-open,ai-devkit-security-review,case_070,completed,deepseek-v4-pro,high,training-big-open.zip,train/ai-devkit-security-review/case_070,analyze/ds4_pro/deepseek-v4-pro-0813.zip,True,True
big-open,ai-devkit-security-review,case_071,completed,deepseek-v4-pro,high,training-big-open.zip,train/ai-devkit-security-review/case_071,analyze/ds4_pro/deepseek-v4-pro-0813.zip,True,True
big-open,ai-devkit-security-review,case_072,completed,deepseek-v4-pro,high,training-big-open.zip,train/ai-devkit-security-review/case_072,analyze/ds4_pro/deepseek-v4-pro-0813.zip,True,True
big-open,ai-devkit-security-review,case_073,completed,deepseek-v4-pro,high,training-big-open.zip,train/ai-devkit-security-review/case_073,analyze/ds4_pro/deepseek-v4-pro-0813.zip,True,True
big-open,ai-devkit-security-review,case_074,completed,deepseek-v4-pro,high,training-big-open.zip,train/ai-devkit-security-review/case_074,analyze/ds4_pro/deepseek-v4-pro-0813.zip,True,True
big-open,ai-devkit-security-review,case_075,completed,deepseek-v4-pro,high,training-big-open.zip,train/ai-devkit-security-review/case_075,analyze/ds4_pro/deepseek-v4-pro-0813.zip,True,True
big-open,ai-devkit-security-review,case_076,completed,deepseek-v4-pro,high,training-big-open.zip,train/ai-devkit-security-review/case_076,analyze/ds4_pro/deepseek-v4-pro-0813.zip,True,True
big-open,ai-devkit-security-review,case_077,completed,deepseek-v4-pro,high,training-big-open.zip,train/ai-devkit-security-review/case_077,analyze/ds4_pro/deepseek-v4-pro-0813.zip,True,True
big-open,ai-devkit-security-review,case_078,completed,deepseek-v4-pro,high,training-big-open.zip,train/ai-devkit-security-review/case_078,analyze/ds4_pro/deepseek-v4-pro-0813.zip,True,True
big-open,ai-devkit-security-review,case_079,completed,deepseek-v4-pro,high,training-big-open.zip,train/ai-devkit-security-review/case_079,analyze/ds4_pro/deepseek-v4-pro-0813.zip,True,True
big-open,ai-devkit-security-review,case_080,completed,deepseek-v4-pro,high,training-big-open.zip,train/ai-devkit-security-review/case_080,analyze/ds4_pro/deepseek-v4-pro-0813.zip,True,True
big-open,ai-devkit-security-review,case_081,completed,deepseek-v4-pro,high,training-big-open.zip,train/ai-devkit-security-review/case_081,analyze/ds4_pro/deepseek-v4-pro-0813.zip,True,True
big-open,ai-devkit-security-review,case_082,completed,deepseek-v4-pro,high,training-big-open.zip,train/ai-devkit-security-review/case_082,analyze/ds4_pro/deepseek-v4-pro-0813.zip,True,True
big-open,ai-devkit-security-review,case_083,completed,deepseek-v4-pro,high,training-big-open.zip,train/ai-devkit-security-review/case_083,analyze/ds4_pro/deepseek-v4-pro-0813.zip,True,True
big-open,ai-devkit-security-review,case_084,completed,deepseek-v4-pro,high,training-big-open.zip,train/ai-devkit-security-review/case_084,analyze/ds4_pro/deepseek-v4-pro-0813.zip,True,True
big-open,ai-devkit-security-review,case_085,completed,deepseek-v4-pro,high,training-big-open.zip,train/ai-devkit-security-review/case_085,analyze/ds4_pro/deepseek-v4-pro-0813.zip,True,True
big-open,ai-devkit-security-review,case_086,completed,deepseek-v4-pro,high,training-big-open.zip,train/ai-devkit-security-review/case_086,analyze/ds4_pro/deepseek-v4-pro-0813.zip,True,True
big-open,ai-devkit-security-review,case_087,completed,deepseek-v4-pro,high,training-big-open.zip,train/ai-devkit-security-review/case_087,analyze/ds4_pro/deepseek-v4-pro-0813.zip,True,True
big-open,ai-devkit-security-review,case_088,completed,deepseek-v4-pro,high,training-big-open.zip,train/ai-devkit-security-review/case_088,analyze/ds4_pro/deepseek-v4-pro-0813.zip,True,True
big-open,ai-devkit-security-review,case_089,completed,deepseek-v4-pro,high,training-big-open.zip,train/ai-devkit-security-review/case_089,analyze/ds4_pro/deepseek-v4-pro-0813.zip,True,True
big-open,ai-devkit-security-review,case_090,completed,deepseek-v4-pro,high,training-big-open.zip,train/ai-devkit-security-review/case_090,analyze/ds4_pro/deepseek-v4-pro-0813.zip,True,True
big-open,ai-devkit-security-review,case_091,completed,deepseek-v4-pro,high,training-big-open.zip,train/ai-devkit-security-review/case_091,analyze/ds4_pro/deepseek-v4-pro-0813.zip,True,True
big-open,ai-devkit-security-review,case_092,completed,deepseek-v4-pro,high,training-big-open.zip,train/ai-devkit-security-review/case_092,analyze/ds4_pro/deepseek-v4-pro-0813.zip,True,True
big-open,ai-devkit-security-review,case_093,completed,deepseek-v4-pro,high,training-big-open.zip,train/ai-devkit-security-review/case_093,analyze/ds4_pro/deepseek-v4-pro-0813.zip,True,True
big-open,ai-devkit-security-review,case_094,completed,deepseek-v4-pro,high,training-big-open.zip,train/ai-devkit-security-review/case_094,analyze/ds4_pro/deepseek-v4-pro-0813.zip,True,True
big-open,ai-devkit-security-review,case_095,completed,deepseek-v4-pro,high,training-big-open.zip,train/ai-devkit-security-review/case_095,analyze/ds4_pro/deepseek-v4-pro-0813.zip,True,True
big-open,ai-devkit-security-review,case_096,completed,deepseek-v4-pro,high,training-big-open.zip,train/ai-devkit-security-review/case_096,analyze/ds4_pro/deepseek-v4-pro-0813.zip,True,True
big-open,ai-devkit-security-review,case_097,completed,deepseek-v4-pro,high,training-big-open.zip,train/ai-devkit-security-review/case_097,analyze/ds4_pro/deepseek-v4-pro-0813.zip,True,True
big-open,ai-devkit-security-review,case_098,completed,deepseek-v4-pro,high,training-big-open.zip,train/ai-devkit-security-review/case_098,analyze/ds4_pro/deepseek-v4-pro-0813.zip,True,True
big-open,ai-devkit-security-review,case_099,completed,deepseek-v4-pro,high,training-big-open.zip,train/ai-devkit-security-review/case_099,analyze/ds4_pro/deepseek-v4-pro-0813.zip,True,True
big-open,ai-devkit-security-review,case_100,completed,deepseek-v4-pro,high,training-big-open.zip,train/ai-devkit-security-review/case_100,analyze/ds4_pro/deepseek-v4-pro-0813.zip,True,True
big-open,anthropic-vuln-scan,case_001,completed,deepseek-v4-pro,high,training-big-open.zip,train/anthropic-vuln-scan/case_001,analyze/ds4_pro/deepseek-v4-pro-0813.zip,True,True
big-open,anthropic-vuln-scan,case_002,completed,deepseek-v4-pro,high,training-big-open.zip,train/anthropic-vuln-scan/case_002,analyze/ds4_pro/deepseek-v4-pro-0813.zip,True,True
big-open,anthropic-vuln-scan,case_003,completed,deepseek-v4-pro,high,training-big-open.zip,train/anthropic-vuln-scan/case_003,analyze/ds4_pro/deepseek-v4-pro-0813.zip,True,True
big-open,anthropic-vuln-scan,case_004,completed,deepseek-v4-pro,high,training-big-open.zip,train/anthropic-vuln-scan/case_004,analyze/ds4_pro/deepseek-v4-pro-0813.zip,True,True
big-open,anthropic-vuln-scan,case_005,completed,deepseek-v4-pro,high,training-big-open.zip,train/anthropic-vuln-scan/case_005,analyze/ds4_pro/deepseek-v4-pro-0813.zip,True,True
big-open,anthropic-vuln-scan,case_006,completed,deepseek-v4-pro,high,training-big-open.zip,train/anthropic-vuln-scan/case_006,analyze/ds4_pro/deepseek-v4-pro-0813.zip,True,True
big-open,anthropic-vuln-scan,case_007,completed,deepseek-v4-pro,high,training-big-open.zip,train/anthropic-vuln-scan/case_007,analyze/ds4_pro/deepseek-v4-pro-0813.zip,True,True
big-open,anthropic-vuln-scan,case_008,completed,deepseek-v4-pro,high,training-big-open.zip,train/anthropic-vuln-scan/case_008,analyze/ds4_pro/deepseek-v4-pro-0813.zip,True,True
big-open,anthropic-vuln-scan,case_009,completed,deepseek-v4-pro,high,training-big-open.zip,train/anthropic-vuln-scan/case_009,analyze/ds4_pro/deepseek-v4-pro-0813.zip,True,True
big-open,anthropic-vuln-scan,case_010,completed,deepseek-v4-pro,high,training-big-open.zip,train/anthropic-vuln-scan/case_010,analyze/ds4_pro/deepseek-v4-pro-0813.zip,True,True
big-open,anthropic-vuln-scan,case_011,completed,deepseek-v4-pro,high,training-big-open.zip,train/anthropic-vuln-scan/case_011,analyze/ds4_pro/deepseek-v4-pro-0813.zip,True,True
big-open,anthropic-vuln-scan,case_012,completed,deepseek-v4-pro,high,training-big-open.zip,train/anthropic-vuln-scan/case_012,analyze/ds4_pro/deepseek-v4-pro-0813.zip,True,True
big-open,anthropic-vuln-scan,case_013,completed,deepseek-v4-pro,high,training-big-open.zip,train/anthropic-vuln-scan/case_013,analyze/ds4_pro/deepseek-v4-pro-0813.zip,True,True
big-open,anthropic-vuln-scan,case_014,completed,deepseek-v4-pro,high,training-big-open.zip,train/anthropic-vuln-scan/case_014,analyze/ds4_pro/deepseek-v4-pro-0813.zip,True,True
big-open,anthropic-vuln-scan,case_015,completed,deepseek-v4-pro,high,training-big-open.zip,train/anthropic-vuln-scan/case_015,analyze/ds4_pro/deepseek-v4-pro-0813.zip,True,True
big-open,anthropic-vuln-scan,case_016,completed,deepseek-v4-pro,high,training-big-open.zip,train/anthropic-vuln-scan/case_016,analyze/ds4_pro/deepseek-v4-pro-0813.zip,True,True
big-open,anthropic-vuln-scan,case_017,completed,deepseek-v4-pro,high,training-big-open.zip,train/anthropic-vuln-scan/case_017,analyze/ds4_pro/deepseek-v4-pro-0813.zip,True,True
big-open,anthropic-vuln-scan,case_018,completed,deepseek-v4-pro,high,training-big-open.zip,train/anthropic-vuln-scan/case_018,analyze/ds4_pro/deepseek-v4-pro-0813.zip,True,True
big-open,anthropic-vuln-scan,case_019,completed,deepseek-v4-pro,high,training-big-open.zip,train/anthropic-vuln-scan/case_019,analyze/ds4_pro/deepseek-v4-pro-0813.zip,True,True
big-open,anthropic-vuln-scan,case_020,completed,deepseek-v4-pro,high,training-big-open.zip,train/anthropic-vuln-scan/case_020,analyze/ds4_pro/deepseek-v4-pro-0813.zip,True,True
big-open,anthropic-vuln-scan,case_021,completed,deepseek-v4-pro,high,training-big-open.zip,train/anthropic-vuln-scan/case_021,analyze/ds4_pro/deepseek-v4-pro-0813.zip,True,True
big-open,anthropic-vuln-scan,case_022,completed,deepseek-v4-pro,high,training-big-open.zip,train/anthropic-vuln-scan/case_022,analyze/ds4_pro/deepseek-v4-pro-0813.zip,True,True
big-open,anthropic-vuln-scan,case_023,completed,deepseek-v4-pro,high,training-big-open.zip,train/anthropic-vuln-scan/case_023,analyze/ds4_pro/deepseek-v4-pro-0813.zip,True,True
big-open,anthropic-vuln-scan,case_024,completed,deepseek-v4-pro,high,training-big-open.zip,train/anthropic-vuln-scan/case_024,analyze/ds4_pro/deepseek-v4-pro-0813.zip,True,True
big-open,anthropic-vuln-scan,case_025,completed,deepseek-v4-pro,high,training-big-open.zip,train/anthropic-vuln-scan/case_025,analyze/ds4_pro/deepseek-v4-pro-0813.zip,True,True
big-open,anthropic-vuln-scan,case_026,completed,deepseek-v4-pro,high,training-big-open.zip,train/anthropic-vuln-scan/case_026,analyze/ds4_pro/deepseek-v4-pro-0813.zip,True,True
big-open,anthropic-vuln-scan,case_027,completed,deepseek-v4-pro,high,training-big-open.zip,train/anthropic-vuln-scan/case_027,analyze/ds4_pro/deepseek-v4-pro-0813.zip,True,True
big-open,anthropic-vuln-scan,case_028,completed,deepseek-v4-pro,high,training-big-open.zip,train/anthropic-vuln-scan/case_028,analyze/ds4_pro/deepseek-v4-pro-0813.zip,True,True
big-open,anthropic-vuln-scan,case_029,completed,deepseek-v4-pro,high,training-big-open.zip,train/anthropic-vuln-scan/case_029,analyze/ds4_pro/deepseek-v4-pro-0813.zip,True,True
big-open,anthropic-vuln-scan,case_030,completed,deepseek-v4-pro,high,training-big-open.zip,train/anthropic-vuln-scan/case_030,analyze/ds4_pro/deepseek-v4-pro-0813.zip,True,True
big-open,anthropic-vuln-scan,case_031,completed,deepseek-v4-pro,high,training-big-open.zip,train/anthropic-vuln-scan/case_031,analyze/ds4_pro/deepseek-v4-pro-0813.zip,True,True
big-open,anthropic-vuln-scan,case_032,completed,deepseek-v4-pro,high,training-big-open.zip,train/anthropic-vuln-scan/case_032,analyze/ds4_pro/deepseek-v4-pro-0813.zip,True,True
big-open,anthropic-vuln-scan,case_033,completed,deepseek-v4-pro,high,training-big-open.zip,train/anthropic-vuln-scan/case_033,analyze/ds4_pro/deepseek-v4-pro-0813.zip,True,True
big-open,anthropic-vuln-scan,case_034,completed,deepseek-v4-pro,high,training-big-open.zip,train/anthropic-vuln-scan/case_034,analyze/ds4_pro/deepseek-v4-pro-0813.zip,True,True
big-open,anthropic-vuln-scan,case_035,completed,deepseek-v4-pro,high,training-big-open.zip,train/anthropic-vuln-scan/case_035,analyze/ds4_pro/deepseek-v4-pro-0813.zip,True,True
big-open,anthropic-vuln-scan,case_036,completed,deepseek-v4-pro,high,training-big-open.zip,train/anthropic-vuln-scan/case_036,analyze/ds4_pro/deepseek-v4-pro-0813.zip,True,True
big-open,anthropic-vuln-scan,case_037,completed,deepseek-v4-pro,high,training-big-open.zip,train/anthropic-vuln-scan/case_037,analyze/ds4_pro/deepseek-v4-pro-0813.zip,True,True
big-open,anthropic-vuln-scan,case_038,completed,deepseek-v4-pro,high,training-big-open.zip,train/anthropic-vuln-scan/case_038,analyze/ds4_pro/deepseek-v4-pro-0813.zip,True,True
big-open,anthropic-vuln-scan,case_039,completed,deepseek-v4-pro,high,training-big-open.zip,train/anthropic-vuln-scan/case_039,analyze/ds4_pro/deepseek-v4-pro-0813.zip,True,True
big-open,anthropic-vuln-scan,case_040,completed,deepseek-v4-pro,high,training-big-open.zip,train/anthropic-vuln-scan/case_040,analyze/ds4_pro/deepseek-v4-pro-0813.zip,True,True
big-open,anthropic-vuln-scan,case_041,completed,deepseek-v4-pro,high,training-big-open.zip,train/anthropic-vuln-scan/case_041,analyze/ds4_pro/deepseek-v4-pro-0813.zip,True,True
big-open,anthropic-vuln-scan,case_042,completed,deepseek-v4-pro,high,training-big-open.zip,train/anthropic-vuln-scan/case_042,analyze/ds4_pro/deepseek-v4-pro-0813.zip,True,True
big-open,anthropic-vuln-scan,case_043,completed,deepseek-v4-pro,high,training-big-open.zip,train/anthropic-vuln-scan/case_043,analyze/ds4_pro/deepseek-v4-pro-0813.zip,True,True
big-open,anthropic-vuln-scan,case_044,completed,deepseek-v4-pro,high,training-big-open.zip,train/anthropic-vuln-scan/case_044,analyze/ds4_pro/deepseek-v4-pro-0813.zip,True,True
big-open,anthropic-vuln-scan,case_045,completed,deepseek-v4-pro,high,training-big-open.zip,train/anthropic-vuln-scan/case_045,analyze/ds4_pro/deepseek-v4-pro-0813.zip,True,True
big-open,anthropic-vuln-scan,case_046,completed,deepseek-v4-pro,high,training-big-open.zip,train/anthropic-vuln-scan/case_046,analyze/ds4_pro/deepseek-v4-pro-0813.zip,True,True
big-open,anthropic-vuln-scan,case_047,completed,deepseek-v4-pro,high,training-big-open.zip,train/anthropic-vuln-scan/case_047,analyze/ds4_pro/deepseek-v4-pro-0813.zip,True,True
big-open,anthropic-vuln-scan,case_048,completed,deepseek-v4-pro,high,training-big-open.zip,train/anthropic-vuln-scan/case_048,analyze/ds4_pro/deepseek-v4-pro-0813.zip,True,True
big-open,anthropic-vuln-scan,case_049,completed,deepseek-v4-pro,high,training-big-open.zip,train/anthropic-vuln-scan/case_049,analyze/ds4_pro/deepseek-v4-pro-0813.zip,True,True
big-open,anthropic-vuln-scan,case_050,completed,deepseek-v4-pro,high,training-big-open.zip,train/anthropic-vuln-scan/case_050,analyze/ds4_pro/deepseek-v4-pro-0813.zip,True,True
big-open,anthropic-vuln-scan,case_051,completed,deepseek-v4-pro,high,training-big-open.zip,train/anthropic-vuln-scan/case_051,analyze/ds4_pro/deepseek-v4-pro-0813.zip,True,True
big-open,anthropic-vuln-scan,case_052,completed,deepseek-v4-pro,high,training-big-open.zip,train/anthropic-vuln-scan/case_052,analyze/ds4_pro/deepseek-v4-pro-0813.zip,True,True
big-open,anthropic-vuln-scan,case_053,completed,deepseek-v4-pro,high,training-big-open.zip,train/anthropic-vuln-scan/case_053,analyze/ds4_pro/deepseek-v4-pro-0813.zip,True,True
big-open,anthropic-vuln-scan,case_054,completed,deepseek-v4-pro,high,training-big-open.zip,train/anthropic-vuln-scan/case_054,analyze/ds4_pro/deepseek-v4-pro-0813.zip,True,True
big-open,anthropic-vuln-scan,case_055,completed,deepseek-v4-pro,high,training-big-open.zip,train/anthropic-vuln-scan/case_055,analyze/ds4_pro/deepseek-v4-pro-0813.zip,True,True
big-open,anthropic-vuln-scan,case_056,completed,deepseek-v4-pro,high,training-big-open.zip,train/anthropic-vuln-scan/case_056,analyze/ds4_pro/deepseek-v4-pro-0813.zip,True,True
big-open,anthropic-vuln-scan,case_057,completed,deepseek-v4-pro,high,training-big-open.zip,train/anthropic-vuln-scan/case_057,analyze/ds4_pro/deepseek-v4-pro-0813.zip,True,True
big-open,anthropic-vuln-scan,case_058,completed,deepseek-v4-pro,high,training-big-open.zip,train/anthropic-vuln-scan/case_058,analyze/ds4_pro/deepseek-v4-pro-0813.zip,True,True
big-open,anthropic-vuln-scan,case_059,completed,deepseek-v4-pro,high,training-big-open.zip,train/anthropic-vuln-scan/case_059,analyze/ds4_pro/deepseek-v4-pro-0813.zip,True,True
big-open,anthropic-vuln-scan,case_060,completed,deepseek-v4-pro,high,training-big-open.zip,train/anthropic-vuln-scan/case_060,analyze/ds4_pro/deepseek-v4-pro-0813.zip,True,True
big-open,anthropic-vuln-scan,case_061,completed,deepseek-v4-pro,high,training-big-open.zip,train/anthropic-vuln-scan/case_061,analyze/ds4_pro/deepseek-v4-pro-0813.zip,True,True
big-open,anthropic-vuln-scan,case_062,completed,deepseek-v4-pro,high,training-big-open.zip,train/anthropic-vuln-scan/case_062,analyze/ds4_pro/deepseek-v4-pro-0813.zip,True,True
big-open,anthropic-vuln-scan,case_063,completed,deepseek-v4-pro,high,training-big-open.zip,train/anthropic-vuln-scan/case_063,analyze/ds4_pro/deepseek-v4-pro-0813.zip,True,True
big-open,anthropic-vuln-scan,case_064,completed,deepseek-v4-pro,high,training-big-open.zip,train/anthropic-vuln-scan/case_064,analyze/ds4_pro/deepseek-v4-pro-0813.zip,True,True
big-open,anthropic-vuln-scan,case_065,completed,deepseek-v4-pro,high,training-big-open.zip,train/anthropic-vuln-scan/case_065,analyze/ds4_pro/deepseek-v4-pro-0813.zip,True,True
big-open,anthropic-vuln-scan,case_066,completed,deepseek-v4-pro,high,training-big-open.zip,train/anthropic-vuln-scan/case_066,analyze/ds4_pro/deepseek-v4-pro-0813.zip,True,True
big-open,anthropic-vuln-scan,case_067,completed,deepseek-v4-pro,high,training-big-open.zip,train/anthropic-vuln-scan/case_067,analyze/ds4_pro/deepseek-v4-pro-0813.zip,True,True
big-open,anthropic-vuln-scan,case_068,completed,deepseek-v4-pro,high,training-big-open.zip,train/anthropic-vuln-scan/case_068,analyze/ds4_pro/deepseek-v4-pro-0813.zip,True,True
big-open,anthropic-vuln-scan,case_069,completed,deepseek-v4-pro,high,training-big-open.zip,train/anthropic-vuln-scan/case_069,analyze/ds4_pro/deepseek-v4-pro-0813.zip,True,True
big-open,anthropic-vuln-scan,case_070,completed,deepseek-v4-pro,high,training-big-open.zip,train/anthropic-vuln-scan/case_070,analyze/ds4_pro/deepseek-v4-pro-0813.zip,True,True
big-open,anthropic-vuln-scan,case_071,completed,deepseek-v4-pro,high,training-big-open.zip,train/anthropic-vuln-scan/case_071,analyze/ds4_pro/deepseek-v4-pro-0813.zip,True,True
big-open,anthropic-vuln-scan,case_072,completed,deepseek-v4-pro,high,training-big-open.zip,train/anthropic-vuln-scan/case_072,analyze/ds4_pro/deepseek-v4-pro-0813.zip,True,True
big-open,anthropic-vuln-scan,case_073,completed,deepseek-v4-pro,high,training-big-open.zip,train/anthropic-vuln-scan/case_073,analyze/ds4_pro/deepseek-v4-pro-0813.zip,True,True
big-open,anthropic-vuln-scan,case_074,completed,deepseek-v4-pro,high,training-big-open.zip,train/anthropic-vuln-scan/case_074,analyze/ds4_pro/deepseek-v4-pro-0813.zip,True,True
big-open,anthropic-vuln-scan,case_075,completed,deepseek-v4-pro,high,training-big-open.zip,train/anthropic-vuln-scan/case_075,analyze/ds4_pro/deepseek-v4-pro-0813.zip,True,True
big-open,anthropic-vuln-scan,case_076,completed,deepseek-v4-pro,high,training-big-open.zip,train/anthropic-vuln-scan/case_076,analyze/ds4_pro/deepseek-v4-pro-0813.zip,True,True
big-open,anthropic-vuln-scan,case_077,completed,deepseek-v4-pro,high,training-big-open.zip,train/anthropic-vuln-scan/case_077,analyze/ds4_pro/deepseek-v4-pro-0813.zip,True,True
big-open,anthropic-vuln-scan,case_078,completed,deepseek-v4-pro,high,training-big-open.zip,train/anthropic-vuln-scan/case_078,analyze/ds4_pro/deepseek-v4-pro-0813.zip,True,True
big-open,anthropic-vuln-scan,case_079,completed,deepseek-v4-pro,high,training-big-open.zip,train/anthropic-vuln-scan/case_079,analyze/ds4_pro/deepseek-v4-pro-0813.zip,True,True
big-open,anthropic-vuln-scan,case_080,completed,deepseek-v4-pro,high,training-big-open.zip,train/anthropic-vuln-scan/case_080,analyze/ds4_pro/deepseek-v4-pro-0813.zip,True,True
big-open,anthropic-vuln-scan,case_081,completed,deepseek-v4-pro,high,training-big-open.zip,train/anthropic-vuln-scan/case_081,analyze/ds4_pro/deepseek-v4-pro-0813.zip,True,True
big-open,anthropic-vuln-scan,case_082,completed,deepseek-v4-pro,high,training-big-open.zip,train/anthropic-vuln-scan/case_082,analyze/ds4_pro/deepseek-v4-pro-0813.zip,True,True
big-open,anthropic-vuln-scan,case_083,completed,deepseek-v4-pro,high,training-big-open.zip,train/anthropic-vuln-scan/case_083,analyze/ds4_pro/deepseek-v4-pro-0813.zip,True,True
big-open,anthropic-vuln-scan,case_084,completed,deepseek-v4-pro,high,training-big-open.zip,train/anthropic-vuln-scan/case_084,analyze/ds4_pro/deepseek-v4-pro-0813.zip,True,True
big-open,anthropic-vuln-scan,case_085,completed,deepseek-v4-pro,high,training-big-open.zip,train/anthropic-vuln-scan/case_085,analyze/ds4_pro/deepseek-v4-pro-0813.zip,True,True
big-open,anthropic-vuln-scan,case_086,completed,deepseek-v4-pro,high,training-big-open.zip,train/anthropic-vuln-scan/case_086,analyze/ds4_pro/deepseek-v4-pro-0813.zip,True,True
big-open,anthropic-vuln-scan,case_087,completed,deepseek-v4-pro,high,training-big-open.zip,train/anthropic-vuln-scan/case_087,analyze/ds4_pro/deepseek-v4-pro-0813.zip,True,True
big-open,anthropic-vuln-scan,case_088,completed,deepseek-v4-pro,high,training-big-open.zip,train/anthropic-vuln-scan/case_088,analyze/ds4_pro/deepseek-v4-pro-0813.zip,True,True
big-open,anthropic-vuln-scan,case_089,completed,deepseek-v4-pro,high,training-big-open.zip,train/anthropic-vuln-scan/case_089,analyze/ds4_pro/deepseek-v4-pro-0813.zip,True,True
big-open,anthropic-vuln-scan,case_090,completed,deepseek-v4-pro,high,training-big-open.zip,train/anthropic-vuln-scan/case_090,analyze/ds4_pro/deepseek-v4-pro-0813.zip,True,True
big-open,anthropic-vuln-scan,case_091,completed,deepseek-v4-pro,high,training-big-open.zip,train/anthropic-vuln-scan/case_091,analyze/ds4_pro/deepseek-v4-pro-0813.zip,True,True
big-open,anthropic-vuln-scan,case_092,completed,deepseek-v4-pro,high,training-big-open.zip,train/anthropic-vuln-scan/case_092,analyze/ds4_pro/deepseek-v4-pro-0813.zip,True,True
big-open,anthropic-vuln-scan,case_093,completed,deepseek-v4-pro,high,training-big-open.zip,train/anthropic-vuln-scan/case_093,analyze/ds4_pro/deepseek-v4-pro-0813.zip,True,True
big-open,anthropic-vuln-scan,case_094,completed,deepseek-v4-pro,high,training-big-open.zip,train/anthropic-vuln-scan/case_094,analyze/ds4_pro/deepseek-v4-pro-0813.zip,True,True
big-open,anthropic-vuln-scan,case_095,completed,deepseek-v4-pro,high,training-big-open.zip,train/anthropic-vuln-scan/case_095,analyze/ds4_pro/deepseek-v4-pro-0813.zip,True,True
big-open,anthropic-vuln-scan,case_096,completed,deepseek-v4-pro,high,training-big-open.zip,train/anthropic-vuln-scan/case_096,analyze/ds4_pro/deepseek-v4-pro-0813.zip,True,True
big-open,anthropic-vuln-scan,case_097,completed,deepseek-v4-pro,high,training-big-open.zip,train/anthropic-vuln-scan/case_097,analyze/ds4_pro/deepseek-v4-pro-0813.zip,True,True
big-open,anthropic-vuln-scan,case_098,completed,deepseek-v4-pro,high,training-big-open.zip,train/anthropic-vuln-scan/case_098,analyze/ds4_pro/deepseek-v4-pro-0813.zip,True,True
big-open,anthropic-vuln-scan,case_099,completed,deepseek-v4-pro,high,training-big-open.zip,train/anthropic-vuln-scan/case_099,analyze/ds4_pro/deepseek-v4-pro-0813.zip,True,True
big-open,anthropic-vuln-scan,case_100,completed,deepseek-v4-pro,high,training-big-open.zip,train/anthropic-vuln-scan/case_100,analyze/ds4_pro/deepseek-v4-pro-0813.zip,True,True
big-open,audit-design-weaknesses,case_001,completed,deepseek-v4-pro,high,training-big-open.zip,train/audit-design-weaknesses/case_001,analyze/ds4_pro/deepseek-v4-pro-0813.zip,True,True
big-open,audit-design-weaknesses,case_002,completed,deepseek-v4-pro,high,training-big-open.zip,train/audit-design-weaknesses/case_002,analyze/ds4_pro/deepseek-v4-pro-0813.zip,True,True
big-open,audit-design-weaknesses,case_003,completed,deepseek-v4-pro,high,training-big-open.zip,train/audit-design-weaknesses/case_003,analyze/ds4_pro/deepseek-v4-pro-0813.zip,True,True
big-open,audit-design-weaknesses,case_004,completed,deepseek-v4-pro,high,training-big-open.zip,train/audit-design-weaknesses/case_004,analyze/ds4_pro/deepseek-v4-pro-0813.zip,True,True
big-open,audit-design-weaknesses,case_005,completed,deepseek-v4-pro,high,training-big-open.zip,train/audit-design-weaknesses/case_005,analyze/ds4_pro/deepseek-v4-pro-0813.zip,True,True
big-open,audit-design-weaknesses,case_006,completed,deepseek-v4-pro,high,training-big-open.zip,train/audit-design-weaknesses/case_006,analyze/ds4_pro/deepseek-v4-pro-0813.zip,True,True
big-open,audit-design-weaknesses,case_007,completed,deepseek-v4-pro,high,training-big-open.zip,train/audit-design-weaknesses/case_007,analyze/ds4_pro/deepseek-v4-pro-0813.zip,True,True
big-open,audit-design-weaknesses,case_008,completed,deepseek-v4-pro,high,training-big-open.zip,train/audit-design-weaknesses/case_008,analyze/ds4_pro/deepseek-v4-pro-0813.zip,True,True
big-open,audit-design-weaknesses,case_009,completed,deepseek-v4-pro,high,training-big-open.zip,train/audit-design-weaknesses/case_009,analyze/ds4_pro/deepseek-v4-pro-0813.zip,True,True
big-open,audit-design-weaknesses,case_010,completed,deepseek-v4-pro,high,training-big-open.zip,train/audit-design-weaknesses/case_010,analyze/ds4_pro/deepseek-v4-pro-0813.zip,True,True
big-open,audit-design-weaknesses,case_011,completed,deepseek-v4-pro,high,training-big-open.zip,train/audit-design-weaknesses/case_011,analyze/ds4_pro/deepseek-v4-pro-0813.zip,True,True
big-open,audit-design-weaknesses,case_012,completed,deepseek-v4-pro,high,training-big-open.zip,train/audit-design-weaknesses/case_012,analyze/ds4_pro/deepseek-v4-pro-0813.zip,True,True
big-open,audit-design-weaknesses,case_013,completed,deepseek-v4-pro,high,training-big-open.zip,train/audit-design-weaknesses/case_013,analyze/ds4_pro/deepseek-v4-pro-0813.zip,True,True
big-open,audit-design-weaknesses,case_014,completed,deepseek-v4-pro,high,training-big-open.zip,train/audit-design-weaknesses/case_014,analyze/ds4_pro/deepseek-v4-pro-0813.zip,True,True
big-open,audit-design-weaknesses,case_015,completed,deepseek-v4-pro,high,training-big-open.zip,train/audit-design-weaknesses/case_015,analyze/ds4_pro/deepseek-v4-pro-0813.zip,True,True
big-open,audit-design-weaknesses,case_016,completed,deepseek-v4-pro,high,training-big-open.zip,train/audit-design-weaknesses/case_016,analyze/ds4_pro/deepseek-v4-pro-0813.zip,True,True
big-open,audit-design-weaknesses,case_017,completed,deepseek-v4-pro,high,training-big-open.zip,train/audit-design-weaknesses/case_017,analyze/ds4_pro/deepseek-v4-pro-0813.zip,True,True
big-open,audit-design-weaknesses,case_018,completed,deepseek-v4-pro,high,training-big-open.zip,train/audit-design-weaknesses/case_018,analyze/ds4_pro/deepseek-v4-pro-0813.zip,True,True
big-open,audit-design-weaknesses,case_019,completed,deepseek-v4-pro,high,training-big-open.zip,train/audit-design-weaknesses/case_019,analyze/ds4_pro/deepseek-v4-pro-0813.zip,True,True
big-open,audit-design-weaknesses,case_020,completed,deepseek-v4-pro,high,training-big-open.zip,train/audit-design-weaknesses/case_020,analyze/ds4_pro/deepseek-v4-pro-0813.zip,True,True
big-open,audit-design-weaknesses,case_021,completed,deepseek-v4-pro,high,training-big-open.zip,train/audit-design-weaknesses/case_021,analyze/ds4_pro/deepseek-v4-pro-0813.zip,True,True
big-open,audit-design-weaknesses,case_022,completed,deepseek-v4-pro,high,training-big-open.zip,train/audit-design-weaknesses/case_022,analyze/ds4_pro/deepseek-v4-pro-0813.zip,True,True
big-open,audit-design-weaknesses,case_023,completed,deepseek-v4-pro,high,training-big-open.zip,train/audit-design-weaknesses/case_023,analyze/ds4_pro/deepseek-v4-pro-0813.zip,True,True
big-open,audit-design-weaknesses,case_024,completed,deepseek-v4-pro,high,training-big-open.zip,train/audit-design-weaknesses/case_024,analyze/ds4_pro/deepseek-v4-pro-0813.zip,True,True
big-open,audit-design-weaknesses,case_025,completed,deepseek-v4-pro,high,training-big-open.zip,train/audit-design-weaknesses/case_025,analyze/ds4_pro/deepseek-v4-pro-0813.zip,True,True
big-open,audit-design-weaknesses,case_026,completed,deepseek-v4-pro,high,training-big-open.zip,train/audit-design-weaknesses/case_026,analyze/ds4_pro/deepseek-v4-pro-0813.zip,True,True
big-open,audit-design-weaknesses,case_027,completed,deepseek-v4-pro,high,training-big-open.zip,train/audit-design-weaknesses/case_027,analyze/ds4_pro/deepseek-v4-pro-0813.zip,True,True
big-open,audit-design-weaknesses,case_028,completed,deepseek-v4-pro,high,training-big-open.zip,train/audit-design-weaknesses/case_028,analyze/ds4_pro/deepseek-v4-pro-0813.zip,True,True
big-open,audit-design-weaknesses,case_029,completed,deepseek-v4-pro,high,training-big-open.zip,train/audit-design-weaknesses/case_029,analyze/ds4_pro/deepseek-v4-pro-0813.zip,True,True
big-open,audit-design-weaknesses,case_030,completed,deepseek-v4-pro,high,training-big-open.zip,train/audit-design-weaknesses/case_030,analyze/ds4_pro/deepseek-v4-pro-0813.zip,True,True
big-open,audit-design-weaknesses,case_031,completed,deepseek-v4-pro,high,training-big-open.zip,train/audit-design-weaknesses/case_031,analyze/ds4_pro/deepseek-v4-pro-0813.zip,True,True
big-open,audit-design-weaknesses,case_032,completed,deepseek-v4-pro,high,training-big-open.zip,train/audit-design-weaknesses/case_032,analyze/ds4_pro/deepseek-v4-pro-0813.zip,True,True
big-open,audit-design-weaknesses,case_033,completed,deepseek-v4-pro,high,training-big-open.zip,train/audit-design-weaknesses/case_033,analyze/ds4_pro/deepseek-v4-pro-0813.zip,True,True
big-open,audit-design-weaknesses,case_034,completed,deepseek-v4-pro,high,training-big-open.zip,train/audit-design-weaknesses/case_034,analyze/ds4_pro/deepseek-v4-pro-0813.zip,True,True
big-open,audit-design-weaknesses,case_035,completed,deepseek-v4-pro,high,training-big-open.zip,train/audit-design-weaknesses/case_035,analyze/ds4_pro/deepseek-v4-pro-0813.zip,True,True
big-open,audit-design-weaknesses,case_036,completed,deepseek-v4-pro,high,training-big-open.zip,train/audit-design-weaknesses/case_036,analyze/ds4_pro/deepseek-v4-pro-0813.zip,True,True
big-open,audit-design-weaknesses,case_037,completed,deepseek-v4-pro,high,training-big-open.zip,train/audit-design-weaknesses/case_037,analyze/ds4_pro/deepseek-v4-pro-0813.zip,True,True
big-open,audit-design-weaknesses,case_038,completed,deepseek-v4-pro,high,training-big-open.zip,train/audit-design-weaknesses/case_038,analyze/ds4_pro/deepseek-v4-pro-0813.zip,True,True
big-open,audit-design-weaknesses,case_039,completed,deepseek-v4-pro,high,training-big-open.zip,train/audit-design-weaknesses/case_039,analyze/ds4_pro/deepseek-v4-pro-0813.zip,True,True
big-open,audit-design-weaknesses,case_040,completed,deepseek-v4-pro,high,training-big-open.zip,train/audit-design-weaknesses/case_040,analyze/ds4_pro/deepseek-v4-pro-0813.zip,True,True
big-open,audit-design-weaknesses,case_041,completed,deepseek-v4-pro,high,training-big-open.zip,train/audit-design-weaknesses/case_041,analyze/ds4_pro/deepseek-v4-pro-0813.zip,True,True
big-open,audit-design-weaknesses,case_042,completed,deepseek-v4-pro,high,training-big-open.zip,train/audit-design-weaknesses/case_042,analyze/ds4_pro/deepseek-v4-pro-0813.zip,True,True
big-open,audit-design-weaknesses,case_043,completed,deepseek-v4-pro,high,training-big-open.zip,train/audit-design-weaknesses/case_043,analyze/ds4_pro/deepseek-v4-pro-0813.zip,True,True
big-open,audit-design-weaknesses,case_044,completed,deepseek-v4-pro,high,training-big-open.zip,train/audit-design-weaknesses/case_044,analyze/ds4_pro/deepseek-v4-pro-0813.zip,True,True
big-open,audit-design-weaknesses,case_045,completed,deepseek-v4-pro,high,training-big-open.zip,train/audit-design-weaknesses/case_045,analyze/ds4_pro/deepseek-v4-pro-0813.zip,True,True
big-open,audit-design-weaknesses,case_046,completed,deepseek-v4-pro,high,training-big-open.zip,train/audit-design-weaknesses/case_046,analyze/ds4_pro/deepseek-v4-pro-0813.zip,True,True
big-open,audit-design-weaknesses,case_047,completed,deepseek-v4-pro,high,training-big-open.zip,train/audit-design-weaknesses/case_047,analyze/ds4_pro/deepseek-v4-pro-0813.zip,True,True
big-open,audit-design-weaknesses,case_048,completed,deepseek-v4-pro,high,training-big-open.zip,train/audit-design-weaknesses/case_048,analyze/ds4_pro/deepseek-v4-pro-0813.zip,True,True
big-open,audit-design-weaknesses,case_049,completed,deepseek-v4-pro,high,training-big-open.zip,train/audit-design-weaknesses/case_049,analyze/ds4_pro/deepseek-v4-pro-0813.zip,True,True
big-open,audit-design-weaknesses,case_050,completed,deepseek-v4-pro,high,training-big-open.zip,train/audit-design-weaknesses/case_050,analyze/ds4_pro/deepseek-v4-pro-0813.zip,True,True
big-open,audit-design-weaknesses,case_051,completed,deepseek-v4-pro,high,training-big-open.zip,train/audit-design-weaknesses/case_051,analyze/ds4_pro/deepseek-v4-pro-0813.zip,True,True
big-open,audit-design-weaknesses,case_052,completed,deepseek-v4-pro,high,training-big-open.zip,train/audit-design-weaknesses/case_052,analyze/ds4_pro/deepseek-v4-pro-0813.zip,True,True
big-open,audit-design-weaknesses,case_053,completed,deepseek-v4-pro,high,training-big-open.zip,train/audit-design-weaknesses/case_053,analyze/ds4_pro/deepseek-v4-pro-0813.zip,True,True
big-open,audit-design-weaknesses,case_054,completed,deepseek-v4-pro,high,training-big-open.zip,train/audit-design-weaknesses/case_054,analyze/ds4_pro/deepseek-v4-pro-0813.zip,True,True
big-open,audit-design-weaknesses,case_055,completed,deepseek-v4-pro,high,training-big-open.zip,train/audit-design-weaknesses/case_055,analyze/ds4_pro/deepseek-v4-pro-0813.zip,True,True
big-open,audit-design-weaknesses,case_056,completed,deepseek-v4-pro,high,training-big-open.zip,train/audit-design-weaknesses/case_056,analyze/ds4_pro/deepseek-v4-pro-0813.zip,True,True
big-open,audit-design-weaknesses,case_057,completed,deepseek-v4-pro,high,training-big-open.zip,train/audit-design-weaknesses/case_057,analyze/ds4_pro/deepseek-v4-pro-0813.zip,True,True
big-open,audit-design-weaknesses,case_058,completed,deepseek-v4-pro,high,training-big-open.zip,train/audit-design-weaknesses/case_058,analyze/ds4_pro/deepseek-v4-pro-0813.zip,True,True
big-open,audit-design-weaknesses,case_059,completed,deepseek-v4-pro,high,training-big-open.zip,train/audit-design-weaknesses/case_059,analyze/ds4_pro/deepseek-v4-pro-0813.zip,True,True
big-open,audit-design-weaknesses,case_060,completed,deepseek-v4-pro,high,training-big-open.zip,train/audit-design-weaknesses/case_060,analyze/ds4_pro/deepseek-v4-pro-0813.zip,True,True
big-open,audit-design-weaknesses,case_061,completed,deepseek-v4-pro,high,training-big-open.zip,train/audit-design-weaknesses/case_061,analyze/ds4_pro/deepseek-v4-pro-0813.zip,True,True
big-open,audit-design-weaknesses,case_062,completed,deepseek-v4-pro,high,training-big-open.zip,train/audit-design-weaknesses/case_062,analyze/ds4_pro/deepseek-v4-pro-0813.zip,True,True
big-open,audit-design-weaknesses,case_063,completed,deepseek-v4-pro,high,training-big-open.zip,train/audit-design-weaknesses/case_063,analyze/ds4_pro/deepseek-v4-pro-0813.zip,True,True
big-open,audit-design-weaknesses,case_064,completed,deepseek-v4-pro,high,training-big-open.zip,train/audit-design-weaknesses/case_064,analyze/ds4_pro/deepseek-v4-pro-0813.zip,True,True
big-open,audit-design-weaknesses,case_065,completed,deepseek-v4-pro,high,training-big-open.zip,train/audit-design-weaknesses/case_065,analyze/ds4_pro/deepseek-v4-pro-0813.zip,True,True
big-open,audit-design-weaknesses,case_066,completed,deepseek-v4-pro,high,training-big-open.zip,train/audit-design-weaknesses/case_066,analyze/ds4_pro/deepseek-v4-pro-0813.zip,True,True
big-open,audit-design-weaknesses,case_067,completed,deepseek-v4-pro,high,training-big-open.zip,train/audit-design-weaknesses/case_067,analyze/ds4_pro/deepseek-v4-pro-0813.zip,True,True
big-open,audit-design-weaknesses,case_068,completed,deepseek-v4-pro,high,training-big-open.zip,train/audit-design-weaknesses/case_068,analyze/ds4_pro/deepseek-v4-pro-0813.zip,True,True
big-open,audit-design-weaknesses,case_069,completed,deepseek-v4-pro,high,training-big-open.zip,train/audit-design-weaknesses/case_069,analyze/ds4_pro/deepseek-v4-pro-0813.zip,True,True
big-open,audit-design-weaknesses,case_070,completed,deepseek-v4-pro,high,training-big-open.zip,train/audit-design-weaknesses/case_070,analyze/ds4_pro/deepseek-v4-pro-0813.zip,True,True
big-open,audit-design-weaknesses,case_071,completed,deepseek-v4-pro,high,training-big-open.zip,train/audit-design-weaknesses/case_071,analyze/ds4_pro/deepseek-v4-pro-0813.zip,True,True
big-open,audit-design-weaknesses,case_072,completed,deepseek-v4-pro,high,training-big-open.zip,train/audit-design-weaknesses/case_072,analyze/ds4_pro/deepseek-v4-pro-0813.zip,True,True
big-open,audit-design-weaknesses,case_073,completed,deepseek-v4-pro,high,training-big-open.zip,train/audit-design-weaknesses/case_073,analyze/ds4_pro/deepseek-v4-pro-0813.zip,True,True
big-open,audit-design-weaknesses,case_074,completed,deepseek-v4-pro,high,training-big-open.zip,train/audit-design-weaknesses/case_074,analyze/ds4_pro/deepseek-v4-pro-0813.zip,True,True
big-open,audit-design-weaknesses,case_075,completed,deepseek-v4-pro,high,training-big-open.zip,train/audit-design-weaknesses/case_075,analyze/ds4_pro/deepseek-v4-pro-0813.zip,True,True
big-open,audit-design-weaknesses,case_076,completed,deepseek-v4-pro,high,training-big-open.zip,train/audit-design-weaknesses/case_076,analyze/ds4_pro/deepseek-v4-pro-0813.zip,True,True
big-open,audit-design-weaknesses,case_077,completed,deepseek-v4-pro,high,training-big-open.zip,train/audit-design-weaknesses/case_077,analyze/ds4_pro/deepseek-v4-pro-0813.zip,True,True
big-open,audit-design-weaknesses,case_078,completed,deepseek-v4-pro,high,training-big-open.zip,train/audit-design-weaknesses/case_078,analyze/ds4_pro/deepseek-v4-pro-0813.zip,True,True
big-open,audit-design-weaknesses,case_079,completed,deepseek-v4-pro,high,training-big-open.zip,train/audit-design-weaknesses/case_079,analyze/ds4_pro/deepseek-v4-pro-0813.zip,True,True
big-open,audit-design-weaknesses,case_080,completed,deepseek-v4-pro,high,training-big-open.zip,train/audit-design-weaknesses/case_080,analyze/ds4_pro/deepseek-v4-pro-0813.zip,True,True
big-open,audit-design-weaknesses,case_081,completed,deepseek-v4-pro,high,training-big-open.zip,train/audit-design-weaknesses/case_081,analyze/ds4_pro/deepseek-v4-pro-0813.zip,True,True
big-open,audit-design-weaknesses,case_082,completed,deepseek-v4-pro,high,training-big-open.zip,train/audit-design-weaknesses/case_082,analyze/ds4_pro/deepseek-v4-pro-0813.zip,True,True
big-open,audit-design-weaknesses,case_083,completed,deepseek-v4-pro,high,training-big-open.zip,train/audit-design-weaknesses/case_083,analyze/ds4_pro/deepseek-v4-pro-0813.zip,True,True
big-open,audit-design-weaknesses,case_084,completed,deepseek-v4-pro,high,training-big-open.zip,train/audit-design-weaknesses/case_084,analyze/ds4_pro/deepseek-v4-pro-0813.zip,True,True
big-open,audit-design-weaknesses,case_085,completed,deepseek-v4-pro,high,training-big-open.zip,train/audit-design-weaknesses/case_085,analyze/ds4_pro/deepseek-v4-pro-0813.zip,True,True
big-open,audit-design-weaknesses,case_086,completed,deepseek-v4-pro,high,training-big-open.zip,train/audit-design-weaknesses/case_086,analyze/ds4_pro/deepseek-v4-pro-0813.zip,True,True
big-open,audit-design-weaknesses,case_087,completed,deepseek-v4-pro,high,training-big-open.zip,train/audit-design-weaknesses/case_087,analyze/ds4_pro/deepseek-v4-pro-0813.zip,True,True
big-open,audit-design-weaknesses,case_088,completed,deepseek-v4-pro,high,training-big-open.zip,train/audit-design-weaknesses/case_088,analyze/ds4_pro/deepseek-v4-pro-0813.zip,True,True
big-open,audit-design-weaknesses,case_089,completed,deepseek-v4-pro,high,training-big-open.zip,train/audit-design-weaknesses/case_089,analyze/ds4_pro/deepseek-v4-pro-0813.zip,True,True
big-open,audit-design-weaknesses,case_090,completed,deepseek-v4-pro,high,training-big-open.zip,train/audit-design-weaknesses/case_090,analyze/ds4_pro/deepseek-v4-pro-0813.zip,True,True
big-open,audit-design-weaknesses,case_091,completed,deepseek-v4-pro,high,training-big-open.zip,train/audit-design-weaknesses/case_091,analyze/ds4_pro/deepseek-v4-pro-0813.zip,True,True
big-open,audit-design-weaknesses,case_092,completed,deepseek-v4-pro,high,training-big-open.zip,train/audit-design-weaknesses/case_092,analyze/ds4_pro/deepseek-v4-pro-0813.zip,True,True
big-open,audit-design-weaknesses,case_093,completed,deepseek-v4-pro,high,training-big-open.zip,train/audit-design-weaknesses/case_093,analyze/ds4_pro/deepseek-v4-pro-0813.zip,True,True
big-open,audit-design-weaknesses,case_094,completed,deepseek-v4-pro,high,training-big-open.zip,train/audit-design-weaknesses/case_094,analyze/ds4_pro/deepseek-v4-pro-0813.zip,True,True
big-open,audit-design-weaknesses,case_095,completed,deepseek-v4-pro,high,training-big-open.zip,train/audit-design-weaknesses/case_095,analyze/ds4_pro/deepseek-v4-pro-0813.zip,True,True
big-open,audit-design-weaknesses,case_096,completed,deepseek-v4-pro,high,training-big-open.zip,train/audit-design-weaknesses/case_096,analyze/ds4_pro/deepseek-v4-pro-0813.zip,True,True
big-open,audit-design-weaknesses,case_097,completed,deepseek-v4-pro,high,training-big-open.zip,train/audit-design-weaknesses/case_097,analyze/ds4_pro/deepseek-v4-pro-0813.zip,True,True
big-open,audit-design-weaknesses,case_098,completed,deepseek-v4-pro,high,training-big-open.zip,train/audit-design-weaknesses/case_098,analyze/ds4_pro/deepseek-v4-pro-0813.zip,True,True
big-open,audit-design-weaknesses,case_099,completed,deepseek-v4-pro,high,training-big-open.zip,train/audit-design-weaknesses/case_099,analyze/ds4_pro/deepseek-v4-pro-0813.zip,True,True
big-open,audit-design-weaknesses,case_100,completed,deepseek-v4-pro,high,training-big-open.zip,train/audit-design-weaknesses/case_100,analyze/ds4_pro/deepseek-v4-pro-0813.zip,True,True
big-open,bug-hunter-hunter,case_001,completed,deepseek-v4-pro,high,training-big-open.zip,train/bug-hunter-hunter/case_001,analyze/ds4_pro/deepseek-v4-pro-0813.zip,True,True
big-open,bug-hunter-hunter,case_002,completed,deepseek-v4-pro,high,training-big-open.zip,train/bug-hunter-hunter/case_002,analyze/ds4_pro/deepseek-v4-pro-0813.zip,True,True
big-open,bug-hunter-hunter,case_003,completed,deepseek-v4-pro,high,training-big-open.zip,train/bug-hunter-hunter/case_003,analyze/ds4_pro/deepseek-v4-pro-0813.zip,True,True
big-open,bug-hunter-hunter,case_004,completed,deepseek-v4-pro,high,training-big-open.zip,train/bug-hunter-hunter/case_004,analyze/ds4_pro/deepseek-v4-pro-0813.zip,True,True
big-open,bug-hunter-hunter,case_005,completed,deepseek-v4-pro,high,training-big-open.zip,train/bug-hunter-hunter/case_005,analyze/ds4_pro/deepseek-v4-pro-0813.zip,True,True
big-open,bug-hunter-hunter,case_006,completed,deepseek-v4-pro,high,training-big-open.zip,train/bug-hunter-hunter/case_006,analyze/ds4_pro/deepseek-v4-pro-0813.zip,True,True
big-open,bug-hunter-hunter,case_007,completed,deepseek-v4-pro,high,training-big-open.zip,train/bug-hunter-hunter/case_007,analyze/ds4_pro/deepseek-v4-pro-0813.zip,True,True
big-open,bug-hunter-hunter,case_008,completed,deepseek-v4-pro,high,training-big-open.zip,train/bug-hunter-hunter/case_008,analyze/ds4_pro/deepseek-v4-pro-0813.zip,True,True
big-open,bug-hunter-hunter,case_009,completed,deepseek-v4-pro,high,training-big-open.zip,train/bug-hunter-hunter/case_009,analyze/ds4_pro/deepseek-v4-pro-0813.zip,True,True
big-open,bug-hunter-hunter,case_010,completed,deepseek-v4-pro,high,training-big-open.zip,train/bug-hunter-hunter/case_010,analyze/ds4_pro/deepseek-v4-pro-0813.zip,True,True
big-open,bug-hunter-hunter,case_011,completed,deepseek-v4-pro,high,training-big-open.zip,train/bug-hunter-hunter/case_011,analyze/ds4_pro/deepseek-v4-pro-0813.zip,True,True
big-open,bug-hunter-hunter,case_012,completed,deepseek-v4-pro,high,training-big-open.zip,train/bug-hunter-hunter/case_012,analyze/ds4_pro/deepseek-v4-pro-0813.zip,True,True
big-open,bug-hunter-hunter,case_013,completed,deepseek-v4-pro,high,training-big-open.zip,train/bug-hunter-hunter/case_013,analyze/ds4_pro/deepseek-v4-pro-0813.zip,True,True
big-open,bug-hunter-hunter,case_014,completed,deepseek-v4-pro,high,training-big-open.zip,train/bug-hunter-hunter/case_014,analyze/ds4_pro/deepseek-v4-pro-0813.zip,True,True
big-open,bug-hunter-hunter,case_015,completed,deepseek-v4-pro,high,training-big-open.zip,train/bug-hunter-hunter/case_015,analyze/ds4_pro/deepseek-v4-pro-0813.zip,True,True
big-open,bug-hunter-hunter,case_016,completed,deepseek-v4-pro,high,training-big-open.zip,train/bug-hunter-hunter/case_016,analyze/ds4_pro/deepseek-v4-pro-0813.zip,True,True
big-open,bug-hunter-hunter,case_017,completed,deepseek-v4-pro,high,training-big-open.zip,train/bug-hunter-hunter/case_017,analyze/ds4_pro/deepseek-v4-pro-0813.zip,True,True
big-open,bug-hunter-hunter,case_018,completed,deepseek-v4-pro,high,training-big-open.zip,train/bug-hunter-hunter/case_018,analyze/ds4_pro/deepseek-v4-pro-0813.zip,True,True
big-open,bug-hunter-hunter,case_019,completed,deepseek-v4-pro,high,training-big-open.zip,train/bug-hunter-hunter/case_019,analyze/ds4_pro/deepseek-v4-pro-0813.zip,True,True
big-open,bug-hunter-hunter,case_020,completed,deepseek-v4-pro,high,training-big-open.zip,train/bug-hunter-hunter/case_020,analyze/ds4_pro/deepseek-v4-pro-0813.zip,True,True
big-open,bug-hunter-hunter,case_021,completed,deepseek-v4-pro,high,training-big-open.zip,train/bug-hunter-hunter/case_021,analyze/ds4_pro/deepseek-v4-pro-0813.zip,True,True
big-open,bug-hunter-hunter,case_022,completed,deepseek-v4-pro,high,training-big-open.zip,train/bug-hunter-hunter/case_022,analyze/ds4_pro/deepseek-v4-pro-0813.zip,True,True
big-open,bug-hunter-hunter,case_023,completed,deepseek-v4-pro,high,training-big-open.zip,train/bug-hunter-hunter/case_023,analyze/ds4_pro/deepseek-v4-pro-0813.zip,True,True
big-open,bug-hunter-hunter,case_024,completed,deepseek-v4-pro,high,training-big-open.zip,train/bug-hunter-hunter/case_024,analyze/ds4_pro/deepseek-v4-pro-0813.zip,True,True
big-open,bug-hunter-hunter,case_025,completed,deepseek-v4-pro,high,training-big-open.zip,train/bug-hunter-hunter/case_025,analyze/ds4_pro/deepseek-v4-pro-0813.zip,True,True
big-open,bug-hunter-hunter,case_026,completed,deepseek-v4-pro,high,training-big-open.zip,train/bug-hunter-hunter/case_026,analyze/ds4_pro/deepseek-v4-pro-0813.zip,True,True
big-open,bug-hunter-hunter,case_027,completed,deepseek-v4-pro,high,training-big-open.zip,train/bug-hunter-hunter/case_027,analyze/ds4_pro/deepseek-v4-pro-0813.zip,True,True
big-open,bug-hunter-hunter,case_028,completed,deepseek-v4-pro,high,training-big-open.zip,train/bug-hunter-hunter/case_028,analyze/ds4_pro/deepseek-v4-pro-0813.zip,True,True
big-open,bug-hunter-hunter,case_029,completed,deepseek-v4-pro,high,training-big-open.zip,train/bug-hunter-hunter/case_029,analyze/ds4_pro/deepseek-v4-pro-0813.zip,True,True
big-open,bug-hunter-hunter,case_030,completed,deepseek-v4-pro,high,training-big-open.zip,train/bug-hunter-hunter/case_030,analyze/ds4_pro/deepseek-v4-pro-0813.zip,True,True
big-open,bug-hunter-hunter,case_031,completed,deepseek-v4-pro,high,training-big-open.zip,train/bug-hunter-hunter/case_031,analyze/ds4_pro/deepseek-v4-pro-0813.zip,True,True
big-open,bug-hunter-hunter,case_032,completed,deepseek-v4-pro,high,training-big-open.zip,train/bug-hunter-hunter/case_032,analyze/ds4_pro/deepseek-v4-pro-0813.zip,True,True
big-open,bug-hunter-hunter,case_033,completed,deepseek-v4-pro,high,training-big-open.zip,train/bug-hunter-hunter/case_033,analyze/ds4_pro/deepseek-v4-pro-0813.zip,True,True
big-open,bug-hunter-hunter,case_034,completed,deepseek-v4-pro,high,training-big-open.zip,train/bug-hunter-hunter/case_034,analyze/ds4_pro/deepseek-v4-pro-0813.zip,True,True
big-open,bug-hunter-hunter,case_035,completed,deepseek-v4-pro,high,training-big-open.zip,train/bug-hunter-hunter/case_035,analyze/ds4_pro/deepseek-v4-pro-0813.zip,True,True
big-open,bug-hunter-hunter,case_036,completed,deepseek-v4-pro,high,training-big-open.zip,train/bug-hunter-hunter/case_036,analyze/ds4_pro/deepseek-v4-pro-0813.zip,True,True
big-open,bug-hunter-hunter,case_037,completed,deepseek-v4-pro,high,training-big-open.zip,train/bug-hunter-hunter/case_037,analyze/ds4_pro/deepseek-v4-pro-0813.zip,True,True
big-open,bug-hunter-hunter,case_038,completed,deepseek-v4-pro,high,training-big-open.zip,train/bug-hunter-hunter/case_038,analyze/ds4_pro/deepseek-v4-pro-0813.zip,True,True
big-open,bug-hunter-hunter,case_039,completed,deepseek-v4-pro,high,training-big-open.zip,train/bug-hunter-hunter/case_039,analyze/ds4_pro/deepseek-v4-pro-0813.zip,True,True
big-open,bug-hunter-hunter,case_040,completed,deepseek-v4-pro,high,training-big-open.zip,train/bug-hunter-hunter/case_040,analyze/ds4_pro/deepseek-v4-pro-0813.zip,True,True
big-open,bug-hunter-hunter,case_041,completed,deepseek-v4-pro,high,training-big-open.zip,train/bug-hunter-hunter/case_041,analyze/ds4_pro/deepseek-v4-pro-0813.zip,True,True
big-open,bug-hunter-hunter,case_042,completed,deepseek-v4-pro,high,training-big-open.zip,train/bug-hunter-hunter/case_042,analyze/ds4_pro/deepseek-v4-pro-0813.zip,True,True
big-open,bug-hunter-hunter,case_043,completed,deepseek-v4-pro,high,training-big-open.zip,train/bug-hunter-hunter/case_043,analyze/ds4_pro/deepseek-v4-pro-0813.zip,True,True
big-open,bug-hunter-hunter,case_044,completed,deepseek-v4-pro,high,training-big-open.zip,train/bug-hunter-hunter/case_044,analyze/ds4_pro/deepseek-v4-pro-0813.zip,True,True
big-open,bug-hunter-hunter,case_045,completed,deepseek-v4-pro,high,training-big-open.zip,train/bug-hunter-hunter/case_045,analyze/ds4_pro/deepseek-v4-pro-0813.zip,True,True
big-open,bug-hunter-hunter,case_046,completed,deepseek-v4-pro,high,training-big-open.zip,train/bug-hunter-hunter/case_046,analyze/ds4_pro/deepseek-v4-pro-0813.zip,True,True
big-open,bug-hunter-hunter,case_047,completed,deepseek-v4-pro,high,training-big-open.zip,train/bug-hunter-hunter/case_047,analyze/ds4_pro/deepseek-v4-pro-0813.zip,True,True
big-open,bug-hunter-hunter,case_048,completed,deepseek-v4-pro,high,training-big-open.zip,train/bug-hunter-hunter/case_048,analyze/ds4_pro/deepseek-v4-pro-0813.zip,True,True
big-open,bug-hunter-hunter,case_049,completed,deepseek-v4-pro,high,training-big-open.zip,train/bug-hunter-hunter/case_049,analyze/ds4_pro/deepseek-v4-pro-0813.zip,True,True
big-open,bug-hunter-hunter,case_050,completed,deepseek-v4-pro,high,training-big-open.zip,train/bug-hunter-hunter/case_050,analyze/ds4_pro/deepseek-v4-pro-0813.zip,True,True
big-open,bug-hunter-hunter,case_051,completed,deepseek-v4-pro,high,training-big-open.zip,train/bug-hunter-hunter/case_051,analyze/ds4_pro/deepseek-v4-pro-0813.zip,True,True
big-open,bug-hunter-hunter,case_052,completed,deepseek-v4-pro,high,training-big-open.zip,train/bug-hunter-hunter/case_052,analyze/ds4_pro/deepseek-v4-pro-0813.zip,True,True
big-open,bug-hunter-hunter,case_053,completed,deepseek-v4-pro,high,training-big-open.zip,train/bug-hunter-hunter/case_053,analyze/ds4_pro/deepseek-v4-pro-0813.zip,True,True
big-open,bug-hunter-hunter,case_054,completed,deepseek-v4-pro,high,training-big-open.zip,train/bug-hunter-hunter/case_054,analyze/ds4_pro/deepseek-v4-pro-0813.zip,True,True
big-open,bug-hunter-hunter,case_055,completed,deepseek-v4-pro,high,training-big-open.zip,train/bug-hunter-hunter/case_055,analyze/ds4_pro/deepseek-v4-pro-0813.zip,True,True
big-open,bug-hunter-hunter,case_056,completed,deepseek-v4-pro,high,training-big-open.zip,train/bug-hunter-hunter/case_056,analyze/ds4_pro/deepseek-v4-pro-0813.zip,True,True
big-open,bug-hunter-hunter,case_057,completed,deepseek-v4-pro,high,training-big-open.zip,train/bug-hunter-hunter/case_057,analyze/ds4_pro/deepseek-v4-pro-0813.zip,True,True
big-open,bug-hunter-hunter,case_058,completed,deepseek-v4-pro,high,training-big-open.zip,train/bug-hunter-hunter/case_058,analyze/ds4_pro/deepseek-v4-pro-0813.zip,True,True
big-open,bug-hunter-hunter,case_059,completed,deepseek-v4-pro,high,training-big-open.zip,train/bug-hunter-hunter/case_059,analyze/ds4_pro/deepseek-v4-pro-0813.zip,True,True
big-open,bug-hunter-hunter,case_060,completed,deepseek-v4-pro,high,training-big-open.zip,train/bug-hunter-hunter/case_060,analyze/ds4_pro/deepseek-v4-pro-0813.zip,True,True
big-open,bug-hunter-hunter,case_061,completed,deepseek-v4-pro,high,training-big-open.zip,train/bug-hunter-hunter/case_061,analyze/ds4_pro/deepseek-v4-pro-0813.zip,True,True
big-open,bug-hunter-hunter,case_062,completed,deepseek-v4-pro,high,training-big-open.zip,train/bug-hunter-hunter/case_062,analyze/ds4_pro/deepseek-v4-pro-0813.zip,True,True
big-open,bug-hunter-hunter,case_063,completed,deepseek-v4-pro,high,training-big-open.zip,train/bug-hunter-hunter/case_063,analyze/ds4_pro/deepseek-v4-pro-0813.zip,True,True
big-open,bug-hunter-hunter,case_064,completed,deepseek-v4-pro,high,training-big-open.zip,train/bug-hunter-hunter/case_064,analyze/ds4_pro/deepseek-v4-pro-0813.zip,True,True
big-open,bug-hunter-hunter,case_065,completed,deepseek-v4-pro,high,training-big-open.zip,train/bug-hunter-hunter/case_065,analyze/ds4_pro/deepseek-v4-pro-0813.zip,True,True
big-open,bug-hunter-hunter,case_066,completed,deepseek-v4-pro,high,training-big-open.zip,train/bug-hunter-hunter/case_066,analyze/ds4_pro/deepseek-v4-pro-0813.zip,True,True
big-open,bug-hunter-hunter,case_067,completed,deepseek-v4-pro,high,training-big-open.zip,train/bug-hunter-hunter/case_067,analyze/ds4_pro/deepseek-v4-pro-0813.zip,True,True
big-open,bug-hunter-hunter,case_068,completed,deepseek-v4-pro,high,training-big-open.zip,train/bug-hunter-hunter/case_068,analyze/ds4_pro/deepseek-v4-pro-0813.zip,True,True
big-open,bug-hunter-hunter,case_069,completed,deepseek-v4-pro,high,training-big-open.zip,train/bug-hunter-hunter/case_069,analyze/ds4_pro/deepseek-v4-pro-0813.zip,True,True
big-open,bug-hunter-hunter,case_070,completed,deepseek-v4-pro,high,training-big-open.zip,train/bug-hunter-hunter/case_070,analyze/ds4_pro/deepseek-v4-pro-0813.zip,True,True
big-open,bug-hunter-hunter,case_071,completed,deepseek-v4-pro,high,training-big-open.zip,train/bug-hunter-hunter/case_071,analyze/ds4_pro/deepseek-v4-pro-0813.zip,True,True
big-open,bug-hunter-hunter,case_072,completed,deepseek-v4-pro,high,training-big-open.zip,train/bug-hunter-hunter/case_072,analyze/ds4_pro/deepseek-v4-pro-0813.zip,True,True
big-open,bug-hunter-hunter,case_073,completed,deepseek-v4-pro,high,training-big-open.zip,train/bug-hunter-hunter/case_073,analyze/ds4_pro/deepseek-v4-pro-0813.zip,True,True
big-open,bug-hunter-hunter,case_074,completed,deepseek-v4-pro,high,training-big-open.zip,train/bug-hunter-hunter/case_074,analyze/ds4_pro/deepseek-v4-pro-0813.zip,True,True
big-open,bug-hunter-hunter,case_075,completed,deepseek-v4-pro,high,training-big-open.zip,train/bug-hunter-hunter/case_075,analyze/ds4_pro/deepseek-v4-pro-0813.zip,True,True
big-open,bug-hunter-hunter,case_076,completed,deepseek-v4-pro,high,training-big-open.zip,train/bug-hunter-hunter/case_076,analyze/ds4_pro/deepseek-v4-pro-0813.zip,True,True
big-open,bug-hunter-hunter,case_077,completed,deepseek-v4-pro,high,training-big-open.zip,train/bug-hunter-hunter/case_077,analyze/ds4_pro/deepseek-v4-pro-0813.zip,True,True
big-open,bug-hunter-hunter,case_078,completed,deepseek-v4-pro,high,training-big-open.zip,train/bug-hunter-hunter/case_078,analyze/ds4_pro/deepseek-v4-pro-0813.zip,True,True
big-open,bug-hunter-hunter,case_079,completed,deepseek-v4-pro,high,training-big-open.zip,train/bug-hunter-hunter/case_079,analyze/ds4_pro/deepseek-v4-pro-0813.zip,True,True
big-open,bug-hunter-hunter,case_080,completed,deepseek-v4-pro,high,training-big-open.zip,train/bug-hunter-hunter/case_080,analyze/ds4_pro/deepseek-v4-pro-0813.zip,True,True
big-open,bug-hunter-hunter,case_081,completed,deepseek-v4-pro,high,training-big-open.zip,train/bug-hunter-hunter/case_081,analyze/ds4_pro/deepseek-v4-pro-0813.zip,True,True
big-open,bug-hunter-hunter,case_082,completed,deepseek-v4-pro,high,training-big-open.zip,train/bug-hunter-hunter/case_082,analyze/ds4_pro/deepseek-v4-pro-0813.zip,True,True
big-open,bug-hunter-hunter,case_083,completed,deepseek-v4-pro,high,training-big-open.zip,train/bug-hunter-hunter/case_083,analyze/ds4_pro/deepseek-v4-pro-0813.zip,True,True
big-open,bug-hunter-hunter,case_084,completed,deepseek-v4-pro,high,training-big-open.zip,train/bug-hunter-hunter/case_084,analyze/ds4_pro/deepseek-v4-pro-0813.zip,True,True
big-open,bug-hunter-hunter,case_085,completed,deepseek-v4-pro,high,training-big-open.zip,train/bug-hunter-hunter/case_085,analyze/ds4_pro/deepseek-v4-pro-0813.zip,True,True
big-open,bug-hunter-hunter,case_086,completed,deepseek-v4-pro,high,training-big-open.zip,train/bug-hunter-hunter/case_086,analyze/ds4_pro/deepseek-v4-pro-0813.zip,True,True
big-open,bug-hunter-hunter,case_087,completed,deepseek-v4-pro,high,training-big-open.zip,train/bug-hunter-hunter/case_087,analyze/ds4_pro/deepseek-v4-pro-0813.zip,True,True
big-open,bug-hunter-hunter,case_088,completed,deepseek-v4-pro,high,training-big-open.zip,train/bug-hunter-hunter/case_088,analyze/ds4_pro/deepseek-v4-pro-0813.zip,True,True
big-open,bug-hunter-hunter,case_089,completed,deepseek-v4-pro,high,training-big-open.zip,train/bug-hunter-hunter/case_089,analyze/ds4_pro/deepseek-v4-pro-0813.zip,True,True
big-open,bug-hunter-hunter,case_090,completed,deepseek-v4-pro,high,training-big-open.zip,train/bug-hunter-hunter/case_090,analyze/ds4_pro/deepseek-v4-pro-0813.zip,True,True
big-open,bug-hunter-hunter,case_091,completed,deepseek-v4-pro,high,training-big-open.zip,train/bug-hunter-hunter/case_091,analyze/ds4_pro/deepseek-v4-pro-0813.zip,True,True
big-open,bug-hunter-hunter,case_092,completed,deepseek-v4-pro,high,training-big-open.zip,train/bug-hunter-hunter/case_092,analyze/ds4_pro/deepseek-v4-pro-0813.zip,True,True
big-open,bug-hunter-hunter,case_093,completed,deepseek-v4-pro,high,training-big-open.zip,train/bug-hunter-hunter/case_093,analyze/ds4_pro/deepseek-v4-pro-0813.zip,True,True
big-open,bug-hunter-hunter,case_094,completed,deepseek-v4-pro,high,training-big-open.zip,train/bug-hunter-hunter/case_094,analyze/ds4_pro/deepseek-v4-pro-0813.zip,True,True
big-open,bug-hunter-hunter,case_095,completed,deepseek-v4-pro,high,training-big-open.zip,train/bug-hunter-hunter/case_095,analyze/ds4_pro/deepseek-v4-pro-0813.zip,True,True
big-open,bug-hunter-hunter,case_096,completed,deepseek-v4-pro,high,training-big-open.zip,train/bug-hunter-hunter/case_096,analyze/ds4_pro/deepseek-v4-pro-0813.zip,True,True
big-open,bug-hunter-hunter,case_097,completed,deepseek-v4-pro,high,training-big-open.zip,train/bug-hunter-hunter/case_097,analyze/ds4_pro/deepseek-v4-pro-0813.zip,True,True
big-open,bug-hunter-hunter,case_098,completed,deepseek-v4-pro,high,training-big-open.zip,train/bug-hunter-hunter/case_098,analyze/ds4_pro/deepseek-v4-pro-0813.zip,True,True
big-open,bug-hunter-hunter,case_099,completed,deepseek-v4-pro,high,training-big-open.zip,train/bug-hunter-hunter/case_099,analyze/ds4_pro/deepseek-v4-pro-0813.zip,True,True
big-open,bug-hunter-hunter,case_100,completed,deepseek-v4-pro,high,training-big-open.zip,train/bug-hunter-hunter/case_100,analyze/ds4_pro/deepseek-v4-pro-0813.zip,True,True
big-open,code-security-review,case_001,completed,deepseek-v4-pro,high,training-big-open.zip,train/code-security-review/case_001,analyze/ds4_pro/deepseek-v4-pro-0813.zip,True,True
big-open,code-security-review,case_002,completed,deepseek-v4-pro,high,training-big-open.zip,train/code-security-review/case_002,analyze/ds4_pro/deepseek-v4-pro-0813.zip,True,True
big-open,code-security-review,case_003,completed,deepseek-v4-pro,high,training-big-open.zip,train/code-security-review/case_003,analyze/ds4_pro/deepseek-v4-pro-0813.zip,True,True
big-open,code-security-review,case_004,completed,deepseek-v4-pro,high,training-big-open.zip,train/code-security-review/case_004,analyze/ds4_pro/deepseek-v4-pro-0813.zip,True,True
big-open,code-security-review,case_005,completed,deepseek-v4-pro,high,training-big-open.zip,train/code-security-review/case_005,analyze/ds4_pro/deepseek-v4-pro-0813.zip,True,True
big-open,code-security-review,case_006,completed,deepseek-v4-pro,high,training-big-open.zip,train/code-security-review/case_006,analyze/ds4_pro/deepseek-v4-pro-0813.zip,True,True
big-open,code-security-review,case_007,completed,deepseek-v4-pro,high,training-big-open.zip,train/code-security-review/case_007,analyze/ds4_pro/deepseek-v4-pro-0813.zip,True,True
big-open,code-security-review,case_008,completed,deepseek-v4-pro,high,training-big-open.zip,train/code-security-review/case_008,analyze/ds4_pro/deepseek-v4-pro-0813.zip,True,True
big-open,code-security-review,case_009,completed,deepseek-v4-pro,high,training-big-open.zip,train/code-security-review/case_009,analyze/ds4_pro/deepseek-v4-pro-0813.zip,True,True
big-open,code-security-review,case_010,completed,deepseek-v4-pro,high,training-big-open.zip,train/code-security-review/case_010,analyze/ds4_pro/deepseek-v4-pro-0813.zip,True,True
big-open,code-security-review,case_011,completed,deepseek-v4-pro,high,training-big-open.zip,train/code-security-review/case_011,analyze/ds4_pro/deepseek-v4-pro-0813.zip,True,True
big-open,code-security-review,case_012,completed,deepseek-v4-pro,high,training-big-open.zip,train/code-security-review/case_012,analyze/ds4_pro/deepseek-v4-pro-0813.zip,True,True
big-open,code-security-review,case_013,completed,deepseek-v4-pro,high,training-big-open.zip,train/code-security-review/case_013,analyze/ds4_pro/deepseek-v4-pro-0813.zip,True,True
big-open,code-security-review,case_014,completed,deepseek-v4-pro,high,training-big-open.zip,train/code-security-review/case_014,analyze/ds4_pro/deepseek-v4-pro-0813.zip,True,True
big-open,code-security-review,case_015,completed,deepseek-v4-pro,high,training-big-open.zip,train/code-security-review/case_015,analyze/ds4_pro/deepseek-v4-pro-0813.zip,True,True
big-open,code-security-review,case_016,completed,deepseek-v4-pro,high,training-big-open.zip,train/code-security-review/case_016,analyze/ds4_pro/deepseek-v4-pro-0813.zip,True,True
big-open,code-security-review,case_017,completed,deepseek-v4-pro,high,training-big-open.zip,train/code-security-review/case_017,analyze/ds4_pro/deepseek-v4-pro-0813.zip,True,True
big-open,code-security-review,case_018,completed,deepseek-v4-pro,high,training-big-open.zip,train/code-security-review/case_018,analyze/ds4_pro/deepseek-v4-pro-0813.zip,True,True
big-open,code-security-review,case_019,completed,deepseek-v4-pro,high,training-big-open.zip,train/code-security-review/case_019,analyze/ds4_pro/deepseek-v4-pro-0813.zip,True,True
big-open,code-security-review,case_020,completed,deepseek-v4-pro,high,training-big-open.zip,train/code-security-review/case_020,analyze/ds4_pro/deepseek-v4-pro-0813.zip,True,True
big-open,code-security-review,case_021,completed,deepseek-v4-pro,high,training-big-open.zip,train/code-security-review/case_021,analyze/ds4_pro/deepseek-v4-pro-0813.zip,True,True
big-open,code-security-review,case_022,completed,deepseek-v4-pro,high,training-big-open.zip,train/code-security-review/case_022,analyze/ds4_pro/deepseek-v4-pro-0813.zip,True,True
big-open,code-security-review,case_023,completed,deepseek-v4-pro,high,training-big-open.zip,train/code-security-review/case_023,analyze/ds4_pro/deepseek-v4-pro-0813.zip,True,True
big-open,code-security-review,case_024,completed,deepseek-v4-pro,high,training-big-open.zip,train/code-security-review/case_024,analyze/ds4_pro/deepseek-v4-pro-0813.zip,True,True
big-open,code-security-review,case_025,completed,deepseek-v4-pro,high,training-big-open.zip,train/code-security-review/case_025,analyze/ds4_pro/deepseek-v4-pro-0813.zip,True,True
big-open,code-security-review,case_026,completed,deepseek-v4-pro,high,training-big-open.zip,train/code-security-review/case_026,analyze/ds4_pro/deepseek-v4-pro-0813.zip,True,True
big-open,code-security-review,case_027,completed,deepseek-v4-pro,high,training-big-open.zip,train/code-security-review/case_027,analyze/ds4_pro/deepseek-v4-pro-0813.zip,True,True
big-open,code-security-review,case_028,completed,deepseek-v4-pro,high,training-big-open.zip,train/code-security-review/case_028,analyze/ds4_pro/deepseek-v4-pro-0813.zip,True,True
big-open,code-security-review,case_029,completed,deepseek-v4-pro,high,training-big-open.zip,train/code-security-review/case_029,analyze/ds4_pro/deepseek-v4-pro-0813.zip,True,True
big-open,code-security-review,case_030,completed,deepseek-v4-pro,high,training-big-open.zip,train/code-security-review/case_030,analyze/ds4_pro/deepseek-v4-pro-0813.zip,True,True
big-open,code-security-review,case_031,completed,deepseek-v4-pro,high,training-big-open.zip,train/code-security-review/case_031,analyze/ds4_pro/deepseek-v4-pro-0813.zip,True,True
big-open,code-security-review,case_032,completed,deepseek-v4-pro,high,training-big-open.zip,train/code-security-review/case_032,analyze/ds4_pro/deepseek-v4-pro-0813.zip,True,True
big-open,code-security-review,case_033,completed,deepseek-v4-pro,high,training-big-open.zip,train/code-security-review/case_033,analyze/ds4_pro/deepseek-v4-pro-0813.zip,True,True
big-open,code-security-review,case_034,completed,deepseek-v4-pro,high,training-big-open.zip,train/code-security-review/case_034,analyze/ds4_pro/deepseek-v4-pro-0813.zip,True,True
big-open,code-security-review,case_035,completed,deepseek-v4-pro,high,training-big-open.zip,train/code-security-review/case_035,analyze/ds4_pro/deepseek-v4-pro-0813.zip,True,True
big-open,code-security-review,case_036,completed,deepseek-v4-pro,high,training-big-open.zip,train/code-security-review/case_036,analyze/ds4_pro/deepseek-v4-pro-0813.zip,True,True
big-open,code-security-review,case_037,completed,deepseek-v4-pro,high,training-big-open.zip,train/code-security-review/case_037,analyze/ds4_pro/deepseek-v4-pro-0813.zip,True,True
big-open,code-security-review,case_038,completed,deepseek-v4-pro,high,training-big-open.zip,train/code-security-review/case_038,analyze/ds4_pro/deepseek-v4-pro-0813.zip,True,True
big-open,code-security-review,case_039,completed,deepseek-v4-pro,high,training-big-open.zip,train/code-security-review/case_039,analyze/ds4_pro/deepseek-v4-pro-0813.zip,True,True
big-open,code-security-review,case_040,completed,deepseek-v4-pro,high,training-big-open.zip,train/code-security-review/case_040,analyze/ds4_pro/deepseek-v4-pro-0813.zip,True,True
big-open,code-security-review,case_041,completed,deepseek-v4-pro,high,training-big-open.zip,train/code-security-review/case_041,analyze/ds4_pro/deepseek-v4-pro-0813.zip,True,True
big-open,code-security-review,case_042,completed,deepseek-v4-pro,high,training-big-open.zip,train/code-security-review/case_042,analyze/ds4_pro/deepseek-v4-pro-0813.zip,True,True
big-open,code-security-review,case_043,completed,deepseek-v4-pro,high,training-big-open.zip,train/code-security-review/case_043,analyze/ds4_pro/deepseek-v4-pro-0813.zip,True,True
big-open,code-security-review,case_044,completed,deepseek-v4-pro,high,training-big-open.zip,train/code-security-review/case_044,analyze/ds4_pro/deepseek-v4-pro-0813.zip,True,True
big-open,code-security-review,case_045,completed,deepseek-v4-pro,high,training-big-open.zip,train/code-security-review/case_045,analyze/ds4_pro/deepseek-v4-pro-0813.zip,True,True
big-open,code-security-review,case_046,completed,deepseek-v4-pro,high,training-big-open.zip,train/code-security-review/case_046,analyze/ds4_pro/deepseek-v4-pro-0813.zip,True,True
big-open,code-security-review,case_047,completed,deepseek-v4-pro,high,training-big-open.zip,train/code-security-review/case_047,analyze/ds4_pro/deepseek-v4-pro-0813.zip,True,True
big-open,code-security-review,case_048,completed,deepseek-v4-pro,high,training-big-open.zip,train/code-security-review/case_048,analyze/ds4_pro/deepseek-v4-pro-0813.zip,True,True
big-open,code-security-review,case_049,completed,deepseek-v4-pro,high,training-big-open.zip,train/code-security-review/case_049,analyze/ds4_pro/deepseek-v4-pro-0813.zip,True,True
big-open,code-security-review,case_050,completed,deepseek-v4-pro,high,training-big-open.zip,train/code-security-review/case_050,analyze/ds4_pro/deepseek-v4-pro-0813.zip,True,True
big-open,code-security-review,case_051,completed,deepseek-v4-pro,high,training-big-open.zip,train/code-security-review/case_051,analyze/ds4_pro/deepseek-v4-pro-0813.zip,True,True
big-open,code-security-review,case_052,completed,deepseek-v4-pro,high,training-big-open.zip,train/code-security-review/case_052,analyze/ds4_pro/deepseek-v4-pro-0813.zip,True,True
big-open,code-security-review,case_053,completed,deepseek-v4-pro,high,training-big-open.zip,train/code-security-review/case_053,analyze/ds4_pro/deepseek-v4-pro-0813.zip,True,True
big-open,code-security-review,case_054,completed,deepseek-v4-pro,high,training-big-open.zip,train/code-security-review/case_054,analyze/ds4_pro/deepseek-v4-pro-0813.zip,True,True
big-open,code-security-review,case_055,completed,deepseek-v4-pro,high,training-big-open.zip,train/code-security-review/case_055,analyze/ds4_pro/deepseek-v4-pro-0813.zip,True,True
big-open,code-security-review,case_056,completed,deepseek-v4-pro,high,training-big-open.zip,train/code-security-review/case_056,analyze/ds4_pro/deepseek-v4-pro-0813.zip,True,True
big-open,code-security-review,case_057,completed,deepseek-v4-pro,high,training-big-open.zip,train/code-security-review/case_057,analyze/ds4_pro/deepseek-v4-pro-0813.zip,True,True
big-open,code-security-review,case_058,completed,deepseek-v4-pro,high,training-big-open.zip,train/code-security-review/case_058,analyze/ds4_pro/deepseek-v4-pro-0813.zip,True,True
big-open,code-security-review,case_059,completed,deepseek-v4-pro,high,training-big-open.zip,train/code-security-review/case_059,analyze/ds4_pro/deepseek-v4-pro-0813.zip,True,True
big-open,code-security-review,case_060,completed,deepseek-v4-pro,high,training-big-open.zip,train/code-security-review/case_060,analyze/ds4_pro/deepseek-v4-pro-0813.zip,True,True
big-open,code-security-review,case_061,completed,deepseek-v4-pro,high,training-big-open.zip,train/code-security-review/case_061,analyze/ds4_pro/deepseek-v4-pro-0813.zip,True,True
big-open,code-security-review,case_062,completed,deepseek-v4-pro,high,training-big-open.zip,train/code-security-review/case_062,analyze/ds4_pro/deepseek-v4-pro-0813.zip,True,True
big-open,code-security-review,case_063,completed,deepseek-v4-pro,high,training-big-open.zip,train/code-security-review/case_063,analyze/ds4_pro/deepseek-v4-pro-0813.zip,True,True
big-open,code-security-review,case_064,completed,deepseek-v4-pro,high,training-big-open.zip,train/code-security-review/case_064,analyze/ds4_pro/deepseek-v4-pro-0813.zip,True,True
big-open,code-security-review,case_065,completed,deepseek-v4-pro,high,training-big-open.zip,train/code-security-review/case_065,analyze/ds4_pro/deepseek-v4-pro-0813.zip,True,True
big-open,code-security-review,case_066,completed,deepseek-v4-pro,high,training-big-open.zip,train/code-security-review/case_066,analyze/ds4_pro/deepseek-v4-pro-0813.zip,True,True
big-open,code-security-review,case_067,completed,deepseek-v4-pro,high,training-big-open.zip,train/code-security-review/case_067,analyze/ds4_pro/deepseek-v4-pro-0813.zip,True,True
big-open,code-security-review,case_068,completed,deepseek-v4-pro,high,training-big-open.zip,train/code-security-review/case_068,analyze/ds4_pro/deepseek-v4-pro-0813.zip,True,True
big-open,code-security-review,case_069,completed,deepseek-v4-pro,high,training-big-open.zip,train/code-security-review/case_069,analyze/ds4_pro/deepseek-v4-pro-0813.zip,True,True
big-open,code-security-review,case_070,completed,deepseek-v4-pro,high,training-big-open.zip,train/code-security-review/case_070,analyze/ds4_pro/deepseek-v4-pro-0813.zip,True,True
big-open,code-security-review,case_071,completed,deepseek-v4-pro,high,training-big-open.zip,train/code-security-review/case_071,analyze/ds4_pro/deepseek-v4-pro-0813.zip,True,True
big-open,code-security-review,case_072,completed,deepseek-v4-pro,high,training-big-open.zip,train/code-security-review/case_072,analyze/ds4_pro/deepseek-v4-pro-0813.zip,True,True
big-open,code-security-review,case_073,completed,deepseek-v4-pro,high,training-big-open.zip,train/code-security-review/case_073,analyze/ds4_pro/deepseek-v4-pro-0813.zip,True,True
big-open,code-security-review,case_074,completed,deepseek-v4-pro,high,training-big-open.zip,train/code-security-review/case_074,analyze/ds4_pro/deepseek-v4-pro-0813.zip,True,True
big-open,code-security-review,case_075,completed,deepseek-v4-pro,high,training-big-open.zip,train/code-security-review/case_075,analyze/ds4_pro/deepseek-v4-pro-0813.zip,True,True
big-open,code-security-review,case_076,completed,deepseek-v4-pro,high,training-big-open.zip,train/code-security-review/case_076,analyze/ds4_pro/deepseek-v4-pro-0813.zip,True,True
big-open,code-security-review,case_077,completed,deepseek-v4-pro,high,training-big-open.zip,train/code-security-review/case_077,analyze/ds4_pro/deepseek-v4-pro-0813.zip,True,True
big-open,code-security-review,case_078,completed,deepseek-v4-pro,high,training-big-open.zip,train/code-security-review/case_078,analyze/ds4_pro/deepseek-v4-pro-0813.zip,True,True
big-open,code-security-review,case_079,completed,deepseek-v4-pro,high,training-big-open.zip,train/code-security-review/case_079,analyze/ds4_pro/deepseek-v4-pro-0813.zip,True,True
big-open,code-security-review,case_080,completed,deepseek-v4-pro,high,training-big-open.zip,train/code-security-review/case_080,analyze/ds4_pro/deepseek-v4-pro-0813.zip,True,True
big-open,code-security-review,case_081,completed,deepseek-v4-pro,high,training-big-open.zip,train/code-security-review/case_081,analyze/ds4_pro/deepseek-v4-pro-0813.zip,True,True
big-open,code-security-review,case_082,completed,deepseek-v4-pro,high,training-big-open.zip,train/code-security-review/case_082,analyze/ds4_pro/deepseek-v4-pro-0813.zip,True,True
big-open,code-security-review,case_083,completed,deepseek-v4-pro,high,training-big-open.zip,train/code-security-review/case_083,analyze/ds4_pro/deepseek-v4-pro-0813.zip,True,True
big-open,code-security-review,case_084,completed,deepseek-v4-pro,high,training-big-open.zip,train/code-security-review/case_084,analyze/ds4_pro/deepseek-v4-pro-0813.zip,True,True
big-open,code-security-review,case_085,completed,deepseek-v4-pro,high,training-big-open.zip,train/code-security-review/case_085,analyze/ds4_pro/deepseek-v4-pro-0813.zip,True,True
big-open,code-security-review,case_086,completed,deepseek-v4-pro,high,training-big-open.zip,train/code-security-review/case_086,analyze/ds4_pro/deepseek-v4-pro-0813.zip,True,True
big-open,code-security-review,case_087,completed,deepseek-v4-pro,high,training-big-open.zip,train/code-security-review/case_087,analyze/ds4_pro/deepseek-v4-pro-0813.zip,True,True
big-open,code-security-review,case_088,completed,deepseek-v4-pro,high,training-big-open.zip,train/code-security-review/case_088,analyze/ds4_pro/deepseek-v4-pro-0813.zip,True,True
big-open,code-security-review,case_089,completed,deepseek-v4-pro,high,training-big-open.zip,train/code-security-review/case_089,analyze/ds4_pro/deepseek-v4-pro-0813.zip,True,True
big-open,code-security-review,case_090,completed,deepseek-v4-pro,high,training-big-open.zip,train/code-security-review/case_090,analyze/ds4_pro/deepseek-v4-pro-0813.zip,True,True
big-open,code-security-review,case_091,completed,deepseek-v4-pro,high,training-big-open.zip,train/code-security-review/case_091,analyze/ds4_pro/deepseek-v4-pro-0813.zip,True,True
big-open,code-security-review,case_092,completed,deepseek-v4-pro,high,training-big-open.zip,train/code-security-review/case_092,analyze/ds4_pro/deepseek-v4-pro-0813.zip,True,True
big-open,code-security-review,case_093,completed,deepseek-v4-pro,high,training-big-open.zip,train/code-security-review/case_093,analyze/ds4_pro/deepseek-v4-pro-0813.zip,True,True
big-open,code-security-review,case_094,completed,deepseek-v4-pro,high,training-big-open.zip,train/code-security-review/case_094,analyze/ds4_pro/deepseek-v4-pro-0813.zip,True,True
big-open,code-security-review,case_095,completed,deepseek-v4-pro,high,training-big-open.zip,train/code-security-review/case_095,analyze/ds4_pro/deepseek-v4-pro-0813.zip,True,True
big-open,code-security-review,case_096,completed,deepseek-v4-pro,high,training-big-open.zip,train/code-security-review/case_096,analyze/ds4_pro/deepseek-v4-pro-0813.zip,True,True
big-open,code-security-review,case_097,completed,deepseek-v4-pro,high,training-big-open.zip,train/code-security-review/case_097,analyze/ds4_pro/deepseek-v4-pro-0813.zip,True,True
big-open,code-security-review,case_098,completed,deepseek-v4-pro,high,training-big-open.zip,train/code-security-review/case_098,analyze/ds4_pro/deepseek-v4-pro-0813.zip,True,True
big-open,code-security-review,case_099,completed,deepseek-v4-pro,high,training-big-open.zip,train/code-security-review/case_099,analyze/ds4_pro/deepseek-v4-pro-0813.zip,True,True
big-open,code-security-review,case_100,completed,deepseek-v4-pro,high,training-big-open.zip,train/code-security-review/case_100,analyze/ds4_pro/deepseek-v4-pro-0813.zip,True,True
big-open,code-vulnerability-review,case_001,completed,deepseek-v4-pro,high,training-big-open.zip,train/code-vulnerability-review/case_001,analyze/ds4_pro/deepseek-v4-pro-0813.zip,True,True
big-open,code-vulnerability-review,case_002,completed,deepseek-v4-pro,high,training-big-open.zip,train/code-vulnerability-review/case_002,analyze/ds4_pro/deepseek-v4-pro-0813.zip,True,True
big-open,code-vulnerability-review,case_003,completed,deepseek-v4-pro,high,training-big-open.zip,train/code-vulnerability-review/case_003,analyze/ds4_pro/deepseek-v4-pro-0813.zip,True,True
big-open,code-vulnerability-review,case_004,completed,deepseek-v4-pro,high,training-big-open.zip,train/code-vulnerability-review/case_004,analyze/ds4_pro/deepseek-v4-pro-0813.zip,True,True
big-open,code-vulnerability-review,case_005,completed,deepseek-v4-pro,high,training-big-open.zip,train/code-vulnerability-review/case_005,analyze/ds4_pro/deepseek-v4-pro-0813.zip,True,True
big-open,code-vulnerability-review,case_006,completed,deepseek-v4-pro,high,training-big-open.zip,train/code-vulnerability-review/case_006,analyze/ds4_pro/deepseek-v4-pro-0813.zip,True,True
big-open,code-vulnerability-review,case_007,completed,deepseek-v4-pro,high,training-big-open.zip,train/code-vulnerability-review/case_007,analyze/ds4_pro/deepseek-v4-pro-0813.zip,True,True
big-open,code-vulnerability-review,case_008,completed,deepseek-v4-pro,high,training-big-open.zip,train/code-vulnerability-review/case_008,analyze/ds4_pro/deepseek-v4-pro-0813.zip,True,True
big-open,code-vulnerability-review,case_009,completed,deepseek-v4-pro,high,training-big-open.zip,train/code-vulnerability-review/case_009,analyze/ds4_pro/deepseek-v4-pro-0813.zip,True,True
big-open,code-vulnerability-review,case_010,completed,deepseek-v4-pro,high,training-big-open.zip,train/code-vulnerability-review/case_010,analyze/ds4_pro/deepseek-v4-pro-0813.zip,True,True
big-open,code-vulnerability-review,case_011,completed,deepseek-v4-pro,high,training-big-open.zip,train/code-vulnerability-review/case_011,analyze/ds4_pro/deepseek-v4-pro-0813.zip,True,True
big-open,code-vulnerability-review,case_012,completed,deepseek-v4-pro,high,training-big-open.zip,train/code-vulnerability-review/case_012,analyze/ds4_pro/deepseek-v4-pro-0813.zip,True,True
big-open,code-vulnerability-review,case_013,completed,deepseek-v4-pro,high,training-big-open.zip,train/code-vulnerability-review/case_013,analyze/ds4_pro/deepseek-v4-pro-0813.zip,True,True
big-open,code-vulnerability-review,case_014,completed,deepseek-v4-pro,high,training-big-open.zip,train/code-vulnerability-review/case_014,analyze/ds4_pro/deepseek-v4-pro-0813.zip,True,True
big-open,code-vulnerability-review,case_015,completed,deepseek-v4-pro,high,training-big-open.zip,train/code-vulnerability-review/case_015,analyze/ds4_pro/deepseek-v4-pro-0813.zip,True,True
big-open,code-vulnerability-review,case_016,completed,deepseek-v4-pro,high,training-big-open.zip,train/code-vulnerability-review/case_016,analyze/ds4_pro/deepseek-v4-pro-0813.zip,True,True
big-open,code-vulnerability-review,case_017,completed,deepseek-v4-pro,high,training-big-open.zip,train/code-vulnerability-review/case_017,analyze/ds4_pro/deepseek-v4-pro-0813.zip,True,True
big-open,code-vulnerability-review,case_018,completed,deepseek-v4-pro,high,training-big-open.zip,train/code-vulnerability-review/case_018,analyze/ds4_pro/deepseek-v4-pro-0813.zip,True,True
big-open,code-vulnerability-review,case_019,completed,deepseek-v4-pro,high,training-big-open.zip,train/code-vulnerability-review/case_019,analyze/ds4_pro/deepseek-v4-pro-0813.zip,True,True
big-open,code-vulnerability-review,case_020,completed,deepseek-v4-pro,high,training-big-open.zip,train/code-vulnerability-review/case_020,analyze/ds4_pro/deepseek-v4-pro-0813.zip,True,True
big-open,code-vulnerability-review,case_021,completed,deepseek-v4-pro,high,training-big-open.zip,train/code-vulnerability-review/case_021,analyze/ds4_pro/deepseek-v4-pro-0813.zip,True,True
big-open,code-vulnerability-review,case_022,completed,deepseek-v4-pro,high,training-big-open.zip,train/code-vulnerability-review/case_022,analyze/ds4_pro/deepseek-v4-pro-0813.zip,True,True
big-open,code-vulnerability-review,case_023,completed,deepseek-v4-pro,high,training-big-open.zip,train/code-vulnerability-review/case_023,analyze/ds4_pro/deepseek-v4-pro-0813.zip,True,True
big-open,code-vulnerability-review,case_024,completed,deepseek-v4-pro,high,training-big-open.zip,train/code-vulnerability-review/case_024,analyze/ds4_pro/deepseek-v4-pro-0813.zip,True,True
big-open,code-vulnerability-review,case_025,completed,deepseek-v4-pro,high,training-big-open.zip,train/code-vulnerability-review/case_025,analyze/ds4_pro/deepseek-v4-pro-0813.zip,True,True
big-open,code-vulnerability-review,case_026,completed,deepseek-v4-pro,high,training-big-open.zip,train/code-vulnerability-review/case_026,analyze/ds4_pro/deepseek-v4-pro-0813.zip,True,True
big-open,code-vulnerability-review,case_027,completed,deepseek-v4-pro,high,training-big-open.zip,train/code-vulnerability-review/case_027,analyze/ds4_pro/deepseek-v4-pro-0813.zip,True,True
big-open,code-vulnerability-review,case_028,completed,deepseek-v4-pro,high,training-big-open.zip,train/code-vulnerability-review/case_028,analyze/ds4_pro/deepseek-v4-pro-0813.zip,True,True
big-open,code-vulnerability-review,case_029,completed,deepseek-v4-pro,high,training-big-open.zip,train/code-vulnerability-review/case_029,analyze/ds4_pro/deepseek-v4-pro-0813.zip,True,True
big-open,code-vulnerability-review,case_030,completed,deepseek-v4-pro,high,training-big-open.zip,train/code-vulnerability-review/case_030,analyze/ds4_pro/deepseek-v4-pro-0813.zip,True,True
big-open,code-vulnerability-review,case_031,completed,deepseek-v4-pro,high,training-big-open.zip,train/code-vulnerability-review/case_031,analyze/ds4_pro/deepseek-v4-pro-0813.zip,True,True
big-open,code-vulnerability-review,case_032,completed,deepseek-v4-pro,high,training-big-open.zip,train/code-vulnerability-review/case_032,analyze/ds4_pro/deepseek-v4-pro-0813.zip,True,True
big-open,code-vulnerability-review,case_033,completed,deepseek-v4-pro,high,training-big-open.zip,train/code-vulnerability-review/case_033,analyze/ds4_pro/deepseek-v4-pro-0813.zip,True,True
big-open,code-vulnerability-review,case_034,completed,deepseek-v4-pro,high,training-big-open.zip,train/code-vulnerability-review/case_034,analyze/ds4_pro/deepseek-v4-pro-0813.zip,True,True
big-open,code-vulnerability-review,case_035,completed,deepseek-v4-pro,high,training-big-open.zip,train/code-vulnerability-review/case_035,analyze/ds4_pro/deepseek-v4-pro-0813.zip,True,True
big-open,code-vulnerability-review,case_036,completed,deepseek-v4-pro,high,training-big-open.zip,train/code-vulnerability-review/case_036,analyze/ds4_pro/deepseek-v4-pro-0813.zip,True,True
big-open,code-vulnerability-review,case_037,completed,deepseek-v4-pro,high,training-big-open.zip,train/code-vulnerability-review/case_037,analyze/ds4_pro/deepseek-v4-pro-0813.zip,True,True
big-open,code-vulnerability-review,case_038,completed,deepseek-v4-pro,high,training-big-open.zip,train/code-vulnerability-review/case_038,analyze/ds4_pro/deepseek-v4-pro-0813.zip,True,True
big-open,code-vulnerability-review,case_039,completed,deepseek-v4-pro,high,training-big-open.zip,train/code-vulnerability-review/case_039,analyze/ds4_pro/deepseek-v4-pro-0813.zip,True,True
big-open,code-vulnerability-review,case_040,completed,deepseek-v4-pro,high,training-big-open.zip,train/code-vulnerability-review/case_040,analyze/ds4_pro/deepseek-v4-pro-0813.zip,True,True
big-open,code-vulnerability-review,case_041,completed,deepseek-v4-pro,high,training-big-open.zip,train/code-vulnerability-review/case_041,analyze/ds4_pro/deepseek-v4-pro-0813.zip,True,True
big-open,code-vulnerability-review,case_042,completed,deepseek-v4-pro,high,training-big-open.zip,train/code-vulnerability-review/case_042,analyze/ds4_pro/deepseek-v4-pro-0813.zip,True,True
big-open,code-vulnerability-review,case_043,completed,deepseek-v4-pro,high,training-big-open.zip,train/code-vulnerability-review/case_043,analyze/ds4_pro/deepseek-v4-pro-0813.zip,True,True
big-open,code-vulnerability-review,case_044,completed,deepseek-v4-pro,high,training-big-open.zip,train/code-vulnerability-review/case_044,analyze/ds4_pro/deepseek-v4-pro-0813.zip,True,True
big-open,code-vulnerability-review,case_045,completed,deepseek-v4-pro,high,training-big-open.zip,train/code-vulnerability-review/case_045,analyze/ds4_pro/deepseek-v4-pro-0813.zip,True,True
big-open,code-vulnerability-review,case_046,completed,deepseek-v4-pro,high,training-big-open.zip,train/code-vulnerability-review/case_046,analyze/ds4_pro/deepseek-v4-pro-0813.zip,True,True
big-open,code-vulnerability-review,case_047,completed,deepseek-v4-pro,high,training-big-open.zip,train/code-vulnerability-review/case_047,analyze/ds4_pro/deepseek-v4-pro-0813.zip,True,True
big-open,code-vulnerability-review,case_048,completed,deepseek-v4-pro,high,training-big-open.zip,train/code-vulnerability-review/case_048,analyze/ds4_pro/deepseek-v4-pro-0813.zip,True,True
big-open,code-vulnerability-review,case_049,completed,deepseek-v4-pro,high,training-big-open.zip,train/code-vulnerability-review/case_049,analyze/ds4_pro/deepseek-v4-pro-0813.zip,True,True
big-open,code-vulnerability-review,case_050,completed,deepseek-v4-pro,high,training-big-open.zip,train/code-vulnerability-review/case_050,analyze/ds4_pro/deepseek-v4-pro-0813.zip,True,True
big-open,code-vulnerability-review,case_051,completed,deepseek-v4-pro,high,training-big-open.zip,train/code-vulnerability-review/case_051,analyze/ds4_pro/deepseek-v4-pro-0813.zip,True,True
big-open,code-vulnerability-review,case_052,completed,deepseek-v4-pro,high,training-big-open.zip,train/code-vulnerability-review/case_052,analyze/ds4_pro/deepseek-v4-pro-0813.zip,True,True
big-open,code-vulnerability-review,case_053,completed,deepseek-v4-pro,high,training-big-open.zip,train/code-vulnerability-review/case_053,analyze/ds4_pro/deepseek-v4-pro-0813.zip,True,True
big-open,code-vulnerability-review,case_054,completed,deepseek-v4-pro,high,training-big-open.zip,train/code-vulnerability-review/case_054,analyze/ds4_pro/deepseek-v4-pro-0813.zip,True,True
big-open,code-vulnerability-review,case_055,completed,deepseek-v4-pro,high,training-big-open.zip,train/code-vulnerability-review/case_055,analyze/ds4_pro/deepseek-v4-pro-0813.zip,True,True
big-open,code-vulnerability-review,case_056,completed,deepseek-v4-pro,high,training-big-open.zip,train/code-vulnerability-review/case_056,analyze/ds4_pro/deepseek-v4-pro-0813.zip,True,True
big-open,code-vulnerability-review,case_057,completed,deepseek-v4-pro,high,training-big-open.zip,train/code-vulnerability-review/case_057,analyze/ds4_pro/deepseek-v4-pro-0813.zip,True,True
big-open,code-vulnerability-review,case_058,completed,deepseek-v4-pro,high,training-big-open.zip,train/code-vulnerability-review/case_058,analyze/ds4_pro/deepseek-v4-pro-0813.zip,True,True
big-open,code-vulnerability-review,case_059,completed,deepseek-v4-pro,high,training-big-open.zip,train/code-vulnerability-review/case_059,analyze/ds4_pro/deepseek-v4-pro-0813.zip,True,True
big-open,code-vulnerability-review,case_060,completed,deepseek-v4-pro,high,training-big-open.zip,train/code-vulnerability-review/case_060,analyze/ds4_pro/deepseek-v4-pro-0813.zip,True,True
big-open,code-vulnerability-review,case_061,completed,deepseek-v4-pro,high,training-big-open.zip,train/code-vulnerability-review/case_061,analyze/ds4_pro/deepseek-v4-pro-0813.zip,True,True
big-open,code-vulnerability-review,case_062,completed,deepseek-v4-pro,high,training-big-open.zip,train/code-vulnerability-review/case_062,analyze/ds4_pro/deepseek-v4-pro-0813.zip,True,True
big-open,code-vulnerability-review,case_063,completed,deepseek-v4-pro,high,training-big-open.zip,train/code-vulnerability-review/case_063,analyze/ds4_pro/deepseek-v4-pro-0813.zip,True,True
big-open,code-vulnerability-review,case_064,completed,deepseek-v4-pro,high,training-big-open.zip,train/code-vulnerability-review/case_064,analyze/ds4_pro/deepseek-v4-pro-0813.zip,True,True
big-open,code-vulnerability-review,case_065,completed,deepseek-v4-pro,high,training-big-open.zip,train/code-vulnerability-review/case_065,analyze/ds4_pro/deepseek-v4-pro-0813.zip,True,True
big-open,code-vulnerability-review,case_066,completed,deepseek-v4-pro,high,training-big-open.zip,train/code-vulnerability-review/case_066,analyze/ds4_pro/deepseek-v4-pro-0813.zip,True,True
big-open,code-vulnerability-review,case_067,completed,deepseek-v4-pro,high,training-big-open.zip,train/code-vulnerability-review/case_067,analyze/ds4_pro/deepseek-v4-pro-0813.zip,True,True
big-open,code-vulnerability-review,case_068,completed,deepseek-v4-pro,high,training-big-open.zip,train/code-vulnerability-review/case_068,analyze/ds4_pro/deepseek-v4-pro-0813.zip,True,True
big-open,code-vulnerability-review,case_069,completed,deepseek-v4-pro,high,training-big-open.zip,train/code-vulnerability-review/case_069,analyze/ds4_pro/deepseek-v4-pro-0813.zip,True,True
big-open,code-vulnerability-review,case_070,completed,deepseek-v4-pro,high,training-big-open.zip,train/code-vulnerability-review/case_070,analyze/ds4_pro/deepseek-v4-pro-0813.zip,True,True
big-open,code-vulnerability-review,case_071,completed,deepseek-v4-pro,high,training-big-open.zip,train/code-vulnerability-review/case_071,analyze/ds4_pro/deepseek-v4-pro-0813.zip,True,True
big-open,code-vulnerability-review,case_072,completed,deepseek-v4-pro,high,training-big-open.zip,train/code-vulnerability-review/case_072,analyze/ds4_pro/deepseek-v4-pro-0813.zip,True,True
big-open,code-vulnerability-review,case_073,completed,deepseek-v4-pro,high,training-big-open.zip,train/code-vulnerability-review/case_073,analyze/ds4_pro/deepseek-v4-pro-0813.zip,True,True
big-open,code-vulnerability-review,case_074,completed,deepseek-v4-pro,high,training-big-open.zip,train/code-vulnerability-review/case_074,analyze/ds4_pro/deepseek-v4-pro-0813.zip,True,True
big-open,code-vulnerability-review,case_075,completed,deepseek-v4-pro,high,training-big-open.zip,train/code-vulnerability-review/case_075,analyze/ds4_pro/deepseek-v4-pro-0813.zip,True,True
big-open,code-vulnerability-review,case_076,completed,deepseek-v4-pro,high,training-big-open.zip,train/code-vulnerability-review/case_076,analyze/ds4_pro/deepseek-v4-pro-0813.zip,True,True
big-open,code-vulnerability-review,case_077,completed,deepseek-v4-pro,high,training-big-open.zip,train/code-vulnerability-review/case_077,analyze/ds4_pro/deepseek-v4-pro-0813.zip,True,True
big-open,code-vulnerability-review,case_078,completed,deepseek-v4-pro,high,training-big-open.zip,train/code-vulnerability-review/case_078,analyze/ds4_pro/deepseek-v4-pro-0813.zip,True,True
big-open,code-vulnerability-review,case_079,completed,deepseek-v4-pro,high,training-big-open.zip,train/code-vulnerability-review/case_079,analyze/ds4_pro/deepseek-v4-pro-0813.zip,True,True
big-open,code-vulnerability-review,case_080,completed,deepseek-v4-pro,high,training-big-open.zip,train/code-vulnerability-review/case_080,analyze/ds4_pro/deepseek-v4-pro-0813.zip,True,True
big-open,code-vulnerability-review,case_081,completed,deepseek-v4-pro,high,training-big-open.zip,train/code-vulnerability-review/case_081,analyze/ds4_pro/deepseek-v4-pro-0813.zip,True,True
big-open,code-vulnerability-review,case_082,completed,deepseek-v4-pro,high,training-big-open.zip,train/code-vulnerability-review/case_082,analyze/ds4_pro/deepseek-v4-pro-0813.zip,True,True
big-open,code-vulnerability-review,case_083,completed,deepseek-v4-pro,high,training-big-open.zip,train/code-vulnerability-review/case_083,analyze/ds4_pro/deepseek-v4-pro-0813.zip,True,True
big-open,code-vulnerability-review,case_084,completed,deepseek-v4-pro,high,training-big-open.zip,train/code-vulnerability-review/case_084,analyze/ds4_pro/deepseek-v4-pro-0813.zip,True,True
big-open,code-vulnerability-review,case_085,completed,deepseek-v4-pro,high,training-big-open.zip,train/code-vulnerability-review/case_085,analyze/ds4_pro/deepseek-v4-pro-0813.zip,True,True
big-open,code-vulnerability-review,case_086,completed,deepseek-v4-pro,high,training-big-open.zip,train/code-vulnerability-review/case_086,analyze/ds4_pro/deepseek-v4-pro-0813.zip,True,True
big-open,code-vulnerability-review,case_087,completed,deepseek-v4-pro,high,training-big-open.zip,train/code-vulnerability-review/case_087,analyze/ds4_pro/deepseek-v4-pro-0813.zip,True,True
big-open,code-vulnerability-review,case_088,completed,deepseek-v4-pro,high,training-big-open.zip,train/code-vulnerability-review/case_088,analyze/ds4_pro/deepseek-v4-pro-0813.zip,True,True
big-open,code-vulnerability-review,case_089,completed,deepseek-v4-pro,high,training-big-open.zip,train/code-vulnerability-review/case_089,analyze/ds4_pro/deepseek-v4-pro-0813.zip,True,True
big-open,code-vulnerability-review,case_090,completed,deepseek-v4-pro,high,training-big-open.zip,train/code-vulnerability-review/case_090,analyze/ds4_pro/deepseek-v4-pro-0813.zip,True,True
big-open,code-vulnerability-review,case_091,completed,deepseek-v4-pro,high,training-big-open.zip,train/code-vulnerability-review/case_091,analyze/ds4_pro/deepseek-v4-pro-0813.zip,True,True
big-open,code-vulnerability-review,case_092,completed,deepseek-v4-pro,high,training-big-open.zip,train/code-vulnerability-review/case_092,analyze/ds4_pro/deepseek-v4-pro-0813.zip,True,True
big-open,code-vulnerability-review,case_093,completed,deepseek-v4-pro,high,training-big-open.zip,train/code-vulnerability-review/case_093,analyze/ds4_pro/deepseek-v4-pro-0813.zip,True,True
big-open,code-vulnerability-review,case_094,completed,deepseek-v4-pro,high,training-big-open.zip,train/code-vulnerability-review/case_094,analyze/ds4_pro/deepseek-v4-pro-0813.zip,True,True
big-open,code-vulnerability-review,case_095,completed,deepseek-v4-pro,high,training-big-open.zip,train/code-vulnerability-review/case_095,analyze/ds4_pro/deepseek-v4-pro-0813.zip,True,True
big-open,code-vulnerability-review,case_096,completed,deepseek-v4-pro,high,training-big-open.zip,train/code-vulnerability-review/case_096,analyze/ds4_pro/deepseek-v4-pro-0813.zip,True,True
big-open,code-vulnerability-review,case_097,completed,deepseek-v4-pro,high,training-big-open.zip,train/code-vulnerability-review/case_097,analyze/ds4_pro/deepseek-v4-pro-0813.zip,True,True
big-open,code-vulnerability-review,case_098,completed,deepseek-v4-pro,high,training-big-open.zip,train/code-vulnerability-review/case_098,analyze/ds4_pro/deepseek-v4-pro-0813.zip,True,True
big-open,code-vulnerability-review,case_099,completed,deepseek-v4-pro,high,training-big-open.zip,train/code-vulnerability-review/case_099,analyze/ds4_pro/deepseek-v4-pro-0813.zip,True,True
big-open,code-vulnerability-review,case_100,completed,deepseek-v4-pro,high,training-big-open.zip,train/code-vulnerability-review/case_100,analyze/ds4_pro/deepseek-v4-pro-0813.zip,True,True
big-open,commit-security-scan,case_001,completed,deepseek-v4-pro,high,training-big-open.zip,train/commit-security-scan/case_001,analyze/ds4_pro/deepseek-v4-pro-0813.zip,True,True
big-open,commit-security-scan,case_002,completed,deepseek-v4-pro,high,training-big-open.zip,train/commit-security-scan/case_002,analyze/ds4_pro/deepseek-v4-pro-0813.zip,True,True
big-open,commit-security-scan,case_003,completed,deepseek-v4-pro,high,training-big-open.zip,train/commit-security-scan/case_003,analyze/ds4_pro/deepseek-v4-pro-0813.zip,True,True
big-open,commit-security-scan,case_004,completed,deepseek-v4-pro,high,training-big-open.zip,train/commit-security-scan/case_004,analyze/ds4_pro/deepseek-v4-pro-0813.zip,True,True
big-open,commit-security-scan,case_005,completed,deepseek-v4-pro,high,training-big-open.zip,train/commit-security-scan/case_005,analyze/ds4_pro/deepseek-v4-pro-0813.zip,True,True
big-open,commit-security-scan,case_006,completed,deepseek-v4-pro,high,training-big-open.zip,train/commit-security-scan/case_006,analyze/ds4_pro/deepseek-v4-pro-0813.zip,True,True
big-open,commit-security-scan,case_007,completed,deepseek-v4-pro,high,training-big-open.zip,train/commit-security-scan/case_007,analyze/ds4_pro/deepseek-v4-pro-0813.zip,True,True
big-open,commit-security-scan,case_008,completed,deepseek-v4-pro,high,training-big-open.zip,train/commit-security-scan/case_008,analyze/ds4_pro/deepseek-v4-pro-0813.zip,True,True
big-open,commit-security-scan,case_009,completed,deepseek-v4-pro,high,training-big-open.zip,train/commit-security-scan/case_009,analyze/ds4_pro/deepseek-v4-pro-0813.zip,True,True
big-open,commit-security-scan,case_010,completed,deepseek-v4-pro,high,training-big-open.zip,train/commit-security-scan/case_010,analyze/ds4_pro/deepseek-v4-pro-0813.zip,True,True
big-open,commit-security-scan,case_011,completed,deepseek-v4-pro,high,training-big-open.zip,train/commit-security-scan/case_011,analyze/ds4_pro/deepseek-v4-pro-0813.zip,True,True
big-open,commit-security-scan,case_012,completed,deepseek-v4-pro,high,training-big-open.zip,train/commit-security-scan/case_012,analyze/ds4_pro/deepseek-v4-pro-0813.zip,True,True
big-open,commit-security-scan,case_013,completed,deepseek-v4-pro,high,training-big-open.zip,train/commit-security-scan/case_013,analyze/ds4_pro/deepseek-v4-pro-0813.zip,True,True
big-open,commit-security-scan,case_014,completed,deepseek-v4-pro,high,training-big-open.zip,train/commit-security-scan/case_014,analyze/ds4_pro/deepseek-v4-pro-0813.zip,True,True
big-open,commit-security-scan,case_015,completed,deepseek-v4-pro,high,training-big-open.zip,train/commit-security-scan/case_015,analyze/ds4_pro/deepseek-v4-pro-0813.zip,True,True
big-open,commit-security-scan,case_016,completed,deepseek-v4-pro,high,training-big-open.zip,train/commit-security-scan/case_016,analyze/ds4_pro/deepseek-v4-pro-0813.zip,True,True
big-open,commit-security-scan,case_017,completed,deepseek-v4-pro,high,training-big-open.zip,train/commit-security-scan/case_017,analyze/ds4_pro/deepseek-v4-pro-0813.zip,True,True
big-open,commit-security-scan,case_018,completed,deepseek-v4-pro,high,training-big-open.zip,train/commit-security-scan/case_018,analyze/ds4_pro/deepseek-v4-pro-0813.zip,True,True
big-open,commit-security-scan,case_019,completed,deepseek-v4-pro,high,training-big-open.zip,train/commit-security-scan/case_019,analyze/ds4_pro/deepseek-v4-pro-0813.zip,True,True
big-open,commit-security-scan,case_020,completed,deepseek-v4-pro,high,training-big-open.zip,train/commit-security-scan/case_020,analyze/ds4_pro/deepseek-v4-pro-0813.zip,True,True
big-open,commit-security-scan,case_021,completed,deepseek-v4-pro,high,training-big-open.zip,train/commit-security-scan/case_021,analyze/ds4_pro/deepseek-v4-pro-0813.zip,True,True
big-open,commit-security-scan,case_022,completed,deepseek-v4-pro,high,training-big-open.zip,train/commit-security-scan/case_022,analyze/ds4_pro/deepseek-v4-pro-0813.zip,True,True
big-open,commit-security-scan,case_023,completed,deepseek-v4-pro,high,training-big-open.zip,train/commit-security-scan/case_023,analyze/ds4_pro/deepseek-v4-pro-0813.zip,True,True
big-open,commit-security-scan,case_024,completed,deepseek-v4-pro,high,training-big-open.zip,train/commit-security-scan/case_024,analyze/ds4_pro/deepseek-v4-pro-0813.zip,True,True
big-open,commit-security-scan,case_025,completed,deepseek-v4-pro,high,training-big-open.zip,train/commit-security-scan/case_025,analyze/ds4_pro/deepseek-v4-pro-0813.zip,True,True
big-open,commit-security-scan,case_026,completed,deepseek-v4-pro,high,training-big-open.zip,train/commit-security-scan/case_026,analyze/ds4_pro/deepseek-v4-pro-0813.zip,True,True
big-open,commit-security-scan,case_027,completed,deepseek-v4-pro,high,training-big-open.zip,train/commit-security-scan/case_027,analyze/ds4_pro/deepseek-v4-pro-0813.zip,True,True
big-open,commit-security-scan,case_028,completed,deepseek-v4-pro,high,training-big-open.zip,train/commit-security-scan/case_028,analyze/ds4_pro/deepseek-v4-pro-0813.zip,True,True
big-open,commit-security-scan,case_029,completed,deepseek-v4-pro,high,training-big-open.zip,train/commit-security-scan/case_029,analyze/ds4_pro/deepseek-v4-pro-0813.zip,True,True
big-open,commit-security-scan,case_030,completed,deepseek-v4-pro,high,training-big-open.zip,train/commit-security-scan/case_030,analyze/ds4_pro/deepseek-v4-pro-0813.zip,True,True
big-open,commit-security-scan,case_031,completed,deepseek-v4-pro,high,training-big-open.zip,train/commit-security-scan/case_031,analyze/ds4_pro/deepseek-v4-pro-0813.zip,True,True
big-open,commit-security-scan,case_032,completed,deepseek-v4-pro,high,training-big-open.zip,train/commit-security-scan/case_032,analyze/ds4_pro/deepseek-v4-pro-0813.zip,True,True
big-open,commit-security-scan,case_033,completed,deepseek-v4-pro,high,training-big-open.zip,train/commit-security-scan/case_033,analyze/ds4_pro/deepseek-v4-pro-0813.zip,True,True
big-open,commit-security-scan,case_034,completed,deepseek-v4-pro,high,training-big-open.zip,train/commit-security-scan/case_034,analyze/ds4_pro/deepseek-v4-pro-0813.zip,True,True
big-open,commit-security-scan,case_035,completed,deepseek-v4-pro,high,training-big-open.zip,train/commit-security-scan/case_035,analyze/ds4_pro/deepseek-v4-pro-0813.zip,True,True
big-open,commit-security-scan,case_036,completed,deepseek-v4-pro,high,training-big-open.zip,train/commit-security-scan/case_036,analyze/ds4_pro/deepseek-v4-pro-0813.zip,True,True
big-open,commit-security-scan,case_037,completed,deepseek-v4-pro,high,training-big-open.zip,train/commit-security-scan/case_037,analyze/ds4_pro/deepseek-v4-pro-0813.zip,True,True
big-open,commit-security-scan,case_038,completed,deepseek-v4-pro,high,training-big-open.zip,train/commit-security-scan/case_038,analyze/ds4_pro/deepseek-v4-pro-0813.zip,True,True
big-open,commit-security-scan,case_039,completed,deepseek-v4-pro,high,training-big-open.zip,train/commit-security-scan/case_039,analyze/ds4_pro/deepseek-v4-pro-0813.zip,True,True
big-open,commit-security-scan,case_040,completed,deepseek-v4-pro,high,training-big-open.zip,train/commit-security-scan/case_040,analyze/ds4_pro/deepseek-v4-pro-0813.zip,True,True
big-open,commit-security-scan,case_041,completed,deepseek-v4-pro,high,training-big-open.zip,train/commit-security-scan/case_041,analyze/ds4_pro/deepseek-v4-pro-0813.zip,True,True
big-open,commit-security-scan,case_042,completed,deepseek-v4-pro,high,training-big-open.zip,train/commit-security-scan/case_042,analyze/ds4_pro/deepseek-v4-pro-0813.zip,True,True
big-open,commit-security-scan,case_043,completed,deepseek-v4-pro,high,training-big-open.zip,train/commit-security-scan/case_043,analyze/ds4_pro/deepseek-v4-pro-0813.zip,True,True
big-open,commit-security-scan,case_044,completed,deepseek-v4-pro,high,training-big-open.zip,train/commit-security-scan/case_044,analyze/ds4_pro/deepseek-v4-pro-0813.zip,True,True
big-open,commit-security-scan,case_045,completed,deepseek-v4-pro,high,training-big-open.zip,train/commit-security-scan/case_045,analyze/ds4_pro/deepseek-v4-pro-0813.zip,True,True
big-open,commit-security-scan,case_046,completed,deepseek-v4-pro,high,training-big-open.zip,train/commit-security-scan/case_046,analyze/ds4_pro/deepseek-v4-pro-0813.zip,True,True
big-open,commit-security-scan,case_047,completed,deepseek-v4-pro,high,training-big-open.zip,train/commit-security-scan/case_047,analyze/ds4_pro/deepseek-v4-pro-0813.zip,True,True
big-open,commit-security-scan,case_048,completed,deepseek-v4-pro,high,training-big-open.zip,train/commit-security-scan/case_048,analyze/ds4_pro/deepseek-v4-pro-0813.zip,True,True
big-open,commit-security-scan,case_049,completed,deepseek-v4-pro,high,training-big-open.zip,train/commit-security-scan/case_049,analyze/ds4_pro/deepseek-v4-pro-0813.zip,True,True
big-open,commit-security-scan,case_050,completed,deepseek-v4-pro,high,training-big-open.zip,train/commit-security-scan/case_050,analyze/ds4_pro/deepseek-v4-pro-0813.zip,True,True
big-open,commit-security-scan,case_051,completed,deepseek-v4-pro,high,training-big-open.zip,train/commit-security-scan/case_051,analyze/ds4_pro/deepseek-v4-pro-0813.zip,True,True
big-open,commit-security-scan,case_052,completed,deepseek-v4-pro,high,training-big-open.zip,train/commit-security-scan/case_052,analyze/ds4_pro/deepseek-v4-pro-0813.zip,True,True
big-open,commit-security-scan,case_053,completed,deepseek-v4-pro,high,training-big-open.zip,train/commit-security-scan/case_053,analyze/ds4_pro/deepseek-v4-pro-0813.zip,True,True
big-open,commit-security-scan,case_054,completed,deepseek-v4-pro,high,training-big-open.zip,train/commit-security-scan/case_054,analyze/ds4_pro/deepseek-v4-pro-0813.zip,True,True
big-open,commit-security-scan,case_055,completed,deepseek-v4-pro,high,training-big-open.zip,train/commit-security-scan/case_055,analyze/ds4_pro/deepseek-v4-pro-0813.zip,True,True
big-open,commit-security-scan,case_056,completed,deepseek-v4-pro,high,training-big-open.zip,train/commit-security-scan/case_056,analyze/ds4_pro/deepseek-v4-pro-0813.zip,True,True
big-open,commit-security-scan,case_057,completed,deepseek-v4-pro,high,training-big-open.zip,train/commit-security-scan/case_057,analyze/ds4_pro/deepseek-v4-pro-0813.zip,True,True
big-open,commit-security-scan,case_058,completed,deepseek-v4-pro,high,training-big-open.zip,train/commit-security-scan/case_058,analyze/ds4_pro/deepseek-v4-pro-0813.zip,True,True
big-open,commit-security-scan,case_059,completed,deepseek-v4-pro,high,training-big-open.zip,train/commit-security-scan/case_059,analyze/ds4_pro/deepseek-v4-pro-0813.zip,True,True
big-open,commit-security-scan,case_060,completed,deepseek-v4-pro,high,training-big-open.zip,train/commit-security-scan/case_060,analyze/ds4_pro/deepseek-v4-pro-0813.zip,True,True
big-open,commit-security-scan,case_061,completed,deepseek-v4-pro,high,training-big-open.zip,train/commit-security-scan/case_061,analyze/ds4_pro/deepseek-v4-pro-0813.zip,True,True
big-open,commit-security-scan,case_062,completed,deepseek-v4-pro,high,training-big-open.zip,train/commit-security-scan/case_062,analyze/ds4_pro/deepseek-v4-pro-0813.zip,True,True
big-open,commit-security-scan,case_063,completed,deepseek-v4-pro,high,training-big-open.zip,train/commit-security-scan/case_063,analyze/ds4_pro/deepseek-v4-pro-0813.zip,True,True
big-open,commit-security-scan,case_064,completed,deepseek-v4-pro,high,training-big-open.zip,train/commit-security-scan/case_064,analyze/ds4_pro/deepseek-v4-pro-0813.zip,True,True
big-open,commit-security-scan,case_065,completed,deepseek-v4-pro,high,training-big-open.zip,train/commit-security-scan/case_065,analyze/ds4_pro/deepseek-v4-pro-0813.zip,True,True
big-open,commit-security-scan,case_066,completed,deepseek-v4-pro,high,training-big-open.zip,train/commit-security-scan/case_066,analyze/ds4_pro/deepseek-v4-pro-0813.zip,True,True
big-open,commit-security-scan,case_067,completed,deepseek-v4-pro,high,training-big-open.zip,train/commit-security-scan/case_067,analyze/ds4_pro/deepseek-v4-pro-0813.zip,True,True
big-open,commit-security-scan,case_068,completed,deepseek-v4-pro,high,training-big-open.zip,train/commit-security-scan/case_068,analyze/ds4_pro/deepseek-v4-pro-0813.zip,True,True
big-open,commit-security-scan,case_069,completed,deepseek-v4-pro,high,training-big-open.zip,train/commit-security-scan/case_069,analyze/ds4_pro/deepseek-v4-pro-0813.zip,True,True
big-open,commit-security-scan,case_070,completed,deepseek-v4-pro,high,training-big-open.zip,train/commit-security-scan/case_070,analyze/ds4_pro/deepseek-v4-pro-0813.zip,True,True
big-open,commit-security-scan,case_071,completed,deepseek-v4-pro,high,training-big-open.zip,train/commit-security-scan/case_071,analyze/ds4_pro/deepseek-v4-pro-0813.zip,True,True
big-open,commit-security-scan,case_072,completed,deepseek-v4-pro,high,training-big-open.zip,train/commit-security-scan/case_072,analyze/ds4_pro/deepseek-v4-pro-0813.zip,True,True
big-open,commit-security-scan,case_073,completed,deepseek-v4-pro,high,training-big-open.zip,train/commit-security-scan/case_073,analyze/ds4_pro/deepseek-v4-pro-0813.zip,True,True
big-open,commit-security-scan,case_074,completed,deepseek-v4-pro,high,training-big-open.zip,train/commit-security-scan/case_074,analyze/ds4_pro/deepseek-v4-pro-0813.zip,True,True
big-open,commit-security-scan,case_075,completed,deepseek-v4-pro,high,training-big-open.zip,train/commit-security-scan/case_075,analyze/ds4_pro/deepseek-v4-pro-0813.zip,True,True
big-open,commit-security-scan,case_076,completed,deepseek-v4-pro,high,training-big-open.zip,train/commit-security-scan/case_076,analyze/ds4_pro/deepseek-v4-pro-0813.zip,True,True
big-open,commit-security-scan,case_077,completed,deepseek-v4-pro,high,training-big-open.zip,train/commit-security-scan/case_077,analyze/ds4_pro/deepseek-v4-pro-0813.zip,True,True
big-open,commit-security-scan,case_078,completed,deepseek-v4-pro,high,training-big-open.zip,train/commit-security-scan/case_078,analyze/ds4_pro/deepseek-v4-pro-0813.zip,True,True
big-open,commit-security-scan,case_079,completed,deepseek-v4-pro,high,training-big-open.zip,train/commit-security-scan/case_079,analyze/ds4_pro/deepseek-v4-pro-0813.zip,True,True
big-open,commit-security-scan,case_080,completed,deepseek-v4-pro,high,training-big-open.zip,train/commit-security-scan/case_080,analyze/ds4_pro/deepseek-v4-pro-0813.zip,True,True
big-open,commit-security-scan,case_081,completed,deepseek-v4-pro,high,training-big-open.zip,train/commit-security-scan/case_081,analyze/ds4_pro/deepseek-v4-pro-0813.zip,True,True
big-open,commit-security-scan,case_082,completed,deepseek-v4-pro,high,training-big-open.zip,train/commit-security-scan/case_082,analyze/ds4_pro/deepseek-v4-pro-0813.zip,True,True
big-open,commit-security-scan,case_083,completed,deepseek-v4-pro,high,training-big-open.zip,train/commit-security-scan/case_083,analyze/ds4_pro/deepseek-v4-pro-0813.zip,True,True
big-open,commit-security-scan,case_084,completed,deepseek-v4-pro,high,training-big-open.zip,train/commit-security-scan/case_084,analyze/ds4_pro/deepseek-v4-pro-0813.zip,True,True
big-open,commit-security-scan,case_085,completed,deepseek-v4-pro,high,training-big-open.zip,train/commit-security-scan/case_085,analyze/ds4_pro/deepseek-v4-pro-0813.zip,True,True
big-open,commit-security-scan,case_086,completed,deepseek-v4-pro,high,training-big-open.zip,train/commit-security-scan/case_086,analyze/ds4_pro/deepseek-v4-pro-0813.zip,True,True
big-open,commit-security-scan,case_087,completed,deepseek-v4-pro,high,training-big-open.zip,train/commit-security-scan/case_087,analyze/ds4_pro/deepseek-v4-pro-0813.zip,True,True
big-open,commit-security-scan,case_088,completed,deepseek-v4-pro,high,training-big-open.zip,train/commit-security-scan/case_088,analyze/ds4_pro/deepseek-v4-pro-0813.zip,True,True
big-open,commit-security-scan,case_089,completed,deepseek-v4-pro,high,training-big-open.zip,train/commit-security-scan/case_089,analyze/ds4_pro/deepseek-v4-pro-0813.zip,True,True
big-open,commit-security-scan,case_090,completed,deepseek-v4-pro,high,training-big-open.zip,train/commit-security-scan/case_090,analyze/ds4_pro/deepseek-v4-pro-0813.zip,True,True
big-open,commit-security-scan,case_091,completed,deepseek-v4-pro,high,training-big-open.zip,train/commit-security-scan/case_091,analyze/ds4_pro/deepseek-v4-pro-0813.zip,True,True
big-open,commit-security-scan,case_092,completed,deepseek-v4-pro,high,training-big-open.zip,train/commit-security-scan/case_092,analyze/ds4_pro/deepseek-v4-pro-0813.zip,True,True
big-open,commit-security-scan,case_093,completed,deepseek-v4-pro,high,training-big-open.zip,train/commit-security-scan/case_093,analyze/ds4_pro/deepseek-v4-pro-0813.zip,True,True
big-open,commit-security-scan,case_094,completed,deepseek-v4-pro,high,training-big-open.zip,train/commit-security-scan/case_094,analyze/ds4_pro/deepseek-v4-pro-0813.zip,True,True
big-open,commit-security-scan,case_095,completed,deepseek-v4-pro,high,training-big-open.zip,train/commit-security-scan/case_095,analyze/ds4_pro/deepseek-v4-pro-0813.zip,True,True
big-open,commit-security-scan,case_096,completed,deepseek-v4-pro,high,training-big-open.zip,train/commit-security-scan/case_096,analyze/ds4_pro/deepseek-v4-pro-0813.zip,True,True
big-open,commit-security-scan,case_097,completed,deepseek-v4-pro,high,training-big-open.zip,train/commit-security-scan/case_097,analyze/ds4_pro/deepseek-v4-pro-0813.zip,True,True
big-open,commit-security-scan,case_098,completed,deepseek-v4-pro,high,training-big-open.zip,train/commit-security-scan/case_098,analyze/ds4_pro/deepseek-v4-pro-0813.zip,True,True
big-open,commit-security-scan,case_099,completed,deepseek-v4-pro,high,training-big-open.zip,train/commit-security-scan/case_099,analyze/ds4_pro/deepseek-v4-pro-0813.zip,True,True
big-open,commit-security-scan,case_100,completed,deepseek-v4-pro,high,training-big-open.zip,train/commit-security-scan/case_100,analyze/ds4_pro/deepseek-v4-pro-0813.zip,True,True
big-open,concurrency-lens,case_001,completed,deepseek-v4-pro,high,training-big-open.zip,train/concurrency-lens/case_001,analyze/ds4_pro/deepseek-v4-pro-0813.zip,True,True
big-open,concurrency-lens,case_002,completed,deepseek-v4-pro,high,training-big-open.zip,train/concurrency-lens/case_002,analyze/ds4_pro/deepseek-v4-pro-0813.zip,True,True
big-open,concurrency-lens,case_003,completed,deepseek-v4-pro,high,training-big-open.zip,train/concurrency-lens/case_003,analyze/ds4_pro/deepseek-v4-pro-0813.zip,True,True
big-open,concurrency-lens,case_004,completed,deepseek-v4-pro,high,training-big-open.zip,train/concurrency-lens/case_004,analyze/ds4_pro/deepseek-v4-pro-0813.zip,True,True
big-open,concurrency-lens,case_005,completed,deepseek-v4-pro,high,training-big-open.zip,train/concurrency-lens/case_005,analyze/ds4_pro/deepseek-v4-pro-0813.zip,True,True
big-open,concurrency-lens,case_006,completed,deepseek-v4-pro,high,training-big-open.zip,train/concurrency-lens/case_006,analyze/ds4_pro/deepseek-v4-pro-0813.zip,True,True
big-open,concurrency-lens,case_007,completed,deepseek-v4-pro,high,training-big-open.zip,train/concurrency-lens/case_007,analyze/ds4_pro/deepseek-v4-pro-0813.zip,True,True
big-open,concurrency-lens,case_008,completed,deepseek-v4-pro,high,training-big-open.zip,train/concurrency-lens/case_008,analyze/ds4_pro/deepseek-v4-pro-0813.zip,True,True
big-open,concurrency-lens,case_009,completed,deepseek-v4-pro,high,training-big-open.zip,train/concurrency-lens/case_009,analyze/ds4_pro/deepseek-v4-pro-0813.zip,True,True
big-open,concurrency-lens,case_010,completed,deepseek-v4-pro,high,training-big-open.zip,train/concurrency-lens/case_010,analyze/ds4_pro/deepseek-v4-pro-0813.zip,True,True
big-open,concurrency-lens,case_011,completed,deepseek-v4-pro,high,training-big-open.zip,train/concurrency-lens/case_011,analyze/ds4_pro/deepseek-v4-pro-0813.zip,True,True
big-open,concurrency-lens,case_012,completed,deepseek-v4-pro,high,training-big-open.zip,train/concurrency-lens/case_012,analyze/ds4_pro/deepseek-v4-pro-0813.zip,True,True
big-open,concurrency-lens,case_013,completed,deepseek-v4-pro,high,training-big-open.zip,train/concurrency-lens/case_013,analyze/ds4_pro/deepseek-v4-pro-0813.zip,True,True
big-open,concurrency-lens,case_014,completed,deepseek-v4-pro,high,training-big-open.zip,train/concurrency-lens/case_014,analyze/ds4_pro/deepseek-v4-pro-0813.zip,True,True
big-open,concurrency-lens,case_015,completed,deepseek-v4-pro,high,training-big-open.zip,train/concurrency-lens/case_015,analyze/ds4_pro/deepseek-v4-pro-0813.zip,True,True
big-open,concurrency-lens,case_016,completed,deepseek-v4-pro,high,training-big-open.zip,train/concurrency-lens/case_016,analyze/ds4_pro/deepseek-v4-pro-0813.zip,True,True
big-open,concurrency-lens,case_017,completed,deepseek-v4-pro,high,training-big-open.zip,train/concurrency-lens/case_017,analyze/ds4_pro/deepseek-v4-pro-0813.zip,True,True
big-open,concurrency-lens,case_018,completed,deepseek-v4-pro,high,training-big-open.zip,train/concurrency-lens/case_018,analyze/ds4_pro/deepseek-v4-pro-0813.zip,True,True
big-open,concurrency-lens,case_019,completed,deepseek-v4-pro,high,training-big-open.zip,train/concurrency-lens/case_019,analyze/ds4_pro/deepseek-v4-pro-0813.zip,True,True
big-open,concurrency-lens,case_020,completed,deepseek-v4-pro,high,training-big-open.zip,train/concurrency-lens/case_020,analyze/ds4_pro/deepseek-v4-pro-0813.zip,True,True
big-open,concurrency-lens,case_021,completed,deepseek-v4-pro,high,training-big-open.zip,train/concurrency-lens/case_021,analyze/ds4_pro/deepseek-v4-pro-0813.zip,True,True
big-open,concurrency-lens,case_022,completed,deepseek-v4-pro,high,training-big-open.zip,train/concurrency-lens/case_022,analyze/ds4_pro/deepseek-v4-pro-0813.zip,True,True
big-open,concurrency-lens,case_023,completed,deepseek-v4-pro,high,training-big-open.zip,train/concurrency-lens/case_023,analyze/ds4_pro/deepseek-v4-pro-0813.zip,True,True
big-open,concurrency-lens,case_024,completed,deepseek-v4-pro,high,training-big-open.zip,train/concurrency-lens/case_024,analyze/ds4_pro/deepseek-v4-pro-0813.zip,True,True
big-open,concurrency-lens,case_025,completed,deepseek-v4-pro,high,training-big-open.zip,train/concurrency-lens/case_025,analyze/ds4_pro/deepseek-v4-pro-0813.zip,True,True
big-open,concurrency-lens,case_026,completed,deepseek-v4-pro,high,training-big-open.zip,train/concurrency-lens/case_026,analyze/ds4_pro/deepseek-v4-pro-0813.zip,True,True
big-open,concurrency-lens,case_027,completed,deepseek-v4-pro,high,training-big-open.zip,train/concurrency-lens/case_027,analyze/ds4_pro/deepseek-v4-pro-0813.zip,True,True
big-open,concurrency-lens,case_028,completed,deepseek-v4-pro,high,training-big-open.zip,train/concurrency-lens/case_028,analyze/ds4_pro/deepseek-v4-pro-0813.zip,True,True
big-open,concurrency-lens,case_029,completed,deepseek-v4-pro,high,training-big-open.zip,train/concurrency-lens/case_029,analyze/ds4_pro/deepseek-v4-pro-0813.zip,True,True
big-open,concurrency-lens,case_030,completed,deepseek-v4-pro,high,training-big-open.zip,train/concurrency-lens/case_030,analyze/ds4_pro/deepseek-v4-pro-0813.zip,True,True
big-open,concurrency-lens,case_031,completed,deepseek-v4-pro,high,training-big-open.zip,train/concurrency-lens/case_031,analyze/ds4_pro/deepseek-v4-pro-0813.zip,True,True
big-open,concurrency-lens,case_032,completed,deepseek-v4-pro,high,training-big-open.zip,train/concurrency-lens/case_032,analyze/ds4_pro/deepseek-v4-pro-0813.zip,True,True
big-open,concurrency-lens,case_033,completed,deepseek-v4-pro,high,training-big-open.zip,train/concurrency-lens/case_033,analyze/ds4_pro/deepseek-v4-pro-0813.zip,True,True
big-open,concurrency-lens,case_034,completed,deepseek-v4-pro,high,training-big-open.zip,train/concurrency-lens/case_034,analyze/ds4_pro/deepseek-v4-pro-0813.zip,True,True
big-open,concurrency-lens,case_035,completed,deepseek-v4-pro,high,training-big-open.zip,train/concurrency-lens/case_035,analyze/ds4_pro/deepseek-v4-pro-0813.zip,True,True
big-open,concurrency-lens,case_036,completed,deepseek-v4-pro,high,training-big-open.zip,train/concurrency-lens/case_036,analyze/ds4_pro/deepseek-v4-pro-0813.zip,True,True
big-open,concurrency-lens,case_037,completed,deepseek-v4-pro,high,training-big-open.zip,train/concurrency-lens/case_037,analyze/ds4_pro/deepseek-v4-pro-0813.zip,True,True
big-open,concurrency-lens,case_038,completed,deepseek-v4-pro,high,training-big-open.zip,train/concurrency-lens/case_038,analyze/ds4_pro/deepseek-v4-pro-0813.zip,True,True
big-open,concurrency-lens,case_039,completed,deepseek-v4-pro,high,training-big-open.zip,train/concurrency-lens/case_039,analyze/ds4_pro/deepseek-v4-pro-0813.zip,True,True
big-open,concurrency-lens,case_040,completed,deepseek-v4-pro,high,training-big-open.zip,train/concurrency-lens/case_040,analyze/ds4_pro/deepseek-v4-pro-0813.zip,True,True
big-open,concurrency-lens,case_041,completed,deepseek-v4-pro,high,training-big-open.zip,train/concurrency-lens/case_041,analyze/ds4_pro/deepseek-v4-pro-0813.zip,True,True
big-open,concurrency-lens,case_042,completed,deepseek-v4-pro,high,training-big-open.zip,train/concurrency-lens/case_042,analyze/ds4_pro/deepseek-v4-pro-0813.zip,True,True
big-open,concurrency-lens,case_043,completed,deepseek-v4-pro,high,training-big-open.zip,train/concurrency-lens/case_043,analyze/ds4_pro/deepseek-v4-pro-0813.zip,True,True
big-open,concurrency-lens,case_044,completed,deepseek-v4-pro,high,training-big-open.zip,train/concurrency-lens/case_044,analyze/ds4_pro/deepseek-v4-pro-0813.zip,True,True
big-open,concurrency-lens,case_045,completed,deepseek-v4-pro,high,training-big-open.zip,train/concurrency-lens/case_045,analyze/ds4_pro/deepseek-v4-pro-0813.zip,True,True
big-open,concurrency-lens,case_046,completed,deepseek-v4-pro,high,training-big-open.zip,train/concurrency-lens/case_046,analyze/ds4_pro/deepseek-v4-pro-0813.zip,True,True
big-open,concurrency-lens,case_047,completed,deepseek-v4-pro,high,training-big-open.zip,train/concurrency-lens/case_047,analyze/ds4_pro/deepseek-v4-pro-0813.zip,True,True
big-open,concurrency-lens,case_048,completed,deepseek-v4-pro,high,training-big-open.zip,train/concurrency-lens/case_048,analyze/ds4_pro/deepseek-v4-pro-0813.zip,True,True
big-open,concurrency-lens,case_049,completed,deepseek-v4-pro,high,training-big-open.zip,train/concurrency-lens/case_049,analyze/ds4_pro/deepseek-v4-pro-0813.zip,True,True
big-open,concurrency-lens,case_050,completed,deepseek-v4-pro,high,training-big-open.zip,train/concurrency-lens/case_050,analyze/ds4_pro/deepseek-v4-pro-0813.zip,True,True
big-open,concurrency-lens,case_051,completed,deepseek-v4-pro,high,training-big-open.zip,train/concurrency-lens/case_051,analyze/ds4_pro/deepseek-v4-pro-0813.zip,True,True
big-open,concurrency-lens,case_052,completed,deepseek-v4-pro,high,training-big-open.zip,train/concurrency-lens/case_052,analyze/ds4_pro/deepseek-v4-pro-0813.zip,True,True
big-open,concurrency-lens,case_053,completed,deepseek-v4-pro,high,training-big-open.zip,train/concurrency-lens/case_053,analyze/ds4_pro/deepseek-v4-pro-0813.zip,True,True
big-open,concurrency-lens,case_054,completed,deepseek-v4-pro,high,training-big-open.zip,train/concurrency-lens/case_054,analyze/ds4_pro/deepseek-v4-pro-0813.zip,True,True
big-open,concurrency-lens,case_055,completed,deepseek-v4-pro,high,training-big-open.zip,train/concurrency-lens/case_055,analyze/ds4_pro/deepseek-v4-pro-0813.zip,True,True
big-open,concurrency-lens,case_056,completed,deepseek-v4-pro,high,training-big-open.zip,train/concurrency-lens/case_056,analyze/ds4_pro/deepseek-v4-pro-0813.zip,True,True
big-open,concurrency-lens,case_057,completed,deepseek-v4-pro,high,training-big-open.zip,train/concurrency-lens/case_057,analyze/ds4_pro/deepseek-v4-pro-0813.zip,True,True
big-open,concurrency-lens,case_058,completed,deepseek-v4-pro,high,training-big-open.zip,train/concurrency-lens/case_058,analyze/ds4_pro/deepseek-v4-pro-0813.zip,True,True
big-open,concurrency-lens,case_059,completed,deepseek-v4-pro,high,training-big-open.zip,train/concurrency-lens/case_059,analyze/ds4_pro/deepseek-v4-pro-0813.zip,True,True
big-open,concurrency-lens,case_060,completed,deepseek-v4-pro,high,training-big-open.zip,train/concurrency-lens/case_060,analyze/ds4_pro/deepseek-v4-pro-0813.zip,True,True
big-open,concurrency-lens,case_061,completed,deepseek-v4-pro,high,training-big-open.zip,train/concurrency-lens/case_061,analyze/ds4_pro/deepseek-v4-pro-0813.zip,True,True
big-open,concurrency-lens,case_062,completed,deepseek-v4-pro,high,training-big-open.zip,train/concurrency-lens/case_062,analyze/ds4_pro/deepseek-v4-pro-0813.zip,True,True
big-open,concurrency-lens,case_063,completed,deepseek-v4-pro,high,training-big-open.zip,train/concurrency-lens/case_063,analyze/ds4_pro/deepseek-v4-pro-0813.zip,True,True
big-open,concurrency-lens,case_064,completed,deepseek-v4-pro,high,training-big-open.zip,train/concurrency-lens/case_064,analyze/ds4_pro/deepseek-v4-pro-0813.zip,True,True
big-open,concurrency-lens,case_065,completed,deepseek-v4-pro,high,training-big-open.zip,train/concurrency-lens/case_065,analyze/ds4_pro/deepseek-v4-pro-0813.zip,True,True
big-open,concurrency-lens,case_066,completed,deepseek-v4-pro,high,training-big-open.zip,train/concurrency-lens/case_066,analyze/ds4_pro/deepseek-v4-pro-0813.zip,True,True
big-open,concurrency-lens,case_067,completed,deepseek-v4-pro,high,training-big-open.zip,train/concurrency-lens/case_067,analyze/ds4_pro/deepseek-v4-pro-0813.zip,True,True
big-open,concurrency-lens,case_068,completed,deepseek-v4-pro,high,training-big-open.zip,train/concurrency-lens/case_068,analyze/ds4_pro/deepseek-v4-pro-0813.zip,True,True
big-open,concurrency-lens,case_069,completed,deepseek-v4-pro,high,training-big-open.zip,train/concurrency-lens/case_069,analyze/ds4_pro/deepseek-v4-pro-0813.zip,True,True
big-open,concurrency-lens,case_070,completed,deepseek-v4-pro,high,training-big-open.zip,train/concurrency-lens/case_070,analyze/ds4_pro/deepseek-v4-pro-0813.zip,True,True
big-open,concurrency-lens,case_071,completed,deepseek-v4-pro,high,training-big-open.zip,train/concurrency-lens/case_071,analyze/ds4_pro/deepseek-v4-pro-0813.zip,True,True
big-open,concurrency-lens,case_072,completed,deepseek-v4-pro,high,training-big-open.zip,train/concurrency-lens/case_072,analyze/ds4_pro/deepseek-v4-pro-0813.zip,True,True
big-open,concurrency-lens,case_073,completed,deepseek-v4-pro,high,training-big-open.zip,train/concurrency-lens/case_073,analyze/ds4_pro/deepseek-v4-pro-0813.zip,True,True
big-open,concurrency-lens,case_074,completed,deepseek-v4-pro,high,training-big-open.zip,train/concurrency-lens/case_074,analyze/ds4_pro/deepseek-v4-pro-0813.zip,True,True
big-open,concurrency-lens,case_075,completed,deepseek-v4-pro,high,training-big-open.zip,train/concurrency-lens/case_075,analyze/ds4_pro/deepseek-v4-pro-0813.zip,True,True
big-open,concurrency-lens,case_076,completed,deepseek-v4-pro,high,training-big-open.zip,train/concurrency-lens/case_076,analyze/ds4_pro/deepseek-v4-pro-0813.zip,True,True
big-open,concurrency-lens,case_077,completed,deepseek-v4-pro,high,training-big-open.zip,train/concurrency-lens/case_077,analyze/ds4_pro/deepseek-v4-pro-0813.zip,True,True
big-open,concurrency-lens,case_078,completed,deepseek-v4-pro,high,training-big-open.zip,train/concurrency-lens/case_078,analyze/ds4_pro/deepseek-v4-pro-0813.zip,True,True
big-open,concurrency-lens,case_079,completed,deepseek-v4-pro,high,training-big-open.zip,train/concurrency-lens/case_079,analyze/ds4_pro/deepseek-v4-pro-0813.zip,True,True
big-open,concurrency-lens,case_080,completed,deepseek-v4-pro,high,training-big-open.zip,train/concurrency-lens/case_080,analyze/ds4_pro/deepseek-v4-pro-0813.zip,True,True
big-open,concurrency-lens,case_081,completed,deepseek-v4-pro,high,training-big-open.zip,train/concurrency-lens/case_081,analyze/ds4_pro/deepseek-v4-pro-0813.zip,True,True
big-open,concurrency-lens,case_082,completed,deepseek-v4-pro,high,training-big-open.zip,train/concurrency-lens/case_082,analyze/ds4_pro/deepseek-v4-pro-0813.zip,True,True
big-open,concurrency-lens,case_083,completed,deepseek-v4-pro,high,training-big-open.zip,train/concurrency-lens/case_083,analyze/ds4_pro/deepseek-v4-pro-0813.zip,True,True
big-open,concurrency-lens,case_084,completed,deepseek-v4-pro,high,training-big-open.zip,train/concurrency-lens/case_084,analyze/ds4_pro/deepseek-v4-pro-0813.zip,True,True
big-open,concurrency-lens,case_085,completed,deepseek-v4-pro,high,training-big-open.zip,train/concurrency-lens/case_085,analyze/ds4_pro/deepseek-v4-pro-0813.zip,True,True
big-open,concurrency-lens,case_086,completed,deepseek-v4-pro,high,training-big-open.zip,train/concurrency-lens/case_086,analyze/ds4_pro/deepseek-v4-pro-0813.zip,True,True
big-open,concurrency-lens,case_087,completed,deepseek-v4-pro,high,training-big-open.zip,train/concurrency-lens/case_087,analyze/ds4_pro/deepseek-v4-pro-0813.zip,True,True
big-open,concurrency-lens,case_088,completed,deepseek-v4-pro,high,training-big-open.zip,train/concurrency-lens/case_088,analyze/ds4_pro/deepseek-v4-pro-0813.zip,True,True
big-open,concurrency-lens,case_089,completed,deepseek-v4-pro,high,training-big-open.zip,train/concurrency-lens/case_089,analyze/ds4_pro/deepseek-v4-pro-0813.zip,True,True
big-open,concurrency-lens,case_090,completed,deepseek-v4-pro,high,training-big-open.zip,train/concurrency-lens/case_090,analyze/ds4_pro/deepseek-v4-pro-0813.zip,True,True
big-open,concurrency-lens,case_091,completed,deepseek-v4-pro,high,training-big-open.zip,train/concurrency-lens/case_091,analyze/ds4_pro/deepseek-v4-pro-0813.zip,True,True
big-open,concurrency-lens,case_092,completed,deepseek-v4-pro,high,training-big-open.zip,train/concurrency-lens/case_092,analyze/ds4_pro/deepseek-v4-pro-0813.zip,True,True
big-open,concurrency-lens,case_093,completed,deepseek-v4-pro,high,training-big-open.zip,train/concurrency-lens/case_093,analyze/ds4_pro/deepseek-v4-pro-0813.zip,True,True
big-open,concurrency-lens,case_094,completed,deepseek-v4-pro,high,training-big-open.zip,train/concurrency-lens/case_094,analyze/ds4_pro/deepseek-v4-pro-0813.zip,True,True
big-open,concurrency-lens,case_095,completed,deepseek-v4-pro,high,training-big-open.zip,train/concurrency-lens/case_095,analyze/ds4_pro/deepseek-v4-pro-0813.zip,True,True
big-open,concurrency-lens,case_096,completed,deepseek-v4-pro,high,training-big-open.zip,train/concurrency-lens/case_096,analyze/ds4_pro/deepseek-v4-pro-0813.zip,True,True
big-open,concurrency-lens,case_097,completed,deepseek-v4-pro,high,training-big-open.zip,train/concurrency-lens/case_097,analyze/ds4_pro/deepseek-v4-pro-0813.zip,True,True
big-open,concurrency-lens,case_098,completed,deepseek-v4-pro,high,training-big-open.zip,train/concurrency-lens/case_098,analyze/ds4_pro/deepseek-v4-pro-0813.zip,True,True
big-open,concurrency-lens,case_099,completed,deepseek-v4-pro,high,training-big-open.zip,train/concurrency-lens/case_099,analyze/ds4_pro/deepseek-v4-pro-0813.zip,True,True
big-open,concurrency-lens,case_100,completed,deepseek-v4-pro,high,training-big-open.zip,train/concurrency-lens/case_100,analyze/ds4_pro/deepseek-v4-pro-0813.zip,True,True
big-open,cortex-bug-hunter,case_001,completed,deepseek-v4-pro,high,training-big-open.zip,train/cortex-bug-hunter/case_001,analyze/ds4_pro/deepseek-v4-pro-0813.zip,True,True
big-open,cortex-bug-hunter,case_002,completed,deepseek-v4-pro,high,training-big-open.zip,train/cortex-bug-hunter/case_002,analyze/ds4_pro/deepseek-v4-pro-0813.zip,True,True
big-open,cortex-bug-hunter,case_003,completed,deepseek-v4-pro,high,training-big-open.zip,train/cortex-bug-hunter/case_003,analyze/ds4_pro/deepseek-v4-pro-0813.zip,True,True
big-open,cortex-bug-hunter,case_004,completed,deepseek-v4-pro,high,training-big-open.zip,train/cortex-bug-hunter/case_004,analyze/ds4_pro/deepseek-v4-pro-0813.zip,True,True
big-open,cortex-bug-hunter,case_005,completed,deepseek-v4-pro,high,training-big-open.zip,train/cortex-bug-hunter/case_005,analyze/ds4_pro/deepseek-v4-pro-0813.zip,True,True
big-open,cortex-bug-hunter,case_006,completed,deepseek-v4-pro,high,training-big-open.zip,train/cortex-bug-hunter/case_006,analyze/ds4_pro/deepseek-v4-pro-0813.zip,True,True
big-open,cortex-bug-hunter,case_007,completed,deepseek-v4-pro,high,training-big-open.zip,train/cortex-bug-hunter/case_007,analyze/ds4_pro/deepseek-v4-pro-0813.zip,True,True
big-open,cortex-bug-hunter,case_008,completed,deepseek-v4-pro,high,training-big-open.zip,train/cortex-bug-hunter/case_008,analyze/ds4_pro/deepseek-v4-pro-0813.zip,True,True
big-open,cortex-bug-hunter,case_009,completed,deepseek-v4-pro,high,training-big-open.zip,train/cortex-bug-hunter/case_009,analyze/ds4_pro/deepseek-v4-pro-0813.zip,True,True
big-open,cortex-bug-hunter,case_010,completed,deepseek-v4-pro,high,training-big-open.zip,train/cortex-bug-hunter/case_010,analyze/ds4_pro/deepseek-v4-pro-0813.zip,True,True
big-open,cortex-bug-hunter,case_011,completed,deepseek-v4-pro,high,training-big-open.zip,train/cortex-bug-hunter/case_011,analyze/ds4_pro/deepseek-v4-pro-0813.zip,True,True
big-open,cortex-bug-hunter,case_012,completed,deepseek-v4-pro,high,training-big-open.zip,train/cortex-bug-hunter/case_012,analyze/ds4_pro/deepseek-v4-pro-0813.zip,True,True
big-open,cortex-bug-hunter,case_013,completed,deepseek-v4-pro,high,training-big-open.zip,train/cortex-bug-hunter/case_013,analyze/ds4_pro/deepseek-v4-pro-0813.zip,True,True
big-open,cortex-bug-hunter,case_014,completed,deepseek-v4-pro,high,training-big-open.zip,train/cortex-bug-hunter/case_014,analyze/ds4_pro/deepseek-v4-pro-0813.zip,True,True
big-open,cortex-bug-hunter,case_015,completed,deepseek-v4-pro,high,training-big-open.zip,train/cortex-bug-hunter/case_015,analyze/ds4_pro/deepseek-v4-pro-0813.zip,True,True
big-open,cortex-bug-hunter,case_016,completed,deepseek-v4-pro,high,training-big-open.zip,train/cortex-bug-hunter/case_016,analyze/ds4_pro/deepseek-v4-pro-0813.zip,True,True
big-open,cortex-bug-hunter,case_017,completed,deepseek-v4-pro,high,training-big-open.zip,train/cortex-bug-hunter/case_017,analyze/ds4_pro/deepseek-v4-pro-0813.zip,True,True
big-open,cortex-bug-hunter,case_018,completed,deepseek-v4-pro,high,training-big-open.zip,train/cortex-bug-hunter/case_018,analyze/ds4_pro/deepseek-v4-pro-0813.zip,True,True
big-open,cortex-bug-hunter,case_019,completed,deepseek-v4-pro,high,training-big-open.zip,train/cortex-bug-hunter/case_019,analyze/ds4_pro/deepseek-v4-pro-0813.zip,True,True
big-open,cortex-bug-hunter,case_020,completed,deepseek-v4-pro,high,training-big-open.zip,train/cortex-bug-hunter/case_020,analyze/ds4_pro/deepseek-v4-pro-0813.zip,True,True
big-open,cortex-bug-hunter,case_021,completed,deepseek-v4-pro,high,training-big-open.zip,train/cortex-bug-hunter/case_021,analyze/ds4_pro/deepseek-v4-pro-0813.zip,True,True
big-open,cortex-bug-hunter,case_022,completed,deepseek-v4-pro,high,training-big-open.zip,train/cortex-bug-hunter/case_022,analyze/ds4_pro/deepseek-v4-pro-0813.zip,True,True
big-open,cortex-bug-hunter,case_023,completed,deepseek-v4-pro,high,training-big-open.zip,train/cortex-bug-hunter/case_023,analyze/ds4_pro/deepseek-v4-pro-0813.zip,True,True
big-open,cortex-bug-hunter,case_024,completed,deepseek-v4-pro,high,training-big-open.zip,train/cortex-bug-hunter/case_024,analyze/ds4_pro/deepseek-v4-pro-0813.zip,True,True
big-open,cortex-bug-hunter,case_025,completed,deepseek-v4-pro,high,training-big-open.zip,train/cortex-bug-hunter/case_025,analyze/ds4_pro/deepseek-v4-pro-0813.zip,True,True
big-open,cortex-bug-hunter,case_026,completed,deepseek-v4-pro,high,training-big-open.zip,train/cortex-bug-hunter/case_026,analyze/ds4_pro/deepseek-v4-pro-0813.zip,True,True
big-open,cortex-bug-hunter,case_027,completed,deepseek-v4-pro,high,training-big-open.zip,train/cortex-bug-hunter/case_027,analyze/ds4_pro/deepseek-v4-pro-0813.zip,True,True
big-open,cortex-bug-hunter,case_028,completed,deepseek-v4-pro,high,training-big-open.zip,train/cortex-bug-hunter/case_028,analyze/ds4_pro/deepseek-v4-pro-0813.zip,True,True
big-open,cortex-bug-hunter,case_029,completed,deepseek-v4-pro,high,training-big-open.zip,train/cortex-bug-hunter/case_029,analyze/ds4_pro/deepseek-v4-pro-0813.zip,True,True
big-open,cortex-bug-hunter,case_030,completed,deepseek-v4-pro,high,training-big-open.zip,train/cortex-bug-hunter/case_030,analyze/ds4_pro/deepseek-v4-pro-0813.zip,True,True
big-open,cortex-bug-hunter,case_031,completed,deepseek-v4-pro,high,training-big-open.zip,train/cortex-bug-hunter/case_031,analyze/ds4_pro/deepseek-v4-pro-0813.zip,True,True
big-open,cortex-bug-hunter,case_032,completed,deepseek-v4-pro,high,training-big-open.zip,train/cortex-bug-hunter/case_032,analyze/ds4_pro/deepseek-v4-pro-0813.zip,True,True
big-open,cortex-bug-hunter,case_033,completed,deepseek-v4-pro,high,training-big-open.zip,train/cortex-bug-hunter/case_033,analyze/ds4_pro/deepseek-v4-pro-0813.zip,True,True
big-open,cortex-bug-hunter,case_034,completed,deepseek-v4-pro,high,training-big-open.zip,train/cortex-bug-hunter/case_034,analyze/ds4_pro/deepseek-v4-pro-0813.zip,True,True
big-open,cortex-bug-hunter,case_035,completed,deepseek-v4-pro,high,training-big-open.zip,train/cortex-bug-hunter/case_035,analyze/ds4_pro/deepseek-v4-pro-0813.zip,True,True
big-open,cortex-bug-hunter,case_036,completed,deepseek-v4-pro,high,training-big-open.zip,train/cortex-bug-hunter/case_036,analyze/ds4_pro/deepseek-v4-pro-0813.zip,True,True
big-open,cortex-bug-hunter,case_037,completed,deepseek-v4-pro,high,training-big-open.zip,train/cortex-bug-hunter/case_037,analyze/ds4_pro/deepseek-v4-pro-0813.zip,True,True
big-open,cortex-bug-hunter,case_038,completed,deepseek-v4-pro,high,training-big-open.zip,train/cortex-bug-hunter/case_038,analyze/ds4_pro/deepseek-v4-pro-0813.zip,True,True
big-open,cortex-bug-hunter,case_039,completed,deepseek-v4-pro,high,training-big-open.zip,train/cortex-bug-hunter/case_039,analyze/ds4_pro/deepseek-v4-pro-0813.zip,True,True
big-open,cortex-bug-hunter,case_040,completed,deepseek-v4-pro,high,training-big-open.zip,train/cortex-bug-hunter/case_040,analyze/ds4_pro/deepseek-v4-pro-0813.zip,True,True
big-open,cortex-bug-hunter,case_041,completed,deepseek-v4-pro,high,training-big-open.zip,train/cortex-bug-hunter/case_041,analyze/ds4_pro/deepseek-v4-pro-0813.zip,True,True
big-open,cortex-bug-hunter,case_042,completed,deepseek-v4-pro,high,training-big-open.zip,train/cortex-bug-hunter/case_042,analyze/ds4_pro/deepseek-v4-pro-0813.zip,True,True
big-open,cortex-bug-hunter,case_043,completed,deepseek-v4-pro,high,training-big-open.zip,train/cortex-bug-hunter/case_043,analyze/ds4_pro/deepseek-v4-pro-0813.zip,True,True
big-open,cortex-bug-hunter,case_044,completed,deepseek-v4-pro,high,training-big-open.zip,train/cortex-bug-hunter/case_044,analyze/ds4_pro/deepseek-v4-pro-0813.zip,True,True
big-open,cortex-bug-hunter,case_045,completed,deepseek-v4-pro,high,training-big-open.zip,train/cortex-bug-hunter/case_045,analyze/ds4_pro/deepseek-v4-pro-0813.zip,True,True
big-open,cortex-bug-hunter,case_046,completed,deepseek-v4-pro,high,training-big-open.zip,train/cortex-bug-hunter/case_046,analyze/ds4_pro/deepseek-v4-pro-0813.zip,True,True
big-open,cortex-bug-hunter,case_047,completed,deepseek-v4-pro,high,training-big-open.zip,train/cortex-bug-hunter/case_047,analyze/ds4_pro/deepseek-v4-pro-0813.zip,True,True
big-open,cortex-bug-hunter,case_048,completed,deepseek-v4-pro,high,training-big-open.zip,train/cortex-bug-hunter/case_048,analyze/ds4_pro/deepseek-v4-pro-0813.zip,True,True
big-open,cortex-bug-hunter,case_049,completed,deepseek-v4-pro,high,training-big-open.zip,train/cortex-bug-hunter/case_049,analyze/ds4_pro/deepseek-v4-pro-0813.zip,True,True
big-open,cortex-bug-hunter,case_050,completed,deepseek-v4-pro,high,training-big-open.zip,train/cortex-bug-hunter/case_050,analyze/ds4_pro/deepseek-v4-pro-0813.zip,True,True
big-open,cortex-bug-hunter,case_051,completed,deepseek-v4-pro,high,training-big-open.zip,train/cortex-bug-hunter/case_051,analyze/ds4_pro/deepseek-v4-pro-0813.zip,True,True
big-open,cortex-bug-hunter,case_052,completed,deepseek-v4-pro,high,training-big-open.zip,train/cortex-bug-hunter/case_052,analyze/ds4_pro/deepseek-v4-pro-0813.zip,True,True
big-open,cortex-bug-hunter,case_053,completed,deepseek-v4-pro,high,training-big-open.zip,train/cortex-bug-hunter/case_053,analyze/ds4_pro/deepseek-v4-pro-0813.zip,True,True
big-open,cortex-bug-hunter,case_054,completed,deepseek-v4-pro,high,training-big-open.zip,train/cortex-bug-hunter/case_054,analyze/ds4_pro/deepseek-v4-pro-0813.zip,True,True
big-open,cortex-bug-hunter,case_055,completed,deepseek-v4-pro,high,training-big-open.zip,train/cortex-bug-hunter/case_055,analyze/ds4_pro/deepseek-v4-pro-0813.zip,True,True
big-open,cortex-bug-hunter,case_056,completed,deepseek-v4-pro,high,training-big-open.zip,train/cortex-bug-hunter/case_056,analyze/ds4_pro/deepseek-v4-pro-0813.zip,True,True
big-open,cortex-bug-hunter,case_057,completed,deepseek-v4-pro,high,training-big-open.zip,train/cortex-bug-hunter/case_057,analyze/ds4_pro/deepseek-v4-pro-0813.zip,True,True
big-open,cortex-bug-hunter,case_058,completed,deepseek-v4-pro,high,training-big-open.zip,train/cortex-bug-hunter/case_058,analyze/ds4_pro/deepseek-v4-pro-0813.zip,True,True
big-open,cortex-bug-hunter,case_059,completed,deepseek-v4-pro,high,training-big-open.zip,train/cortex-bug-hunter/case_059,analyze/ds4_pro/deepseek-v4-pro-0813.zip,True,True
big-open,cortex-bug-hunter,case_060,completed,deepseek-v4-pro,high,training-big-open.zip,train/cortex-bug-hunter/case_060,analyze/ds4_pro/deepseek-v4-pro-0813.zip,True,True
big-open,cortex-bug-hunter,case_061,completed,deepseek-v4-pro,high,training-big-open.zip,train/cortex-bug-hunter/case_061,analyze/ds4_pro/deepseek-v4-pro-0813.zip,True,True
big-open,cortex-bug-hunter,case_062,completed,deepseek-v4-pro,high,training-big-open.zip,train/cortex-bug-hunter/case_062,analyze/ds4_pro/deepseek-v4-pro-0813.zip,True,True
big-open,cortex-bug-hunter,case_063,completed,deepseek-v4-pro,high,training-big-open.zip,train/cortex-bug-hunter/case_063,analyze/ds4_pro/deepseek-v4-pro-0813.zip,True,True
big-open,cortex-bug-hunter,case_064,completed,deepseek-v4-pro,high,training-big-open.zip,train/cortex-bug-hunter/case_064,analyze/ds4_pro/deepseek-v4-pro-0813.zip,True,True
big-open,cortex-bug-hunter,case_065,completed,deepseek-v4-pro,high,training-big-open.zip,train/cortex-bug-hunter/case_065,analyze/ds4_pro/deepseek-v4-pro-0813.zip,True,True
big-open,cortex-bug-hunter,case_066,completed,deepseek-v4-pro,high,training-big-open.zip,train/cortex-bug-hunter/case_066,analyze/ds4_pro/deepseek-v4-pro-0813.zip,True,True
big-open,cortex-bug-hunter,case_067,completed,deepseek-v4-pro,high,training-big-open.zip,train/cortex-bug-hunter/case_067,analyze/ds4_pro/deepseek-v4-pro-0813.zip,True,True
big-open,cortex-bug-hunter,case_068,completed,deepseek-v4-pro,high,training-big-open.zip,train/cortex-bug-hunter/case_068,analyze/ds4_pro/deepseek-v4-pro-0813.zip,True,True
big-open,cortex-bug-hunter,case_069,completed,deepseek-v4-pro,high,training-big-open.zip,train/cortex-bug-hunter/case_069,analyze/ds4_pro/deepseek-v4-pro-0813.zip,True,True
big-open,cortex-bug-hunter,case_070,completed,deepseek-v4-pro,high,training-big-open.zip,train/cortex-bug-hunter/case_070,analyze/ds4_pro/deepseek-v4-pro-0813.zip,True,True
big-open,cortex-bug-hunter,case_071,completed,deepseek-v4-pro,high,training-big-open.zip,train/cortex-bug-hunter/case_071,analyze/ds4_pro/deepseek-v4-pro-0813.zip,True,True
big-open,cortex-bug-hunter,case_072,completed,deepseek-v4-pro,high,training-big-open.zip,train/cortex-bug-hunter/case_072,analyze/ds4_pro/deepseek-v4-pro-0813.zip,True,True
big-open,cortex-bug-hunter,case_073,completed,deepseek-v4-pro,high,training-big-open.zip,train/cortex-bug-hunter/case_073,analyze/ds4_pro/deepseek-v4-pro-0813.zip,True,True
big-open,cortex-bug-hunter,case_074,completed,deepseek-v4-pro,high,training-big-open.zip,train/cortex-bug-hunter/case_074,analyze/ds4_pro/deepseek-v4-pro-0813.zip,True,True
big-open,cortex-bug-hunter,case_075,completed,deepseek-v4-pro,high,training-big-open.zip,train/cortex-bug-hunter/case_075,analyze/ds4_pro/deepseek-v4-pro-0813.zip,True,True
big-open,cortex-bug-hunter,case_076,completed,deepseek-v4-pro,high,training-big-open.zip,train/cortex-bug-hunter/case_076,analyze/ds4_pro/deepseek-v4-pro-0813.zip,True,True
big-open,cortex-bug-hunter,case_077,completed,deepseek-v4-pro,high,training-big-open.zip,train/cortex-bug-hunter/case_077,analyze/ds4_pro/deepseek-v4-pro-0813.zip,True,True
big-open,cortex-bug-hunter,case_078,completed,deepseek-v4-pro,high,training-big-open.zip,train/cortex-bug-hunter/case_078,analyze/ds4_pro/deepseek-v4-pro-0813.zip,True,True
big-open,cortex-bug-hunter,case_079,completed,deepseek-v4-pro,high,training-big-open.zip,train/cortex-bug-hunter/case_079,analyze/ds4_pro/deepseek-v4-pro-0813.zip,True,True
big-open,cortex-bug-hunter,case_080,completed,deepseek-v4-pro,high,training-big-open.zip,train/cortex-bug-hunter/case_080,analyze/ds4_pro/deepseek-v4-pro-0813.zip,True,True
big-open,cortex-bug-hunter,case_081,completed,deepseek-v4-pro,high,training-big-open.zip,train/cortex-bug-hunter/case_081,analyze/ds4_pro/deepseek-v4-pro-0813.zip,True,True
big-open,cortex-bug-hunter,case_082,completed,deepseek-v4-pro,high,training-big-open.zip,train/cortex-bug-hunter/case_082,analyze/ds4_pro/deepseek-v4-pro-0813.zip,True,True
big-open,cortex-bug-hunter,case_083,completed,deepseek-v4-pro,high,training-big-open.zip,train/cortex-bug-hunter/case_083,analyze/ds4_pro/deepseek-v4-pro-0813.zip,True,True
big-open,cortex-bug-hunter,case_084,completed,deepseek-v4-pro,high,training-big-open.zip,train/cortex-bug-hunter/case_084,analyze/ds4_pro/deepseek-v4-pro-0813.zip,True,True
big-open,cortex-bug-hunter,case_085,completed,deepseek-v4-pro,high,training-big-open.zip,train/cortex-bug-hunter/case_085,analyze/ds4_pro/deepseek-v4-pro-0813.zip,True,True
big-open,cortex-bug-hunter,case_086,completed,deepseek-v4-pro,high,training-big-open.zip,train/cortex-bug-hunter/case_086,analyze/ds4_pro/deepseek-v4-pro-0813.zip,True,True
big-open,cortex-bug-hunter,case_087,completed,deepseek-v4-pro,high,training-big-open.zip,train/cortex-bug-hunter/case_087,analyze/ds4_pro/deepseek-v4-pro-0813.zip,True,True
big-open,cortex-bug-hunter,case_088,completed,deepseek-v4-pro,high,training-big-open.zip,train/cortex-bug-hunter/case_088,analyze/ds4_pro/deepseek-v4-pro-0813.zip,True,True
big-open,cortex-bug-hunter,case_089,completed,deepseek-v4-pro,high,training-big-open.zip,train/cortex-bug-hunter/case_089,analyze/ds4_pro/deepseek-v4-pro-0813.zip,True,True
big-open,cortex-bug-hunter,case_090,completed,deepseek-v4-pro,high,training-big-open.zip,train/cortex-bug-hunter/case_090,analyze/ds4_pro/deepseek-v4-pro-0813.zip,True,True
big-open,cortex-bug-hunter,case_091,completed,deepseek-v4-pro,high,training-big-open.zip,train/cortex-bug-hunter/case_091,analyze/ds4_pro/deepseek-v4-pro-0813.zip,True,True
big-open,cortex-bug-hunter,case_092,completed,deepseek-v4-pro,high,training-big-open.zip,train/cortex-bug-hunter/case_092,analyze/ds4_pro/deepseek-v4-pro-0813.zip,True,True
big-open,cortex-bug-hunter,case_093,completed,deepseek-v4-pro,high,training-big-open.zip,train/cortex-bug-hunter/case_093,analyze/ds4_pro/deepseek-v4-pro-0813.zip,True,True
big-open,cortex-bug-hunter,case_094,completed,deepseek-v4-pro,high,training-big-open.zip,train/cortex-bug-hunter/case_094,analyze/ds4_pro/deepseek-v4-pro-0813.zip,True,True
big-open,cortex-bug-hunter,case_095,completed,deepseek-v4-pro,high,training-big-open.zip,train/cortex-bug-hunter/case_095,analyze/ds4_pro/deepseek-v4-pro-0813.zip,True,True
big-open,cortex-bug-hunter,case_096,completed,deepseek-v4-pro,high,training-big-open.zip,train/cortex-bug-hunter/case_096,analyze/ds4_pro/deepseek-v4-pro-0813.zip,True,True
big-open,cortex-bug-hunter,case_097,completed,deepseek-v4-pro,high,training-big-open.zip,train/cortex-bug-hunter/case_097,analyze/ds4_pro/deepseek-v4-pro-0813.zip,True,True
big-open,cortex-bug-hunter,case_098,completed,deepseek-v4-pro,high,training-big-open.zip,train/cortex-bug-hunter/case_098,analyze/ds4_pro/deepseek-v4-pro-0813.zip,True,True
big-open,cortex-bug-hunter,case_099,completed,deepseek-v4-pro,high,training-big-open.zip,train/cortex-bug-hunter/case_099,analyze/ds4_pro/deepseek-v4-pro-0813.zip,True,True
big-open,cortex-bug-hunter,case_100,completed,deepseek-v4-pro,high,training-big-open.zip,train/cortex-bug-hunter/case_100,analyze/ds4_pro/deepseek-v4-pro-0813.zip,True,True
big-open,crewrig-security,case_001,completed,deepseek-v4-pro,high,training-big-open.zip,train/crewrig-security/case_001,analyze/ds4_pro/deepseek-v4-pro-0813.zip,True,True
big-open,crewrig-security,case_002,completed,deepseek-v4-pro,high,training-big-open.zip,train/crewrig-security/case_002,analyze/ds4_pro/deepseek-v4-pro-0813.zip,True,True
big-open,crewrig-security,case_003,completed,deepseek-v4-pro,high,training-big-open.zip,train/crewrig-security/case_003,analyze/ds4_pro/deepseek-v4-pro-0813.zip,True,True
big-open,crewrig-security,case_004,completed,deepseek-v4-pro,high,training-big-open.zip,train/crewrig-security/case_004,analyze/ds4_pro/deepseek-v4-pro-0813.zip,True,True
big-open,crewrig-security,case_005,completed,deepseek-v4-pro,high,training-big-open.zip,train/crewrig-security/case_005,analyze/ds4_pro/deepseek-v4-pro-0813.zip,True,True
big-open,crewrig-security,case_006,completed,deepseek-v4-pro,high,training-big-open.zip,train/crewrig-security/case_006,analyze/ds4_pro/deepseek-v4-pro-0813.zip,True,True
big-open,crewrig-security,case_007,completed,deepseek-v4-pro,high,training-big-open.zip,train/crewrig-security/case_007,analyze/ds4_pro/deepseek-v4-pro-0813.zip,True,True
big-open,crewrig-security,case_008,completed,deepseek-v4-pro,high,training-big-open.zip,train/crewrig-security/case_008,analyze/ds4_pro/deepseek-v4-pro-0813.zip,True,True
big-open,crewrig-security,case_009,completed,deepseek-v4-pro,high,training-big-open.zip,train/crewrig-security/case_009,analyze/ds4_pro/deepseek-v4-pro-0813.zip,True,True
big-open,crewrig-security,case_010,completed,deepseek-v4-pro,high,training-big-open.zip,train/crewrig-security/case_010,analyze/ds4_pro/deepseek-v4-pro-0813.zip,True,True
big-open,crewrig-security,case_011,completed,deepseek-v4-pro,high,training-big-open.zip,train/crewrig-security/case_011,analyze/ds4_pro/deepseek-v4-pro-0813.zip,True,True
big-open,crewrig-security,case_012,completed,deepseek-v4-pro,high,training-big-open.zip,train/crewrig-security/case_012,analyze/ds4_pro/deepseek-v4-pro-0813.zip,True,True
big-open,crewrig-security,case_013,completed,deepseek-v4-pro,high,training-big-open.zip,train/crewrig-security/case_013,analyze/ds4_pro/deepseek-v4-pro-0813.zip,True,True
big-open,crewrig-security,case_014,completed,deepseek-v4-pro,high,training-big-open.zip,train/crewrig-security/case_014,analyze/ds4_pro/deepseek-v4-pro-0813.zip,True,True
big-open,crewrig-security,case_015,completed,deepseek-v4-pro,high,training-big-open.zip,train/crewrig-security/case_015,analyze/ds4_pro/deepseek-v4-pro-0813.zip,True,True
big-open,crewrig-security,case_016,completed,deepseek-v4-pro,high,training-big-open.zip,train/crewrig-security/case_016,analyze/ds4_pro/deepseek-v4-pro-0813.zip,True,True
big-open,crewrig-security,case_017,completed,deepseek-v4-pro,high,training-big-open.zip,train/crewrig-security/case_017,analyze/ds4_pro/deepseek-v4-pro-0813.zip,True,True
big-open,crewrig-security,case_018,completed,deepseek-v4-pro,high,training-big-open.zip,train/crewrig-security/case_018,analyze/ds4_pro/deepseek-v4-pro-0813.zip,True,True
big-open,crewrig-security,case_019,completed,deepseek-v4-pro,high,training-big-open.zip,train/crewrig-security/case_019,analyze/ds4_pro/deepseek-v4-pro-0813.zip,True,True
big-open,crewrig-security,case_020,completed,deepseek-v4-pro,high,training-big-open.zip,train/crewrig-security/case_020,analyze/ds4_pro/deepseek-v4-pro-0813.zip,True,True
big-open,crewrig-security,case_021,completed,deepseek-v4-pro,high,training-big-open.zip,train/crewrig-security/case_021,analyze/ds4_pro/deepseek-v4-pro-0813.zip,True,True
big-open,crewrig-security,case_022,completed,deepseek-v4-pro,high,training-big-open.zip,train/crewrig-security/case_022,analyze/ds4_pro/deepseek-v4-pro-0813.zip,True,True
big-open,crewrig-security,case_023,completed,deepseek-v4-pro,high,training-big-open.zip,train/crewrig-security/case_023,analyze/ds4_pro/deepseek-v4-pro-0813.zip,True,True
big-open,crewrig-security,case_024,completed,deepseek-v4-pro,high,training-big-open.zip,train/crewrig-security/case_024,analyze/ds4_pro/deepseek-v4-pro-0813.zip,True,True
big-open,crewrig-security,case_025,completed,deepseek-v4-pro,high,training-big-open.zip,train/crewrig-security/case_025,analyze/ds4_pro/deepseek-v4-pro-0813.zip,True,True
big-open,crewrig-security,case_026,completed,deepseek-v4-pro,high,training-big-open.zip,train/crewrig-security/case_026,analyze/ds4_pro/deepseek-v4-pro-0813.zip,True,True
big-open,crewrig-security,case_027,completed,deepseek-v4-pro,high,training-big-open.zip,train/crewrig-security/case_027,analyze/ds4_pro/deepseek-v4-pro-0813.zip,True,True
big-open,crewrig-security,case_028,completed,deepseek-v4-pro,high,training-big-open.zip,train/crewrig-security/case_028,analyze/ds4_pro/deepseek-v4-pro-0813.zip,True,True
big-open,crewrig-security,case_029,completed,deepseek-v4-pro,high,training-big-open.zip,train/crewrig-security/case_029,analyze/ds4_pro/deepseek-v4-pro-0813.zip,True,True
big-open,crewrig-security,case_030,completed,deepseek-v4-pro,high,training-big-open.zip,train/crewrig-security/case_030,analyze/ds4_pro/deepseek-v4-pro-0813.zip,True,True
big-open,crewrig-security,case_031,completed,deepseek-v4-pro,high,training-big-open.zip,train/crewrig-security/case_031,analyze/ds4_pro/deepseek-v4-pro-0813.zip,True,True
big-open,crewrig-security,case_032,completed,deepseek-v4-pro,high,training-big-open.zip,train/crewrig-security/case_032,analyze/ds4_pro/deepseek-v4-pro-0813.zip,True,True
big-open,crewrig-security,case_033,completed,deepseek-v4-pro,high,training-big-open.zip,train/crewrig-security/case_033,analyze/ds4_pro/deepseek-v4-pro-0813.zip,True,True
big-open,crewrig-security,case_034,completed,deepseek-v4-pro,high,training-big-open.zip,train/crewrig-security/case_034,analyze/ds4_pro/deepseek-v4-pro-0813.zip,True,True
big-open,crewrig-security,case_035,completed,deepseek-v4-pro,high,training-big-open.zip,train/crewrig-security/case_035,analyze/ds4_pro/deepseek-v4-pro-0813.zip,True,True
big-open,crewrig-security,case_036,completed,deepseek-v4-pro,high,training-big-open.zip,train/crewrig-security/case_036,analyze/ds4_pro/deepseek-v4-pro-0813.zip,True,True
big-open,crewrig-security,case_037,completed,deepseek-v4-pro,high,training-big-open.zip,train/crewrig-security/case_037,analyze/ds4_pro/deepseek-v4-pro-0813.zip,True,True
big-open,crewrig-security,case_038,completed,deepseek-v4-pro,high,training-big-open.zip,train/crewrig-security/case_038,analyze/ds4_pro/deepseek-v4-pro-0813.zip,True,True
big-open,crewrig-security,case_039,completed,deepseek-v4-pro,high,training-big-open.zip,train/crewrig-security/case_039,analyze/ds4_pro/deepseek-v4-pro-0813.zip,True,True
big-open,crewrig-security,case_040,completed,deepseek-v4-pro,high,training-big-open.zip,train/crewrig-security/case_040,analyze/ds4_pro/deepseek-v4-pro-0813.zip,True,True
big-open,crewrig-security,case_041,completed,deepseek-v4-pro,high,training-big-open.zip,train/crewrig-security/case_041,analyze/ds4_pro/deepseek-v4-pro-0813.zip,True,True
big-open,crewrig-security,case_042,completed,deepseek-v4-pro,high,training-big-open.zip,train/crewrig-security/case_042,analyze/ds4_pro/deepseek-v4-pro-0813.zip,True,True
big-open,crewrig-security,case_043,completed,deepseek-v4-pro,high,training-big-open.zip,train/crewrig-security/case_043,analyze/ds4_pro/deepseek-v4-pro-0813.zip,True,True
big-open,crewrig-security,case_044,completed,deepseek-v4-pro,high,training-big-open.zip,train/crewrig-security/case_044,analyze/ds4_pro/deepseek-v4-pro-0813.zip,True,True
big-open,crewrig-security,case_045,completed,deepseek-v4-pro,high,training-big-open.zip,train/crewrig-security/case_045,analyze/ds4_pro/deepseek-v4-pro-0813.zip,True,True
big-open,crewrig-security,case_046,completed,deepseek-v4-pro,high,training-big-open.zip,train/crewrig-security/case_046,analyze/ds4_pro/deepseek-v4-pro-0813.zip,True,True
big-open,crewrig-security,case_047,completed,deepseek-v4-pro,high,training-big-open.zip,train/crewrig-security/case_047,analyze/ds4_pro/deepseek-v4-pro-0813.zip,True,True
big-open,crewrig-security,case_048,completed,deepseek-v4-pro,high,training-big-open.zip,train/crewrig-security/case_048,analyze/ds4_pro/deepseek-v4-pro-0813.zip,True,True
big-open,crewrig-security,case_049,completed,deepseek-v4-pro,high,training-big-open.zip,train/crewrig-security/case_049,analyze/ds4_pro/deepseek-v4-pro-0813.zip,True,True
big-open,crewrig-security,case_050,completed,deepseek-v4-pro,high,training-big-open.zip,train/crewrig-security/case_050,analyze/ds4_pro/deepseek-v4-pro-0813.zip,True,True
big-open,crewrig-security,case_051,completed,deepseek-v4-pro,high,training-big-open.zip,train/crewrig-security/case_051,analyze/ds4_pro/deepseek-v4-pro-0813.zip,True,True
big-open,crewrig-security,case_052,completed,deepseek-v4-pro,high,training-big-open.zip,train/crewrig-security/case_052,analyze/ds4_pro/deepseek-v4-pro-0813.zip,True,True
big-open,crewrig-security,case_053,completed,deepseek-v4-pro,high,training-big-open.zip,train/crewrig-security/case_053,analyze/ds4_pro/deepseek-v4-pro-0813.zip,True,True
big-open,crewrig-security,case_054,completed,deepseek-v4-pro,high,training-big-open.zip,train/crewrig-security/case_054,analyze/ds4_pro/deepseek-v4-pro-0813.zip,True,True
big-open,crewrig-security,case_055,completed,deepseek-v4-pro,high,training-big-open.zip,train/crewrig-security/case_055,analyze/ds4_pro/deepseek-v4-pro-0813.zip,True,True
big-open,crewrig-security,case_056,completed,deepseek-v4-pro,high,training-big-open.zip,train/crewrig-security/case_056,analyze/ds4_pro/deepseek-v4-pro-0813.zip,True,True
big-open,crewrig-security,case_057,completed,deepseek-v4-pro,high,training-big-open.zip,train/crewrig-security/case_057,analyze/ds4_pro/deepseek-v4-pro-0813.zip,True,True
big-open,crewrig-security,case_058,completed,deepseek-v4-pro,high,training-big-open.zip,train/crewrig-security/case_058,analyze/ds4_pro/deepseek-v4-pro-0813.zip,True,True
big-open,crewrig-security,case_059,completed,deepseek-v4-pro,high,training-big-open.zip,train/crewrig-security/case_059,analyze/ds4_pro/deepseek-v4-pro-0813.zip,True,True
big-open,crewrig-security,case_060,completed,deepseek-v4-pro,high,training-big-open.zip,train/crewrig-security/case_060,analyze/ds4_pro/deepseek-v4-pro-0813.zip,True,True
big-open,crewrig-security,case_061,completed,deepseek-v4-pro,high,training-big-open.zip,train/crewrig-security/case_061,analyze/ds4_pro/deepseek-v4-pro-0813.zip,True,True
big-open,crewrig-security,case_062,completed,deepseek-v4-pro,high,training-big-open.zip,train/crewrig-security/case_062,analyze/ds4_pro/deepseek-v4-pro-0813.zip,True,True
big-open,crewrig-security,case_063,completed,deepseek-v4-pro,high,training-big-open.zip,train/crewrig-security/case_063,analyze/ds4_pro/deepseek-v4-pro-0813.zip,True,True
big-open,crewrig-security,case_064,completed,deepseek-v4-pro,high,training-big-open.zip,train/crewrig-security/case_064,analyze/ds4_pro/deepseek-v4-pro-0813.zip,True,True
big-open,crewrig-security,case_065,completed,deepseek-v4-pro,high,training-big-open.zip,train/crewrig-security/case_065,analyze/ds4_pro/deepseek-v4-pro-0813.zip,True,True
big-open,crewrig-security,case_066,completed,deepseek-v4-pro,high,training-big-open.zip,train/crewrig-security/case_066,analyze/ds4_pro/deepseek-v4-pro-0813.zip,True,True
big-open,crewrig-security,case_067,completed,deepseek-v4-pro,high,training-big-open.zip,train/crewrig-security/case_067,analyze/ds4_pro/deepseek-v4-pro-0813.zip,True,True
big-open,crewrig-security,case_068,completed,deepseek-v4-pro,high,training-big-open.zip,train/crewrig-security/case_068,analyze/ds4_pro/deepseek-v4-pro-0813.zip,True,True
big-open,crewrig-security,case_069,completed,deepseek-v4-pro,high,training-big-open.zip,train/crewrig-security/case_069,analyze/ds4_pro/deepseek-v4-pro-0813.zip,True,True
big-open,crewrig-security,case_070,completed,deepseek-v4-pro,high,training-big-open.zip,train/crewrig-security/case_070,analyze/ds4_pro/deepseek-v4-pro-0813.zip,True,True
big-open,crewrig-security,case_071,completed,deepseek-v4-pro,high,training-big-open.zip,train/crewrig-security/case_071,analyze/ds4_pro/deepseek-v4-pro-0813.zip,True,True
big-open,crewrig-security,case_072,completed,deepseek-v4-pro,high,training-big-open.zip,train/crewrig-security/case_072,analyze/ds4_pro/deepseek-v4-pro-0813.zip,True,True
big-open,crewrig-security,case_073,completed,deepseek-v4-pro,high,training-big-open.zip,train/crewrig-security/case_073,analyze/ds4_pro/deepseek-v4-pro-0813.zip,True,True
big-open,crewrig-security,case_074,completed,deepseek-v4-pro,high,training-big-open.zip,train/crewrig-security/case_074,analyze/ds4_pro/deepseek-v4-pro-0813.zip,True,True
big-open,crewrig-security,case_075,completed,deepseek-v4-pro,high,training-big-open.zip,train/crewrig-security/case_075,analyze/ds4_pro/deepseek-v4-pro-0813.zip,True,True
big-open,crewrig-security,case_076,completed,deepseek-v4-pro,high,training-big-open.zip,train/crewrig-security/case_076,analyze/ds4_pro/deepseek-v4-pro-0813.zip,True,True
big-open,crewrig-security,case_077,completed,deepseek-v4-pro,high,training-big-open.zip,train/crewrig-security/case_077,analyze/ds4_pro/deepseek-v4-pro-0813.zip,True,True
big-open,crewrig-security,case_078,completed,deepseek-v4-pro,high,training-big-open.zip,train/crewrig-security/case_078,analyze/ds4_pro/deepseek-v4-pro-0813.zip,True,True
big-open,crewrig-security,case_079,completed,deepseek-v4-pro,high,training-big-open.zip,train/crewrig-security/case_079,analyze/ds4_pro/deepseek-v4-pro-0813.zip,True,True
big-open,crewrig-security,case_080,completed,deepseek-v4-pro,high,training-big-open.zip,train/crewrig-security/case_080,analyze/ds4_pro/deepseek-v4-pro-0813.zip,True,True
big-open,crewrig-security,case_081,completed,deepseek-v4-pro,high,training-big-open.zip,train/crewrig-security/case_081,analyze/ds4_pro/deepseek-v4-pro-0813.zip,True,True
big-open,crewrig-security,case_082,completed,deepseek-v4-pro,high,training-big-open.zip,train/crewrig-security/case_082,analyze/ds4_pro/deepseek-v4-pro-0813.zip,True,True
big-open,crewrig-security,case_083,completed,deepseek-v4-pro,high,training-big-open.zip,train/crewrig-security/case_083,analyze/ds4_pro/deepseek-v4-pro-0813.zip,True,True
big-open,crewrig-security,case_084,completed,deepseek-v4-pro,high,training-big-open.zip,train/crewrig-security/case_084,analyze/ds4_pro/deepseek-v4-pro-0813.zip,True,True
big-open,crewrig-security,case_085,completed,deepseek-v4-pro,high,training-big-open.zip,train/crewrig-security/case_085,analyze/ds4_pro/deepseek-v4-pro-0813.zip,True,True
big-open,crewrig-security,case_086,completed,deepseek-v4-pro,high,training-big-open.zip,train/crewrig-security/case_086,analyze/ds4_pro/deepseek-v4-pro-0813.zip,True,True
big-open,crewrig-security,case_087,completed,deepseek-v4-pro,high,training-big-open.zip,train/crewrig-security/case_087,analyze/ds4_pro/deepseek-v4-pro-0813.zip,True,True
big-open,crewrig-security,case_088,completed,deepseek-v4-pro,high,training-big-open.zip,train/crewrig-security/case_088,analyze/ds4_pro/deepseek-v4-pro-0813.zip,True,True
big-open,crewrig-security,case_089,completed,deepseek-v4-pro,high,training-big-open.zip,train/crewrig-security/case_089,analyze/ds4_pro/deepseek-v4-pro-0813.zip,True,True
big-open,crewrig-security,case_090,completed,deepseek-v4-pro,high,training-big-open.zip,train/crewrig-security/case_090,analyze/ds4_pro/deepseek-v4-pro-0813.zip,True,True
big-open,crewrig-security,case_091,completed,deepseek-v4-pro,high,training-big-open.zip,train/crewrig-security/case_091,analyze/ds4_pro/deepseek-v4-pro-0813.zip,True,True
big-open,crewrig-security,case_092,completed,deepseek-v4-pro,high,training-big-open.zip,train/crewrig-security/case_092,analyze/ds4_pro/deepseek-v4-pro-0813.zip,True,True
big-open,crewrig-security,case_093,completed,deepseek-v4-pro,high,training-big-open.zip,train/crewrig-security/case_093,analyze/ds4_pro/deepseek-v4-pro-0813.zip,True,True
big-open,crewrig-security,case_094,completed,deepseek-v4-pro,high,training-big-open.zip,train/crewrig-security/case_094,analyze/ds4_pro/deepseek-v4-pro-0813.zip,True,True
big-open,crewrig-security,case_095,completed,deepseek-v4-pro,high,training-big-open.zip,train/crewrig-security/case_095,analyze/ds4_pro/deepseek-v4-pro-0813.zip,True,True
big-open,crewrig-security,case_096,completed,deepseek-v4-pro,high,training-big-open.zip,train/crewrig-security/case_096,analyze/ds4_pro/deepseek-v4-pro-0813.zip,True,True
big-open,crewrig-security,case_097,completed,deepseek-v4-pro,high,training-big-open.zip,train/crewrig-security/case_097,analyze/ds4_pro/deepseek-v4-pro-0813.zip,True,True
big-open,crewrig-security,case_098,completed,deepseek-v4-pro,high,training-big-open.zip,train/crewrig-security/case_098,analyze/ds4_pro/deepseek-v4-pro-0813.zip,True,True
big-open,crewrig-security,case_099,completed,deepseek-v4-pro,high,training-big-open.zip,train/crewrig-security/case_099,analyze/ds4_pro/deepseek-v4-pro-0813.zip,True,True
big-open,crewrig-security,case_100,completed,deepseek-v4-pro,high,training-big-open.zip,train/crewrig-security/case_100,analyze/ds4_pro/deepseek-v4-pro-0813.zip,True,True
big-open,cybersecurity-review,case_001,completed,deepseek/deepseek-v4-pro-0813,high,training-big-open.zip,train/cybersecurity-review/case_001,analyze/ds4_pro/deepseek-v4-pro-0813.zip,True,True
big-open,cybersecurity-review,case_002,completed,deepseek/deepseek-v4-pro-0813,high,training-big-open.zip,train/cybersecurity-review/case_002,analyze/ds4_pro/deepseek-v4-pro-0813.zip,True,True
big-open,cybersecurity-review,case_003,completed,deepseek/deepseek-v4-pro-0813,high,training-big-open.zip,train/cybersecurity-review/case_003,analyze/ds4_pro/deepseek-v4-pro-0813.zip,True,True
big-open,cybersecurity-review,case_004,completed,deepseek/deepseek-v4-pro-0813,high,training-big-open.zip,train/cybersecurity-review/case_004,analyze/ds4_pro/deepseek-v4-pro-0813.zip,True,True
big-open,cybersecurity-review,case_005,completed,deepseek/deepseek-v4-pro-0813,high,training-big-open.zip,train/cybersecurity-review/case_005,analyze/ds4_pro/deepseek-v4-pro-0813.zip,True,True
big-open,cybersecurity-review,case_006,completed,deepseek/deepseek-v4-pro-0813,high,training-big-open.zip,train/cybersecurity-review/case_006,analyze/ds4_pro/deepseek-v4-pro-0813.zip,True,True
big-open,cybersecurity-review,case_007,completed,deepseek/deepseek-v4-pro-0813,high,training-big-open.zip,train/cybersecurity-review/case_007,analyze/ds4_pro/deepseek-v4-pro-0813.zip,True,True
big-open,cybersecurity-review,case_008,completed,deepseek/deepseek-v4-pro-0813,high,training-big-open.zip,train/cybersecurity-review/case_008,analyze/ds4_pro/deepseek-v4-pro-0813.zip,True,True
big-open,cybersecurity-review,case_009,completed,deepseek/deepseek-v4-pro-0813,high,training-big-open.zip,train/cybersecurity-review/case_009,analyze/ds4_pro/deepseek-v4-pro-0813.zip,True,True
big-open,cybersecurity-review,case_010,completed,deepseek/deepseek-v4-pro-0813,high,training-big-open.zip,train/cybersecurity-review/case_010,analyze/ds4_pro/deepseek-v4-pro-0813.zip,True,True
big-open,cybersecurity-review,case_011,completed,deepseek/deepseek-v4-pro-0813,high,training-big-open.zip,train/cybersecurity-review/case_011,analyze/ds4_pro/deepseek-v4-pro-0813.zip,True,True
big-open,cybersecurity-review,case_012,completed,deepseek/deepseek-v4-pro-0813,high,training-big-open.zip,train/cybersecurity-review/case_012,analyze/ds4_pro/deepseek-v4-pro-0813.zip,True,True
big-open,cybersecurity-review,case_013,completed,deepseek/deepseek-v4-pro-0813,high,training-big-open.zip,train/cybersecurity-review/case_013,analyze/ds4_pro/deepseek-v4-pro-0813.zip,True,True
big-open,cybersecurity-review,case_014,completed,deepseek/deepseek-v4-pro-0813,high,training-big-open.zip,train/cybersecurity-review/case_014,analyze/ds4_pro/deepseek-v4-pro-0813.zip,True,True
big-open,cybersecurity-review,case_015,completed,deepseek/deepseek-v4-pro-0813,high,training-big-open.zip,train/cybersecurity-review/case_015,analyze/ds4_pro/deepseek-v4-pro-0813.zip,True,True
big-open,cybersecurity-review,case_016,completed,deepseek/deepseek-v4-pro-0813,high,training-big-open.zip,train/cybersecurity-review/case_016,analyze/ds4_pro/deepseek-v4-pro-0813.zip,True,True
big-open,cybersecurity-review,case_017,completed,deepseek/deepseek-v4-pro-0813,high,training-big-open.zip,train/cybersecurity-review/case_017,analyze/ds4_pro/deepseek-v4-pro-0813.zip,True,True
big-open,cybersecurity-review,case_018,completed,deepseek/deepseek-v4-pro-0813,high,training-big-open.zip,train/cybersecurity-review/case_018,analyze/ds4_pro/deepseek-v4-pro-0813.zip,True,True
big-open,cybersecurity-review,case_019,completed,deepseek/deepseek-v4-pro-0813,high,training-big-open.zip,train/cybersecurity-review/case_019,analyze/ds4_pro/deepseek-v4-pro-0813.zip,True,True
big-open,cybersecurity-review,case_020,completed,deepseek/deepseek-v4-pro-0813,high,training-big-open.zip,train/cybersecurity-review/case_020,analyze/ds4_pro/deepseek-v4-pro-0813.zip,True,True
big-open,cybersecurity-review,case_021,completed,deepseek/deepseek-v4-pro-0813,high,training-big-open.zip,train/cybersecurity-review/case_021,analyze/ds4_pro/deepseek-v4-pro-0813.zip,True,True
big-open,cybersecurity-review,case_022,completed,deepseek/deepseek-v4-pro-0813,high,training-big-open.zip,train/cybersecurity-review/case_022,analyze/ds4_pro/deepseek-v4-pro-0813.zip,True,True
big-open,cybersecurity-review,case_023,completed,deepseek/deepseek-v4-pro-0813,high,training-big-open.zip,train/cybersecurity-review/case_023,analyze/ds4_pro/deepseek-v4-pro-0813.zip,True,True
big-open,cybersecurity-review,case_024,completed,deepseek/deepseek-v4-pro-0813,high,training-big-open.zip,train/cybersecurity-review/case_024,analyze/ds4_pro/deepseek-v4-pro-0813.zip,True,True
big-open,cybersecurity-review,case_025,completed,deepseek/deepseek-v4-pro-0813,high,training-big-open.zip,train/cybersecurity-review/case_025,analyze/ds4_pro/deepseek-v4-pro-0813.zip,True,True
big-open,cybersecurity-review,case_026,completed,deepseek/deepseek-v4-pro-0813,high,training-big-open.zip,train/cybersecurity-review/case_026,analyze/ds4_pro/deepseek-v4-pro-0813.zip,True,True
big-open,cybersecurity-review,case_027,completed,deepseek/deepseek-v4-pro-0813,high,training-big-open.zip,train/cybersecurity-review/case_027,analyze/ds4_pro/deepseek-v4-pro-0813.zip,True,True
big-open,cybersecurity-review,case_028,completed,deepseek/deepseek-v4-pro-0813,high,training-big-open.zip,train/cybersecurity-review/case_028,analyze/ds4_pro/deepseek-v4-pro-0813.zip,True,True
big-open,cybersecurity-review,case_029,completed,deepseek/deepseek-v4-pro-0813,high,training-big-open.zip,train/cybersecurity-review/case_029,analyze/ds4_pro/deepseek-v4-pro-0813.zip,True,True
big-open,cybersecurity-review,case_030,completed,deepseek/deepseek-v4-pro-0813,high,training-big-open.zip,train/cybersecurity-review/case_030,analyze/ds4_pro/deepseek-v4-pro-0813.zip,True,True
big-open,cybersecurity-review,case_031,completed,deepseek/deepseek-v4-pro-0813,high,training-big-open.zip,train/cybersecurity-review/case_031,analyze/ds4_pro/deepseek-v4-pro-0813.zip,True,True
big-open,cybersecurity-review,case_032,completed,deepseek/deepseek-v4-pro-0813,high,training-big-open.zip,train/cybersecurity-review/case_032,analyze/ds4_pro/deepseek-v4-pro-0813.zip,True,True
big-open,cybersecurity-review,case_033,completed,deepseek/deepseek-v4-pro-0813,high,training-big-open.zip,train/cybersecurity-review/case_033,analyze/ds4_pro/deepseek-v4-pro-0813.zip,True,True
big-open,cybersecurity-review,case_034,completed,deepseek/deepseek-v4-pro-0813,high,training-big-open.zip,train/cybersecurity-review/case_034,analyze/ds4_pro/deepseek-v4-pro-0813.zip,True,True
big-open,cybersecurity-review,case_035,completed,deepseek/deepseek-v4-pro-0813,high,training-big-open.zip,train/cybersecurity-review/case_035,analyze/ds4_pro/deepseek-v4-pro-0813.zip,True,True
big-open,cybersecurity-review,case_036,completed,deepseek/deepseek-v4-pro-0813,high,training-big-open.zip,train/cybersecurity-review/case_036,analyze/ds4_pro/deepseek-v4-pro-0813.zip,True,True
big-open,cybersecurity-review,case_037,completed,deepseek/deepseek-v4-pro-0813,high,training-big-open.zip,train/cybersecurity-review/case_037,analyze/ds4_pro/deepseek-v4-pro-0813.zip,True,True
big-open,cybersecurity-review,case_038,completed,deepseek/deepseek-v4-pro-0813,high,training-big-open.zip,train/cybersecurity-review/case_038,analyze/ds4_pro/deepseek-v4-pro-0813.zip,True,True
big-open,cybersecurity-review,case_039,completed,deepseek/deepseek-v4-pro-0813,high,training-big-open.zip,train/cybersecurity-review/case_039,analyze/ds4_pro/deepseek-v4-pro-0813.zip,True,True
big-open,cybersecurity-review,case_040,completed,deepseek/deepseek-v4-pro-0813,high,training-big-open.zip,train/cybersecurity-review/case_040,analyze/ds4_pro/deepseek-v4-pro-0813.zip,True,True
big-open,cybersecurity-review,case_041,completed,deepseek/deepseek-v4-pro-0813,high,training-big-open.zip,train/cybersecurity-review/case_041,analyze/ds4_pro/deepseek-v4-pro-0813.zip,True,True
big-open,cybersecurity-review,case_042,completed,deepseek/deepseek-v4-pro-0813,high,training-big-open.zip,train/cybersecurity-review/case_042,analyze/ds4_pro/deepseek-v4-pro-0813.zip,True,True
big-open,cybersecurity-review,case_043,completed,deepseek/deepseek-v4-pro-0813,high,training-big-open.zip,train/cybersecurity-review/case_043,analyze/ds4_pro/deepseek-v4-pro-0813.zip,True,True
big-open,cybersecurity-review,case_044,completed,deepseek/deepseek-v4-pro-0813,high,training-big-open.zip,train/cybersecurity-review/case_044,analyze/ds4_pro/deepseek-v4-pro-0813.zip,True,True
big-open,cybersecurity-review,case_045,completed,deepseek/deepseek-v4-pro-0813,high,training-big-open.zip,train/cybersecurity-review/case_045,analyze/ds4_pro/deepseek-v4-pro-0813.zip,True,True
big-open,cybersecurity-review,case_046,completed,deepseek/deepseek-v4-pro-0813,high,training-big-open.zip,train/cybersecurity-review/case_046,analyze/ds4_pro/deepseek-v4-pro-0813.zip,True,True
big-open,cybersecurity-review,case_047,completed,deepseek/deepseek-v4-pro-0813,high,training-big-open.zip,train/cybersecurity-review/case_047,analyze/ds4_pro/deepseek-v4-pro-0813.zip,True,True
big-open,cybersecurity-review,case_048,completed,deepseek/deepseek-v4-pro-0813,high,training-big-open.zip,train/cybersecurity-review/case_048,analyze/ds4_pro/deepseek-v4-pro-0813.zip,True,True
big-open,cybersecurity-review,case_049,completed,deepseek/deepseek-v4-pro-0813,high,training-big-open.zip,train/cybersecurity-review/case_049,analyze/ds4_pro/deepseek-v4-pro-0813.zip,True,True
big-open,cybersecurity-review,case_050,completed,deepseek/deepseek-v4-pro-0813,high,training-big-open.zip,train/cybersecurity-review/case_050,analyze/ds4_pro/deepseek-v4-pro-0813.zip,True,True
big-open,cybersecurity-review,case_051,completed,deepseek/deepseek-v4-pro-0813,high,training-big-open.zip,train/cybersecurity-review/case_051,analyze/ds4_pro/deepseek-v4-pro-0813.zip,True,True
big-open,cybersecurity-review,case_052,completed,deepseek/deepseek-v4-pro-0813,high,training-big-open.zip,train/cybersecurity-review/case_052,analyze/ds4_pro/deepseek-v4-pro-0813.zip,True,True
big-open,cybersecurity-review,case_053,completed,deepseek/deepseek-v4-pro-0813,high,training-big-open.zip,train/cybersecurity-review/case_053,analyze/ds4_pro/deepseek-v4-pro-0813.zip,True,True
big-open,cybersecurity-review,case_054,completed,deepseek/deepseek-v4-pro-0813,high,training-big-open.zip,train/cybersecurity-review/case_054,analyze/ds4_pro/deepseek-v4-pro-0813.zip,True,True
big-open,cybersecurity-review,case_055,completed,deepseek/deepseek-v4-pro-0813,high,training-big-open.zip,train/cybersecurity-review/case_055,analyze/ds4_pro/deepseek-v4-pro-0813.zip,True,True
big-open,cybersecurity-review,case_056,completed,deepseek/deepseek-v4-pro-0813,high,training-big-open.zip,train/cybersecurity-review/case_056,analyze/ds4_pro/deepseek-v4-pro-0813.zip,True,True
big-open,cybersecurity-review,case_057,completed,deepseek/deepseek-v4-pro-0813,high,training-big-open.zip,train/cybersecurity-review/case_057,analyze/ds4_pro/deepseek-v4-pro-0813.zip,True,True
big-open,cybersecurity-review,case_058,completed,deepseek/deepseek-v4-pro-0813,high,training-big-open.zip,train/cybersecurity-review/case_058,analyze/ds4_pro/deepseek-v4-pro-0813.zip,True,True
big-open,cybersecurity-review,case_059,completed,deepseek/deepseek-v4-pro-0813,high,training-big-open.zip,train/cybersecurity-review/case_059,analyze/ds4_pro/deepseek-v4-pro-0813.zip,True,True
big-open,cybersecurity-review,case_060,completed,deepseek/deepseek-v4-pro-0813,high,training-big-open.zip,train/cybersecurity-review/case_060,analyze/ds4_pro/deepseek-v4-pro-0813.zip,True,True
big-open,cybersecurity-review,case_061,completed,deepseek/deepseek-v4-pro-0813,high,training-big-open.zip,train/cybersecurity-review/case_061,analyze/ds4_pro/deepseek-v4-pro-0813.zip,True,True
big-open,cybersecurity-review,case_062,completed,deepseek/deepseek-v4-pro-0813,high,training-big-open.zip,train/cybersecurity-review/case_062,analyze/ds4_pro/deepseek-v4-pro-0813.zip,True,True
big-open,cybersecurity-review,case_063,completed,deepseek/deepseek-v4-pro-0813,high,training-big-open.zip,train/cybersecurity-review/case_063,analyze/ds4_pro/deepseek-v4-pro-0813.zip,True,True
big-open,cybersecurity-review,case_064,completed,deepseek/deepseek-v4-pro-0813,high,training-big-open.zip,train/cybersecurity-review/case_064,analyze/ds4_pro/deepseek-v4-pro-0813.zip,True,True
big-open,cybersecurity-review,case_065,completed,deepseek/deepseek-v4-pro-0813,high,training-big-open.zip,train/cybersecurity-review/case_065,analyze/ds4_pro/deepseek-v4-pro-0813.zip,True,True
big-open,cybersecurity-review,case_066,completed,deepseek/deepseek-v4-pro-0813,high,training-big-open.zip,train/cybersecurity-review/case_066,analyze/ds4_pro/deepseek-v4-pro-0813.zip,True,True
big-open,cybersecurity-review,case_067,completed,deepseek/deepseek-v4-pro-0813,high,training-big-open.zip,train/cybersecurity-review/case_067,analyze/ds4_pro/deepseek-v4-pro-0813.zip,True,True
big-open,cybersecurity-review,case_068,completed,deepseek/deepseek-v4-pro-0813,high,training-big-open.zip,train/cybersecurity-review/case_068,analyze/ds4_pro/deepseek-v4-pro-0813.zip,True,True
big-open,cybersecurity-review,case_069,completed,deepseek/deepseek-v4-pro-0813,high,training-big-open.zip,train/cybersecurity-review/case_069,analyze/ds4_pro/deepseek-v4-pro-0813.zip,True,True
big-open,cybersecurity-review,case_070,completed,deepseek/deepseek-v4-pro-0813,high,training-big-open.zip,train/cybersecurity-review/case_070,analyze/ds4_pro/deepseek-v4-pro-0813.zip,True,True
big-open,cybersecurity-review,case_071,completed,deepseek/deepseek-v4-pro-0813,high,training-big-open.zip,train/cybersecurity-review/case_071,analyze/ds4_pro/deepseek-v4-pro-0813.zip,True,True
big-open,cybersecurity-review,case_072,completed,deepseek/deepseek-v4-pro-0813,high,training-big-open.zip,train/cybersecurity-review/case_072,analyze/ds4_pro/deepseek-v4-pro-0813.zip,True,True
big-open,cybersecurity-review,case_073,completed,deepseek/deepseek-v4-pro-0813,high,training-big-open.zip,train/cybersecurity-review/case_073,analyze/ds4_pro/deepseek-v4-pro-0813.zip,True,True
big-open,cybersecurity-review,case_074,completed,deepseek/deepseek-v4-pro-0813,high,training-big-open.zip,train/cybersecurity-review/case_074,analyze/ds4_pro/deepseek-v4-pro-0813.zip,True,True
big-open,cybersecurity-review,case_075,completed,deepseek/deepseek-v4-pro-0813,high,training-big-open.zip,train/cybersecurity-review/case_075,analyze/ds4_pro/deepseek-v4-pro-0813.zip,True,True
big-open,cybersecurity-review,case_076,completed,deepseek/deepseek-v4-pro-0813,high,training-big-open.zip,train/cybersecurity-review/case_076,analyze/ds4_pro/deepseek-v4-pro-0813.zip,True,True
big-open,cybersecurity-review,case_077,completed,deepseek/deepseek-v4-pro-0813,high,training-big-open.zip,train/cybersecurity-review/case_077,analyze/ds4_pro/deepseek-v4-pro-0813.zip,True,True
big-open,cybersecurity-review,case_078,completed,deepseek/deepseek-v4-pro-0813,high,training-big-open.zip,train/cybersecurity-review/case_078,analyze/ds4_pro/deepseek-v4-pro-0813.zip,True,True
big-open,cybersecurity-review,case_079,completed,deepseek/deepseek-v4-pro-0813,high,training-big-open.zip,train/cybersecurity-review/case_079,analyze/ds4_pro/deepseek-v4-pro-0813.zip,True,True
big-open,cybersecurity-review,case_080,completed,deepseek/deepseek-v4-pro-0813,high,training-big-open.zip,train/cybersecurity-review/case_080,analyze/ds4_pro/deepseek-v4-pro-0813.zip,True,True
big-open,cybersecurity-review,case_081,completed,deepseek/deepseek-v4-pro-0813,high,training-big-open.zip,train/cybersecurity-review/case_081,analyze/ds4_pro/deepseek-v4-pro-0813.zip,True,True
big-open,cybersecurity-review,case_082,completed,deepseek/deepseek-v4-pro-0813,high,training-big-open.zip,train/cybersecurity-review/case_082,analyze/ds4_pro/deepseek-v4-pro-0813.zip,True,True
big-open,cybersecurity-review,case_083,completed,deepseek/deepseek-v4-pro-0813,high,training-big-open.zip,train/cybersecurity-review/case_083,analyze/ds4_pro/deepseek-v4-pro-0813.zip,True,True
big-open,cybersecurity-review,case_084,completed,deepseek/deepseek-v4-pro-0813,high,training-big-open.zip,train/cybersecurity-review/case_084,analyze/ds4_pro/deepseek-v4-pro-0813.zip,True,True
big-open,cybersecurity-review,case_085,completed,deepseek/deepseek-v4-pro-0813,high,training-big-open.zip,train/cybersecurity-review/case_085,analyze/ds4_pro/deepseek-v4-pro-0813.zip,True,True
big-open,cybersecurity-review,case_086,completed,deepseek/deepseek-v4-pro-0813,high,training-big-open.zip,train/cybersecurity-review/case_086,analyze/ds4_pro/deepseek-v4-pro-0813.zip,True,True
big-open,cybersecurity-review,case_087,completed,deepseek/deepseek-v4-pro-0813,high,training-big-open.zip,train/cybersecurity-review/case_087,analyze/ds4_pro/deepseek-v4-pro-0813.zip,True,True
big-open,cybersecurity-review,case_088,completed,deepseek/deepseek-v4-pro-0813,high,training-big-open.zip,train/cybersecurity-review/case_088,analyze/ds4_pro/deepseek-v4-pro-0813.zip,True,True
big-open,cybersecurity-review,case_089,completed,deepseek/deepseek-v4-pro-0813,high,training-big-open.zip,train/cybersecurity-review/case_089,analyze/ds4_pro/deepseek-v4-pro-0813.zip,True,True
big-open,cybersecurity-review,case_090,completed,deepseek/deepseek-v4-pro-0813,high,training-big-open.zip,train/cybersecurity-review/case_090,analyze/ds4_pro/deepseek-v4-pro-0813.zip,True,True
big-open,cybersecurity-review,case_091,completed,deepseek/deepseek-v4-pro-0813,high,training-big-open.zip,train/cybersecurity-review/case_091,analyze/ds4_pro/deepseek-v4-pro-0813.zip,True,True
big-open,cybersecurity-review,case_092,completed,deepseek/deepseek-v4-pro-0813,high,training-big-open.zip,train/cybersecurity-review/case_092,analyze/ds4_pro/deepseek-v4-pro-0813.zip,True,True
big-open,cybersecurity-review,case_093,completed,deepseek/deepseek-v4-pro-0813,high,training-big-open.zip,train/cybersecurity-review/case_093,analyze/ds4_pro/deepseek-v4-pro-0813.zip,True,True
big-open,cybersecurity-review,case_094,completed,deepseek/deepseek-v4-pro-0813,high,training-big-open.zip,train/cybersecurity-review/case_094,analyze/ds4_pro/deepseek-v4-pro-0813.zip,True,True
big-open,cybersecurity-review,case_095,completed,deepseek/deepseek-v4-pro-0813,high,training-big-open.zip,train/cybersecurity-review/case_095,analyze/ds4_pro/deepseek-v4-pro-0813.zip,True,True
big-open,cybersecurity-review,case_096,completed,deepseek/deepseek-v4-pro-0813,high,training-big-open.zip,train/cybersecurity-review/case_096,analyze/ds4_pro/deepseek-v4-pro-0813.zip,True,True
big-open,cybersecurity-review,case_097,completed,deepseek/deepseek-v4-pro-0813,high,training-big-open.zip,train/cybersecurity-review/case_097,analyze/ds4_pro/deepseek-v4-pro-0813.zip,True,True
big-open,cybersecurity-review,case_098,completed,deepseek/deepseek-v4-pro-0813,high,training-big-open.zip,train/cybersecurity-review/case_098,analyze/ds4_pro/deepseek-v4-pro-0813.zip,True,True
big-open,cybersecurity-review,case_099,completed,deepseek/deepseek-v4-pro-0813,high,training-big-open.zip,train/cybersecurity-review/case_099,analyze/ds4_pro/deepseek-v4-pro-0813.zip,True,True
big-open,cybersecurity-review,case_100,completed,deepseek/deepseek-v4-pro-0813,high,training-big-open.zip,train/cybersecurity-review/case_100,analyze/ds4_pro/deepseek-v4-pro-0813.zip,True,True
big-open,ecmwf-security-audit,case_001,completed,deepseek-v4-pro,high,training-big-open.zip,train/ecmwf-security-audit/case_001,analyze/ds4_pro/deepseek-v4-pro-0813.zip,True,True
big-open,ecmwf-security-audit,case_002,completed,deepseek-v4-pro,high,training-big-open.zip,train/ecmwf-security-audit/case_002,analyze/ds4_pro/deepseek-v4-pro-0813.zip,True,True
big-open,ecmwf-security-audit,case_003,completed,deepseek-v4-pro,high,training-big-open.zip,train/ecmwf-security-audit/case_003,analyze/ds4_pro/deepseek-v4-pro-0813.zip,True,True
big-open,ecmwf-security-audit,case_004,completed,deepseek-v4-pro,high,training-big-open.zip,train/ecmwf-security-audit/case_004,analyze/ds4_pro/deepseek-v4-pro-0813.zip,True,True
big-open,ecmwf-security-audit,case_005,completed,deepseek-v4-pro,high,training-big-open.zip,train/ecmwf-security-audit/case_005,analyze/ds4_pro/deepseek-v4-pro-0813.zip,True,True
big-open,ecmwf-security-audit,case_006,completed,deepseek-v4-pro,high,training-big-open.zip,train/ecmwf-security-audit/case_006,analyze/ds4_pro/deepseek-v4-pro-0813.zip,True,True
big-open,ecmwf-security-audit,case_007,completed,deepseek-v4-pro,high,training-big-open.zip,train/ecmwf-security-audit/case_007,analyze/ds4_pro/deepseek-v4-pro-0813.zip,True,True
big-open,ecmwf-security-audit,case_008,completed,deepseek-v4-pro,high,training-big-open.zip,train/ecmwf-security-audit/case_008,analyze/ds4_pro/deepseek-v4-pro-0813.zip,True,True
big-open,ecmwf-security-audit,case_009,completed,deepseek-v4-pro,high,training-big-open.zip,train/ecmwf-security-audit/case_009,analyze/ds4_pro/deepseek-v4-pro-0813.zip,True,True
big-open,ecmwf-security-audit,case_010,completed,deepseek-v4-pro,high,training-big-open.zip,train/ecmwf-security-audit/case_010,analyze/ds4_pro/deepseek-v4-pro-0813.zip,True,True
big-open,ecmwf-security-audit,case_011,completed,deepseek-v4-pro,high,training-big-open.zip,train/ecmwf-security-audit/case_011,analyze/ds4_pro/deepseek-v4-pro-0813.zip,True,True
big-open,ecmwf-security-audit,case_012,completed,deepseek-v4-pro,high,training-big-open.zip,train/ecmwf-security-audit/case_012,analyze/ds4_pro/deepseek-v4-pro-0813.zip,True,True
big-open,ecmwf-security-audit,case_013,completed,deepseek-v4-pro,high,training-big-open.zip,train/ecmwf-security-audit/case_013,analyze/ds4_pro/deepseek-v4-pro-0813.zip,True,True
big-open,ecmwf-security-audit,case_014,completed,deepseek-v4-pro,high,training-big-open.zip,train/ecmwf-security-audit/case_014,analyze/ds4_pro/deepseek-v4-pro-0813.zip,True,True
big-open,ecmwf-security-audit,case_015,completed,deepseek-v4-pro,high,training-big-open.zip,train/ecmwf-security-audit/case_015,analyze/ds4_pro/deepseek-v4-pro-0813.zip,True,True
big-open,ecmwf-security-audit,case_016,completed,deepseek-v4-pro,high,training-big-open.zip,train/ecmwf-security-audit/case_016,analyze/ds4_pro/deepseek-v4-pro-0813.zip,True,True
big-open,ecmwf-security-audit,case_017,completed,deepseek-v4-pro,high,training-big-open.zip,train/ecmwf-security-audit/case_017,analyze/ds4_pro/deepseek-v4-pro-0813.zip,True,True
big-open,ecmwf-security-audit,case_018,completed,deepseek-v4-pro,high,training-big-open.zip,train/ecmwf-security-audit/case_018,analyze/ds4_pro/deepseek-v4-pro-0813.zip,True,True
big-open,ecmwf-security-audit,case_019,completed,deepseek-v4-pro,high,training-big-open.zip,train/ecmwf-security-audit/case_019,analyze/ds4_pro/deepseek-v4-pro-0813.zip,True,True
big-open,ecmwf-security-audit,case_020,completed,deepseek-v4-pro,high,training-big-open.zip,train/ecmwf-security-audit/case_020,analyze/ds4_pro/deepseek-v4-pro-0813.zip,True,True
big-open,ecmwf-security-audit,case_021,completed,deepseek-v4-pro,high,training-big-open.zip,train/ecmwf-security-audit/case_021,analyze/ds4_pro/deepseek-v4-pro-0813.zip,True,True
big-open,ecmwf-security-audit,case_022,completed,deepseek-v4-pro,high,training-big-open.zip,train/ecmwf-security-audit/case_022,analyze/ds4_pro/deepseek-v4-pro-0813.zip,True,True
big-open,ecmwf-security-audit,case_023,completed,deepseek-v4-pro,high,training-big-open.zip,train/ecmwf-security-audit/case_023,analyze/ds4_pro/deepseek-v4-pro-0813.zip,True,True
big-open,ecmwf-security-audit,case_024,completed,deepseek-v4-pro,high,training-big-open.zip,train/ecmwf-security-audit/case_024,analyze/ds4_pro/deepseek-v4-pro-0813.zip,True,True
big-open,ecmwf-security-audit,case_025,completed,deepseek-v4-pro,high,training-big-open.zip,train/ecmwf-security-audit/case_025,analyze/ds4_pro/deepseek-v4-pro-0813.zip,True,True
big-open,ecmwf-security-audit,case_026,completed,deepseek-v4-pro,high,training-big-open.zip,train/ecmwf-security-audit/case_026,analyze/ds4_pro/deepseek-v4-pro-0813.zip,True,True
big-open,ecmwf-security-audit,case_027,completed,deepseek-v4-pro,high,training-big-open.zip,train/ecmwf-security-audit/case_027,analyze/ds4_pro/deepseek-v4-pro-0813.zip,True,True
big-open,ecmwf-security-audit,case_028,completed,deepseek-v4-pro,high,training-big-open.zip,train/ecmwf-security-audit/case_028,analyze/ds4_pro/deepseek-v4-pro-0813.zip,True,True
big-open,ecmwf-security-audit,case_029,completed,deepseek-v4-pro,high,training-big-open.zip,train/ecmwf-security-audit/case_029,analyze/ds4_pro/deepseek-v4-pro-0813.zip,True,True
big-open,ecmwf-security-audit,case_030,completed,deepseek-v4-pro,high,training-big-open.zip,train/ecmwf-security-audit/case_030,analyze/ds4_pro/deepseek-v4-pro-0813.zip,True,True
big-open,ecmwf-security-audit,case_031,completed,deepseek-v4-pro,high,training-big-open.zip,train/ecmwf-security-audit/case_031,analyze/ds4_pro/deepseek-v4-pro-0813.zip,True,True
big-open,ecmwf-security-audit,case_032,completed,deepseek-v4-pro,high,training-big-open.zip,train/ecmwf-security-audit/case_032,analyze/ds4_pro/deepseek-v4-pro-0813.zip,True,True
big-open,ecmwf-security-audit,case_033,completed,deepseek-v4-pro,high,training-big-open.zip,train/ecmwf-security-audit/case_033,analyze/ds4_pro/deepseek-v4-pro-0813.zip,True,True
big-open,ecmwf-security-audit,case_034,completed,deepseek-v4-pro,high,training-big-open.zip,train/ecmwf-security-audit/case_034,analyze/ds4_pro/deepseek-v4-pro-0813.zip,True,True
big-open,ecmwf-security-audit,case_035,completed,deepseek-v4-pro,high,training-big-open.zip,train/ecmwf-security-audit/case_035,analyze/ds4_pro/deepseek-v4-pro-0813.zip,True,True
big-open,ecmwf-security-audit,case_036,completed,deepseek-v4-pro,high,training-big-open.zip,train/ecmwf-security-audit/case_036,analyze/ds4_pro/deepseek-v4-pro-0813.zip,True,True
big-open,ecmwf-security-audit,case_037,completed,deepseek-v4-pro,high,training-big-open.zip,train/ecmwf-security-audit/case_037,analyze/ds4_pro/deepseek-v4-pro-0813.zip,True,True
big-open,ecmwf-security-audit,case_038,completed,deepseek-v4-pro,high,training-big-open.zip,train/ecmwf-security-audit/case_038,analyze/ds4_pro/deepseek-v4-pro-0813.zip,True,True
big-open,ecmwf-security-audit,case_039,completed,deepseek-v4-pro,high,training-big-open.zip,train/ecmwf-security-audit/case_039,analyze/ds4_pro/deepseek-v4-pro-0813.zip,True,True
big-open,ecmwf-security-audit,case_040,completed,deepseek-v4-pro,high,training-big-open.zip,train/ecmwf-security-audit/case_040,analyze/ds4_pro/deepseek-v4-pro-0813.zip,True,True
big-open,ecmwf-security-audit,case_041,completed,deepseek-v4-pro,high,training-big-open.zip,train/ecmwf-security-audit/case_041,analyze/ds4_pro/deepseek-v4-pro-0813.zip,True,True
big-open,ecmwf-security-audit,case_042,completed,deepseek-v4-pro,high,training-big-open.zip,train/ecmwf-security-audit/case_042,analyze/ds4_pro/deepseek-v4-pro-0813.zip,True,True
big-open,ecmwf-security-audit,case_043,completed,deepseek-v4-pro,high,training-big-open.zip,train/ecmwf-security-audit/case_043,analyze/ds4_pro/deepseek-v4-pro-0813.zip,True,True
big-open,ecmwf-security-audit,case_044,completed,deepseek-v4-pro,high,training-big-open.zip,train/ecmwf-security-audit/case_044,analyze/ds4_pro/deepseek-v4-pro-0813.zip,True,True
big-open,ecmwf-security-audit,case_045,completed,deepseek-v4-pro,high,training-big-open.zip,train/ecmwf-security-audit/case_045,analyze/ds4_pro/deepseek-v4-pro-0813.zip,True,True
big-open,ecmwf-security-audit,case_046,completed,deepseek-v4-pro,high,training-big-open.zip,train/ecmwf-security-audit/case_046,analyze/ds4_pro/deepseek-v4-pro-0813.zip,True,True
big-open,ecmwf-security-audit,case_047,completed,deepseek-v4-pro,high,training-big-open.zip,train/ecmwf-security-audit/case_047,analyze/ds4_pro/deepseek-v4-pro-0813.zip,True,True
big-open,ecmwf-security-audit,case_048,completed,deepseek-v4-pro,high,training-big-open.zip,train/ecmwf-security-audit/case_048,analyze/ds4_pro/deepseek-v4-pro-0813.zip,True,True
big-open,ecmwf-security-audit,case_049,completed,deepseek-v4-pro,high,training-big-open.zip,train/ecmwf-security-audit/case_049,analyze/ds4_pro/deepseek-v4-pro-0813.zip,True,True
big-open,ecmwf-security-audit,case_050,completed,deepseek-v4-pro,high,training-big-open.zip,train/ecmwf-security-audit/case_050,analyze/ds4_pro/deepseek-v4-pro-0813.zip,True,True
big-open,ecmwf-security-audit,case_051,completed,deepseek-v4-pro,high,training-big-open.zip,train/ecmwf-security-audit/case_051,analyze/ds4_pro/deepseek-v4-pro-0813.zip,True,True
big-open,ecmwf-security-audit,case_052,completed,deepseek-v4-pro,high,training-big-open.zip,train/ecmwf-security-audit/case_052,analyze/ds4_pro/deepseek-v4-pro-0813.zip,True,True
big-open,ecmwf-security-audit,case_053,completed,deepseek-v4-pro,high,training-big-open.zip,train/ecmwf-security-audit/case_053,analyze/ds4_pro/deepseek-v4-pro-0813.zip,True,True
big-open,ecmwf-security-audit,case_054,completed,deepseek-v4-pro,high,training-big-open.zip,train/ecmwf-security-audit/case_054,analyze/ds4_pro/deepseek-v4-pro-0813.zip,True,True
big-open,ecmwf-security-audit,case_055,completed,deepseek-v4-pro,high,training-big-open.zip,train/ecmwf-security-audit/case_055,analyze/ds4_pro/deepseek-v4-pro-0813.zip,True,True
big-open,ecmwf-security-audit,case_056,completed,deepseek-v4-pro,high,training-big-open.zip,train/ecmwf-security-audit/case_056,analyze/ds4_pro/deepseek-v4-pro-0813.zip,True,True
big-open,ecmwf-security-audit,case_057,completed,deepseek-v4-pro,high,training-big-open.zip,train/ecmwf-security-audit/case_057,analyze/ds4_pro/deepseek-v4-pro-0813.zip,True,True
big-open,ecmwf-security-audit,case_058,completed,deepseek-v4-pro,high,training-big-open.zip,train/ecmwf-security-audit/case_058,analyze/ds4_pro/deepseek-v4-pro-0813.zip,True,True
big-open,ecmwf-security-audit,case_059,completed,deepseek-v4-pro,high,training-big-open.zip,train/ecmwf-security-audit/case_059,analyze/ds4_pro/deepseek-v4-pro-0813.zip,True,True
big-open,ecmwf-security-audit,case_060,completed,deepseek-v4-pro,high,training-big-open.zip,train/ecmwf-security-audit/case_060,analyze/ds4_pro/deepseek-v4-pro-0813.zip,True,True
big-open,ecmwf-security-audit,case_061,completed,deepseek-v4-pro,high,training-big-open.zip,train/ecmwf-security-audit/case_061,analyze/ds4_pro/deepseek-v4-pro-0813.zip,True,True
big-open,ecmwf-security-audit,case_062,completed,deepseek-v4-pro,high,training-big-open.zip,train/ecmwf-security-audit/case_062,analyze/ds4_pro/deepseek-v4-pro-0813.zip,True,True
big-open,ecmwf-security-audit,case_063,completed,deepseek-v4-pro,high,training-big-open.zip,train/ecmwf-security-audit/case_063,analyze/ds4_pro/deepseek-v4-pro-0813.zip,True,True
big-open,ecmwf-security-audit,case_064,completed,deepseek-v4-pro,high,training-big-open.zip,train/ecmwf-security-audit/case_064,analyze/ds4_pro/deepseek-v4-pro-0813.zip,True,True
big-open,ecmwf-security-audit,case_065,completed,deepseek-v4-pro,high,training-big-open.zip,train/ecmwf-security-audit/case_065,analyze/ds4_pro/deepseek-v4-pro-0813.zip,True,True
big-open,ecmwf-security-audit,case_066,completed,deepseek-v4-pro,high,training-big-open.zip,train/ecmwf-security-audit/case_066,analyze/ds4_pro/deepseek-v4-pro-0813.zip,True,True
big-open,ecmwf-security-audit,case_067,completed,deepseek-v4-pro,high,training-big-open.zip,train/ecmwf-security-audit/case_067,analyze/ds4_pro/deepseek-v4-pro-0813.zip,True,True
big-open,ecmwf-security-audit,case_068,completed,deepseek-v4-pro,high,training-big-open.zip,train/ecmwf-security-audit/case_068,analyze/ds4_pro/deepseek-v4-pro-0813.zip,True,True
big-open,ecmwf-security-audit,case_069,completed,deepseek-v4-pro,high,training-big-open.zip,train/ecmwf-security-audit/case_069,analyze/ds4_pro/deepseek-v4-pro-0813.zip,True,True
big-open,ecmwf-security-audit,case_070,completed,deepseek-v4-pro,high,training-big-open.zip,train/ecmwf-security-audit/case_070,analyze/ds4_pro/deepseek-v4-pro-0813.zip,True,True
big-open,ecmwf-security-audit,case_071,completed,deepseek-v4-pro,high,training-big-open.zip,train/ecmwf-security-audit/case_071,analyze/ds4_pro/deepseek-v4-pro-0813.zip,True,True
big-open,ecmwf-security-audit,case_072,completed,deepseek-v4-pro,high,training-big-open.zip,train/ecmwf-security-audit/case_072,analyze/ds4_pro/deepseek-v4-pro-0813.zip,True,True
big-open,ecmwf-security-audit,case_073,completed,deepseek-v4-pro,high,training-big-open.zip,train/ecmwf-security-audit/case_073,analyze/ds4_pro/deepseek-v4-pro-0813.zip,True,True
big-open,ecmwf-security-audit,case_074,completed,deepseek-v4-pro,high,training-big-open.zip,train/ecmwf-security-audit/case_074,analyze/ds4_pro/deepseek-v4-pro-0813.zip,True,True
big-open,ecmwf-security-audit,case_075,completed,deepseek-v4-pro,high,training-big-open.zip,train/ecmwf-security-audit/case_075,analyze/ds4_pro/deepseek-v4-pro-0813.zip,True,True
big-open,ecmwf-security-audit,case_076,completed,deepseek-v4-pro,high,training-big-open.zip,train/ecmwf-security-audit/case_076,analyze/ds4_pro/deepseek-v4-pro-0813.zip,True,True
big-open,ecmwf-security-audit,case_077,completed,deepseek-v4-pro,high,training-big-open.zip,train/ecmwf-security-audit/case_077,analyze/ds4_pro/deepseek-v4-pro-0813.zip,True,True
big-open,ecmwf-security-audit,case_078,completed,deepseek-v4-pro,high,training-big-open.zip,train/ecmwf-security-audit/case_078,analyze/ds4_pro/deepseek-v4-pro-0813.zip,True,True
big-open,ecmwf-security-audit,case_079,completed,deepseek-v4-pro,high,training-big-open.zip,train/ecmwf-security-audit/case_079,analyze/ds4_pro/deepseek-v4-pro-0813.zip,True,True
big-open,ecmwf-security-audit,case_080,completed,deepseek-v4-pro,high,training-big-open.zip,train/ecmwf-security-audit/case_080,analyze/ds4_pro/deepseek-v4-pro-0813.zip,True,True
big-open,ecmwf-security-audit,case_081,completed,deepseek-v4-pro,high,training-big-open.zip,train/ecmwf-security-audit/case_081,analyze/ds4_pro/deepseek-v4-pro-0813.zip,True,True
big-open,ecmwf-security-audit,case_082,completed,deepseek-v4-pro,high,training-big-open.zip,train/ecmwf-security-audit/case_082,analyze/ds4_pro/deepseek-v4-pro-0813.zip,True,True
big-open,ecmwf-security-audit,case_083,completed,deepseek-v4-pro,high,training-big-open.zip,train/ecmwf-security-audit/case_083,analyze/ds4_pro/deepseek-v4-pro-0813.zip,True,True
big-open,ecmwf-security-audit,case_084,completed,deepseek-v4-pro,high,training-big-open.zip,train/ecmwf-security-audit/case_084,analyze/ds4_pro/deepseek-v4-pro-0813.zip,True,True
big-open,ecmwf-security-audit,case_085,completed,deepseek-v4-pro,high,training-big-open.zip,train/ecmwf-security-audit/case_085,analyze/ds4_pro/deepseek-v4-pro-0813.zip,True,True
big-open,ecmwf-security-audit,case_086,completed,deepseek-v4-pro,high,training-big-open.zip,train/ecmwf-security-audit/case_086,analyze/ds4_pro/deepseek-v4-pro-0813.zip,True,True
big-open,ecmwf-security-audit,case_087,completed,deepseek-v4-pro,high,training-big-open.zip,train/ecmwf-security-audit/case_087,analyze/ds4_pro/deepseek-v4-pro-0813.zip,True,True
big-open,ecmwf-security-audit,case_088,completed,deepseek-v4-pro,high,training-big-open.zip,train/ecmwf-security-audit/case_088,analyze/ds4_pro/deepseek-v4-pro-0813.zip,True,True
big-open,ecmwf-security-audit,case_089,completed,deepseek-v4-pro,high,training-big-open.zip,train/ecmwf-security-audit/case_089,analyze/ds4_pro/deepseek-v4-pro-0813.zip,True,True
big-open,ecmwf-security-audit,case_090,completed,deepseek-v4-pro,high,training-big-open.zip,train/ecmwf-security-audit/case_090,analyze/ds4_pro/deepseek-v4-pro-0813.zip,True,True
big-open,ecmwf-security-audit,case_091,completed,deepseek-v4-pro,high,training-big-open.zip,train/ecmwf-security-audit/case_091,analyze/ds4_pro/deepseek-v4-pro-0813.zip,True,True
big-open,ecmwf-security-audit,case_092,completed,deepseek-v4-pro,high,training-big-open.zip,train/ecmwf-security-audit/case_092,analyze/ds4_pro/deepseek-v4-pro-0813.zip,True,True
big-open,ecmwf-security-audit,case_093,completed,deepseek-v4-pro,high,training-big-open.zip,train/ecmwf-security-audit/case_093,analyze/ds4_pro/deepseek-v4-pro-0813.zip,True,True
big-open,ecmwf-security-audit,case_094,completed,deepseek-v4-pro,high,training-big-open.zip,train/ecmwf-security-audit/case_094,analyze/ds4_pro/deepseek-v4-pro-0813.zip,True,True
big-open,ecmwf-security-audit,case_095,completed,deepseek-v4-pro,high,training-big-open.zip,train/ecmwf-security-audit/case_095,analyze/ds4_pro/deepseek-v4-pro-0813.zip,True,True
big-open,ecmwf-security-audit,case_096,completed,deepseek-v4-pro,high,training-big-open.zip,train/ecmwf-security-audit/case_096,analyze/ds4_pro/deepseek-v4-pro-0813.zip,True,True
big-open,ecmwf-security-audit,case_097,completed,deepseek-v4-pro,high,training-big-open.zip,train/ecmwf-security-audit/case_097,analyze/ds4_pro/deepseek-v4-pro-0813.zip,True,True
big-open,ecmwf-security-audit,case_098,completed,deepseek-v4-pro,high,training-big-open.zip,train/ecmwf-security-audit/case_098,analyze/ds4_pro/deepseek-v4-pro-0813.zip,True,True
big-open,ecmwf-security-audit,case_099,completed,deepseek-v4-pro,high,training-big-open.zip,train/ecmwf-security-audit/case_099,analyze/ds4_pro/deepseek-v4-pro-0813.zip,True,True
big-open,ecmwf-security-audit,case_100,completed,deepseek-v4-pro,high,training-big-open.zip,train/ecmwf-security-audit/case_100,analyze/ds4_pro/deepseek-v4-pro-0813.zip,True,True
big-open,find-bugs,case_001,completed,deepseek/deepseek-v4-pro-0813,high,training-big-open.zip,train/find-bugs/case_001,analyze/ds4_pro/deepseek-v4-pro-0813.zip,True,True
big-open,find-bugs,case_002,completed,deepseek/deepseek-v4-pro-0813,high,training-big-open.zip,train/find-bugs/case_002,analyze/ds4_pro/deepseek-v4-pro-0813.zip,True,True
big-open,find-bugs,case_003,completed,deepseek/deepseek-v4-pro-0813,high,training-big-open.zip,train/find-bugs/case_003,analyze/ds4_pro/deepseek-v4-pro-0813.zip,True,True
big-open,find-bugs,case_004,completed,deepseek/deepseek-v4-pro-0813,high,training-big-open.zip,train/find-bugs/case_004,analyze/ds4_pro/deepseek-v4-pro-0813.zip,True,True
big-open,find-bugs,case_005,completed,deepseek/deepseek-v4-pro-0813,high,training-big-open.zip,train/find-bugs/case_005,analyze/ds4_pro/deepseek-v4-pro-0813.zip,True,True
big-open,find-bugs,case_006,completed,deepseek/deepseek-v4-pro-0813,high,training-big-open.zip,train/find-bugs/case_006,analyze/ds4_pro/deepseek-v4-pro-0813.zip,True,True
big-open,find-bugs,case_007,completed,deepseek/deepseek-v4-pro-0813,high,training-big-open.zip,train/find-bugs/case_007,analyze/ds4_pro/deepseek-v4-pro-0813.zip,True,True
big-open,find-bugs,case_008,completed,deepseek/deepseek-v4-pro-0813,high,training-big-open.zip,train/find-bugs/case_008,analyze/ds4_pro/deepseek-v4-pro-0813.zip,True,True
big-open,find-bugs,case_009,completed,deepseek/deepseek-v4-pro-0813,high,training-big-open.zip,train/find-bugs/case_009,analyze/ds4_pro/deepseek-v4-pro-0813.zip,True,True
big-open,find-bugs,case_010,completed,deepseek/deepseek-v4-pro-0813,high,training-big-open.zip,train/find-bugs/case_010,analyze/ds4_pro/deepseek-v4-pro-0813.zip,True,True
big-open,find-bugs,case_011,completed,deepseek/deepseek-v4-pro-0813,high,training-big-open.zip,train/find-bugs/case_011,analyze/ds4_pro/deepseek-v4-pro-0813.zip,True,True
big-open,find-bugs,case_012,completed,deepseek/deepseek-v4-pro-0813,high,training-big-open.zip,train/find-bugs/case_012,analyze/ds4_pro/deepseek-v4-pro-0813.zip,True,True
big-open,find-bugs,case_013,completed,deepseek/deepseek-v4-pro-0813,high,training-big-open.zip,train/find-bugs/case_013,analyze/ds4_pro/deepseek-v4-pro-0813.zip,True,True
big-open,find-bugs,case_014,completed,deepseek/deepseek-v4-pro-0813,high,training-big-open.zip,train/find-bugs/case_014,analyze/ds4_pro/deepseek-v4-pro-0813.zip,True,True
big-open,find-bugs,case_015,completed,deepseek/deepseek-v4-pro-0813,high,training-big-open.zip,train/find-bugs/case_015,analyze/ds4_pro/deepseek-v4-pro-0813.zip,True,True
big-open,find-bugs,case_016,completed,deepseek/deepseek-v4-pro-0813,high,training-big-open.zip,train/find-bugs/case_016,analyze/ds4_pro/deepseek-v4-pro-0813.zip,True,True
big-open,find-bugs,case_017,completed,deepseek/deepseek-v4-pro-0813,high,training-big-open.zip,train/find-bugs/case_017,analyze/ds4_pro/deepseek-v4-pro-0813.zip,True,True
big-open,find-bugs,case_018,completed,deepseek/deepseek-v4-pro-0813,high,training-big-open.zip,train/find-bugs/case_018,analyze/ds4_pro/deepseek-v4-pro-0813.zip,True,True
big-open,find-bugs,case_019,completed,deepseek/deepseek-v4-pro-0813,high,training-big-open.zip,train/find-bugs/case_019,analyze/ds4_pro/deepseek-v4-pro-0813.zip,True,True
big-open,find-bugs,case_020,completed,deepseek/deepseek-v4-pro-0813,high,training-big-open.zip,train/find-bugs/case_020,analyze/ds4_pro/deepseek-v4-pro-0813.zip,True,True
big-open,find-bugs,case_021,completed,deepseek/deepseek-v4-pro-0813,high,training-big-open.zip,train/find-bugs/case_021,analyze/ds4_pro/deepseek-v4-pro-0813.zip,True,True
big-open,find-bugs,case_022,completed,deepseek/deepseek-v4-pro-0813,high,training-big-open.zip,train/find-bugs/case_022,analyze/ds4_pro/deepseek-v4-pro-0813.zip,True,True
big-open,find-bugs,case_023,completed,deepseek/deepseek-v4-pro-0813,high,training-big-open.zip,train/find-bugs/case_023,analyze/ds4_pro/deepseek-v4-pro-0813.zip,True,True
big-open,find-bugs,case_024,completed,deepseek/deepseek-v4-pro-0813,high,training-big-open.zip,train/find-bugs/case_024,analyze/ds4_pro/deepseek-v4-pro-0813.zip,True,True
big-open,find-bugs,case_025,completed,deepseek/deepseek-v4-pro-0813,high,training-big-open.zip,train/find-bugs/case_025,analyze/ds4_pro/deepseek-v4-pro-0813.zip,True,True
big-open,find-bugs,case_026,completed,deepseek/deepseek-v4-pro-0813,high,training-big-open.zip,train/find-bugs/case_026,analyze/ds4_pro/deepseek-v4-pro-0813.zip,True,True
big-open,find-bugs,case_027,completed,deepseek/deepseek-v4-pro-0813,high,training-big-open.zip,train/find-bugs/case_027,analyze/ds4_pro/deepseek-v4-pro-0813.zip,True,True
big-open,find-bugs,case_028,completed,deepseek/deepseek-v4-pro-0813,high,training-big-open.zip,train/find-bugs/case_028,analyze/ds4_pro/deepseek-v4-pro-0813.zip,True,True
big-open,find-bugs,case_029,completed,deepseek/deepseek-v4-pro-0813,high,training-big-open.zip,train/find-bugs/case_029,analyze/ds4_pro/deepseek-v4-pro-0813.zip,True,True
big-open,find-bugs,case_030,completed,deepseek/deepseek-v4-pro-0813,high,training-big-open.zip,train/find-bugs/case_030,analyze/ds4_pro/deepseek-v4-pro-0813.zip,True,True
big-open,find-bugs,case_031,completed,deepseek/deepseek-v4-pro-0813,high,training-big-open.zip,train/find-bugs/case_031,analyze/ds4_pro/deepseek-v4-pro-0813.zip,True,True
big-open,find-bugs,case_032,completed,deepseek/deepseek-v4-pro-0813,high,training-big-open.zip,train/find-bugs/case_032,analyze/ds4_pro/deepseek-v4-pro-0813.zip,True,True
big-open,find-bugs,case_033,completed,deepseek/deepseek-v4-pro-0813,high,training-big-open.zip,train/find-bugs/case_033,analyze/ds4_pro/deepseek-v4-pro-0813.zip,True,True
big-open,find-bugs,case_034,completed,deepseek/deepseek-v4-pro-0813,high,training-big-open.zip,train/find-bugs/case_034,analyze/ds4_pro/deepseek-v4-pro-0813.zip,True,True
big-open,find-bugs,case_035,completed,deepseek/deepseek-v4-pro-0813,high,training-big-open.zip,train/find-bugs/case_035,analyze/ds4_pro/deepseek-v4-pro-0813.zip,True,True
big-open,find-bugs,case_036,completed,deepseek/deepseek-v4-pro-0813,high,training-big-open.zip,train/find-bugs/case_036,analyze/ds4_pro/deepseek-v4-pro-0813.zip,True,True
big-open,find-bugs,case_037,completed,deepseek/deepseek-v4-pro-0813,high,training-big-open.zip,train/find-bugs/case_037,analyze/ds4_pro/deepseek-v4-pro-0813.zip,True,True
big-open,find-bugs,case_038,completed,deepseek/deepseek-v4-pro-0813,high,training-big-open.zip,train/find-bugs/case_038,analyze/ds4_pro/deepseek-v4-pro-0813.zip,True,True
big-open,find-bugs,case_039,completed,deepseek/deepseek-v4-pro-0813,high,training-big-open.zip,train/find-bugs/case_039,analyze/ds4_pro/deepseek-v4-pro-0813.zip,True,True
big-open,find-bugs,case_040,completed,deepseek/deepseek-v4-pro-0813,high,training-big-open.zip,train/find-bugs/case_040,analyze/ds4_pro/deepseek-v4-pro-0813.zip,True,True
big-open,find-bugs,case_041,completed,deepseek/deepseek-v4-pro-0813,high,training-big-open.zip,train/find-bugs/case_041,analyze/ds4_pro/deepseek-v4-pro-0813.zip,True,True
big-open,find-bugs,case_042,completed,deepseek/deepseek-v4-pro-0813,high,training-big-open.zip,train/find-bugs/case_042,analyze/ds4_pro/deepseek-v4-pro-0813.zip,True,True
big-open,find-bugs,case_043,completed,deepseek/deepseek-v4-pro-0813,high,training-big-open.zip,train/find-bugs/case_043,analyze/ds4_pro/deepseek-v4-pro-0813.zip,True,True
big-open,find-bugs,case_044,completed,deepseek/deepseek-v4-pro-0813,high,training-big-open.zip,train/find-bugs/case_044,analyze/ds4_pro/deepseek-v4-pro-0813.zip,True,True
big-open,find-bugs,case_045,completed,deepseek/deepseek-v4-pro-0813,high,training-big-open.zip,train/find-bugs/case_045,analyze/ds4_pro/deepseek-v4-pro-0813.zip,True,True
big-open,find-bugs,case_046,completed,deepseek/deepseek-v4-pro-0813,high,training-big-open.zip,train/find-bugs/case_046,analyze/ds4_pro/deepseek-v4-pro-0813.zip,True,True
big-open,find-bugs,case_047,completed,deepseek/deepseek-v4-pro-0813,high,training-big-open.zip,train/find-bugs/case_047,analyze/ds4_pro/deepseek-v4-pro-0813.zip,True,True
big-open,find-bugs,case_048,completed,deepseek/deepseek-v4-pro-0813,high,training-big-open.zip,train/find-bugs/case_048,analyze/ds4_pro/deepseek-v4-pro-0813.zip,True,True
big-open,find-bugs,case_049,completed,deepseek/deepseek-v4-pro-0813,high,training-big-open.zip,train/find-bugs/case_049,analyze/ds4_pro/deepseek-v4-pro-0813.zip,True,True
big-open,find-bugs,case_050,completed,deepseek/deepseek-v4-pro-0813,high,training-big-open.zip,train/find-bugs/case_050,analyze/ds4_pro/deepseek-v4-pro-0813.zip,True,True
big-open,find-bugs,case_051,completed,deepseek/deepseek-v4-pro-0813,high,training-big-open.zip,train/find-bugs/case_051,analyze/ds4_pro/deepseek-v4-pro-0813.zip,True,True
big-open,find-bugs,case_052,completed,deepseek/deepseek-v4-pro-0813,high,training-big-open.zip,train/find-bugs/case_052,analyze/ds4_pro/deepseek-v4-pro-0813.zip,True,True
big-open,find-bugs,case_053,completed,deepseek/deepseek-v4-pro-0813,high,training-big-open.zip,train/find-bugs/case_053,analyze/ds4_pro/deepseek-v4-pro-0813.zip,True,True
big-open,find-bugs,case_054,completed,deepseek/deepseek-v4-pro-0813,high,training-big-open.zip,train/find-bugs/case_054,analyze/ds4_pro/deepseek-v4-pro-0813.zip,True,True
big-open,find-bugs,case_055,completed,deepseek/deepseek-v4-pro-0813,high,training-big-open.zip,train/find-bugs/case_055,analyze/ds4_pro/deepseek-v4-pro-0813.zip,True,True
big-open,find-bugs,case_056,completed,deepseek/deepseek-v4-pro-0813,high,training-big-open.zip,train/find-bugs/case_056,analyze/ds4_pro/deepseek-v4-pro-0813.zip,True,True
big-open,find-bugs,case_057,completed,deepseek/deepseek-v4-pro-0813,high,training-big-open.zip,train/find-bugs/case_057,analyze/ds4_pro/deepseek-v4-pro-0813.zip,True,True
big-open,find-bugs,case_058,completed,deepseek/deepseek-v4-pro-0813,high,training-big-open.zip,train/find-bugs/case_058,analyze/ds4_pro/deepseek-v4-pro-0813.zip,True,True
big-open,find-bugs,case_059,completed,deepseek/deepseek-v4-pro-0813,high,training-big-open.zip,train/find-bugs/case_059,analyze/ds4_pro/deepseek-v4-pro-0813.zip,True,True
big-open,find-bugs,case_060,completed,deepseek/deepseek-v4-pro-0813,high,training-big-open.zip,train/find-bugs/case_060,analyze/ds4_pro/deepseek-v4-pro-0813.zip,True,True
big-open,find-bugs,case_061,completed,deepseek/deepseek-v4-pro-0813,high,training-big-open.zip,train/find-bugs/case_061,analyze/ds4_pro/deepseek-v4-pro-0813.zip,True,True
big-open,find-bugs,case_062,completed,deepseek/deepseek-v4-pro-0813,high,training-big-open.zip,train/find-bugs/case_062,analyze/ds4_pro/deepseek-v4-pro-0813.zip,True,True
big-open,find-bugs,case_063,completed,deepseek/deepseek-v4-pro-0813,high,training-big-open.zip,train/find-bugs/case_063,analyze/ds4_pro/deepseek-v4-pro-0813.zip,True,True
big-open,find-bugs,case_064,completed,deepseek/deepseek-v4-pro-0813,high,training-big-open.zip,train/find-bugs/case_064,analyze/ds4_pro/deepseek-v4-pro-0813.zip,True,True
big-open,find-bugs,case_065,completed,deepseek/deepseek-v4-pro-0813,high,training-big-open.zip,train/find-bugs/case_065,analyze/ds4_pro/deepseek-v4-pro-0813.zip,True,True
big-open,find-bugs,case_066,completed,deepseek/deepseek-v4-pro-0813,high,training-big-open.zip,train/find-bugs/case_066,analyze/ds4_pro/deepseek-v4-pro-0813.zip,True,True
big-open,find-bugs,case_067,completed,deepseek/deepseek-v4-pro-0813,high,training-big-open.zip,train/find-bugs/case_067,analyze/ds4_pro/deepseek-v4-pro-0813.zip,True,True
big-open,find-bugs,case_068,completed,deepseek/deepseek-v4-pro-0813,high,training-big-open.zip,train/find-bugs/case_068,analyze/ds4_pro/deepseek-v4-pro-0813.zip,True,True
big-open,find-bugs,case_069,completed,deepseek/deepseek-v4-pro-0813,high,training-big-open.zip,train/find-bugs/case_069,analyze/ds4_pro/deepseek-v4-pro-0813.zip,True,True
big-open,find-bugs,case_070,completed,deepseek/deepseek-v4-pro-0813,high,training-big-open.zip,train/find-bugs/case_070,analyze/ds4_pro/deepseek-v4-pro-0813.zip,True,True
big-open,find-bugs,case_071,completed,deepseek/deepseek-v4-pro-0813,high,training-big-open.zip,train/find-bugs/case_071,analyze/ds4_pro/deepseek-v4-pro-0813.zip,True,True
big-open,find-bugs,case_072,completed,deepseek/deepseek-v4-pro-0813,high,training-big-open.zip,train/find-bugs/case_072,analyze/ds4_pro/deepseek-v4-pro-0813.zip,True,True
big-open,find-bugs,case_073,completed,deepseek/deepseek-v4-pro-0813,high,training-big-open.zip,train/find-bugs/case_073,analyze/ds4_pro/deepseek-v4-pro-0813.zip,True,True
big-open,find-bugs,case_074,completed,deepseek/deepseek-v4-pro-0813,high,training-big-open.zip,train/find-bugs/case_074,analyze/ds4_pro/deepseek-v4-pro-0813.zip,True,True
big-open,find-bugs,case_075,completed,deepseek/deepseek-v4-pro-0813,high,training-big-open.zip,train/find-bugs/case_075,analyze/ds4_pro/deepseek-v4-pro-0813.zip,True,True
big-open,find-bugs,case_076,completed,deepseek/deepseek-v4-pro-0813,high,training-big-open.zip,train/find-bugs/case_076,analyze/ds4_pro/deepseek-v4-pro-0813.zip,True,True
big-open,find-bugs,case_077,completed,deepseek/deepseek-v4-pro-0813,high,training-big-open.zip,train/find-bugs/case_077,analyze/ds4_pro/deepseek-v4-pro-0813.zip,True,True
big-open,find-bugs,case_078,completed,deepseek/deepseek-v4-pro-0813,high,training-big-open.zip,train/find-bugs/case_078,analyze/ds4_pro/deepseek-v4-pro-0813.zip,True,True
big-open,find-bugs,case_079,completed,deepseek/deepseek-v4-pro-0813,high,training-big-open.zip,train/find-bugs/case_079,analyze/ds4_pro/deepseek-v4-pro-0813.zip,True,True
big-open,find-bugs,case_080,completed,deepseek/deepseek-v4-pro-0813,high,training-big-open.zip,train/find-bugs/case_080,analyze/ds4_pro/deepseek-v4-pro-0813.zip,True,True
big-open,find-bugs,case_081,completed,deepseek/deepseek-v4-pro-0813,high,training-big-open.zip,train/find-bugs/case_081,analyze/ds4_pro/deepseek-v4-pro-0813.zip,True,True
big-open,find-bugs,case_082,completed,deepseek/deepseek-v4-pro-0813,high,training-big-open.zip,train/find-bugs/case_082,analyze/ds4_pro/deepseek-v4-pro-0813.zip,True,True
big-open,find-bugs,case_083,completed,deepseek/deepseek-v4-pro-0813,high,training-big-open.zip,train/find-bugs/case_083,analyze/ds4_pro/deepseek-v4-pro-0813.zip,True,True
big-open,find-bugs,case_084,completed,deepseek/deepseek-v4-pro-0813,high,training-big-open.zip,train/find-bugs/case_084,analyze/ds4_pro/deepseek-v4-pro-0813.zip,True,True
big-open,find-bugs,case_085,completed,deepseek/deepseek-v4-pro-0813,high,training-big-open.zip,train/find-bugs/case_085,analyze/ds4_pro/deepseek-v4-pro-0813.zip,True,True
big-open,find-bugs,case_086,completed,deepseek/deepseek-v4-pro-0813,high,training-big-open.zip,train/find-bugs/case_086,analyze/ds4_pro/deepseek-v4-pro-0813.zip,True,True
big-open,find-bugs,case_087,completed,deepseek/deepseek-v4-pro-0813,high,training-big-open.zip,train/find-bugs/case_087,analyze/ds4_pro/deepseek-v4-pro-0813.zip,True,True
big-open,find-bugs,case_088,completed,deepseek/deepseek-v4-pro-0813,high,training-big-open.zip,train/find-bugs/case_088,analyze/ds4_pro/deepseek-v4-pro-0813.zip,True,True
big-open,find-bugs,case_089,completed,deepseek/deepseek-v4-pro-0813,high,training-big-open.zip,train/find-bugs/case_089,analyze/ds4_pro/deepseek-v4-pro-0813.zip,True,True
big-open,find-bugs,case_090,completed,deepseek/deepseek-v4-pro-0813,high,training-big-open.zip,train/find-bugs/case_090,analyze/ds4_pro/deepseek-v4-pro-0813.zip,True,True
big-open,find-bugs,case_091,completed,deepseek/deepseek-v4-pro-0813,high,training-big-open.zip,train/find-bugs/case_091,analyze/ds4_pro/deepseek-v4-pro-0813.zip,True,True
big-open,find-bugs,case_092,completed,deepseek/deepseek-v4-pro-0813,high,training-big-open.zip,train/find-bugs/case_092,analyze/ds4_pro/deepseek-v4-pro-0813.zip,True,True
big-open,find-bugs,case_093,completed,deepseek/deepseek-v4-pro-0813,high,training-big-open.zip,train/find-bugs/case_093,analyze/ds4_pro/deepseek-v4-pro-0813.zip,True,True
big-open,find-bugs,case_094,completed,deepseek/deepseek-v4-pro-0813,high,training-big-open.zip,train/find-bugs/case_094,analyze/ds4_pro/deepseek-v4-pro-0813.zip,True,True
big-open,find-bugs,case_095,completed,deepseek/deepseek-v4-pro-0813,high,training-big-open.zip,train/find-bugs/case_095,analyze/ds4_pro/deepseek-v4-pro-0813.zip,True,True
big-open,find-bugs,case_096,completed,deepseek/deepseek-v4-pro-0813,high,training-big-open.zip,train/find-bugs/case_096,analyze/ds4_pro/deepseek-v4-pro-0813.zip,True,True
big-open,find-bugs,case_097,completed,deepseek/deepseek-v4-pro-0813,high,training-big-open.zip,train/find-bugs/case_097,analyze/ds4_pro/deepseek-v4-pro-0813.zip,True,True
big-open,find-bugs,case_098,completed,deepseek/deepseek-v4-pro-0813,high,training-big-open.zip,train/find-bugs/case_098,analyze/ds4_pro/deepseek-v4-pro-0813.zip,True,True
big-open,find-bugs,case_099,completed,deepseek/deepseek-v4-pro-0813,high,training-big-open.zip,train/find-bugs/case_099,analyze/ds4_pro/deepseek-v4-pro-0813.zip,True,True
big-open,find-bugs,case_100,completed,deepseek/deepseek-v4-pro-0813,high,training-big-open.zip,train/find-bugs/case_100,analyze/ds4_pro/deepseek-v4-pro-0813.zip,True,True
big-open,forge-bughunter,case_001,completed,deepseek-v4-pro,high,training-big-open.zip,train/forge-bughunter/case_001,analyze/ds4_pro/deepseek-v4-pro-0813.zip,True,True
big-open,forge-bughunter,case_002,completed,deepseek-v4-pro,high,training-big-open.zip,train/forge-bughunter/case_002,analyze/ds4_pro/deepseek-v4-pro-0813.zip,True,True
big-open,forge-bughunter,case_003,completed,deepseek-v4-pro,high,training-big-open.zip,train/forge-bughunter/case_003,analyze/ds4_pro/deepseek-v4-pro-0813.zip,True,True
big-open,forge-bughunter,case_004,completed,deepseek-v4-pro,high,training-big-open.zip,train/forge-bughunter/case_004,analyze/ds4_pro/deepseek-v4-pro-0813.zip,True,True
big-open,forge-bughunter,case_005,completed,deepseek-v4-pro,high,training-big-open.zip,train/forge-bughunter/case_005,analyze/ds4_pro/deepseek-v4-pro-0813.zip,True,True
big-open,forge-bughunter,case_006,completed,deepseek-v4-pro,high,training-big-open.zip,train/forge-bughunter/case_006,analyze/ds4_pro/deepseek-v4-pro-0813.zip,True,True
big-open,forge-bughunter,case_007,completed,deepseek-v4-pro,high,training-big-open.zip,train/forge-bughunter/case_007,analyze/ds4_pro/deepseek-v4-pro-0813.zip,True,True
big-open,forge-bughunter,case_008,completed,deepseek-v4-pro,high,training-big-open.zip,train/forge-bughunter/case_008,analyze/ds4_pro/deepseek-v4-pro-0813.zip,True,True
big-open,forge-bughunter,case_009,completed,deepseek-v4-pro,high,training-big-open.zip,train/forge-bughunter/case_009,analyze/ds4_pro/deepseek-v4-pro-0813.zip,True,True
big-open,forge-bughunter,case_010,completed,deepseek-v4-pro,high,training-big-open.zip,train/forge-bughunter/case_010,analyze/ds4_pro/deepseek-v4-pro-0813.zip,True,True
big-open,forge-bughunter,case_011,completed,deepseek-v4-pro,high,training-big-open.zip,train/forge-bughunter/case_011,analyze/ds4_pro/deepseek-v4-pro-0813.zip,True,True
big-open,forge-bughunter,case_012,completed,deepseek-v4-pro,high,training-big-open.zip,train/forge-bughunter/case_012,analyze/ds4_pro/deepseek-v4-pro-0813.zip,True,True
big-open,forge-bughunter,case_013,completed,deepseek-v4-pro,high,training-big-open.zip,train/forge-bughunter/case_013,analyze/ds4_pro/deepseek-v4-pro-0813.zip,True,True
big-open,forge-bughunter,case_014,completed,deepseek-v4-pro,high,training-big-open.zip,train/forge-bughunter/case_014,analyze/ds4_pro/deepseek-v4-pro-0813.zip,True,True
big-open,forge-bughunter,case_015,completed,deepseek-v4-pro,high,training-big-open.zip,train/forge-bughunter/case_015,analyze/ds4_pro/deepseek-v4-pro-0813.zip,True,True
big-open,forge-bughunter,case_016,completed,deepseek-v4-pro,high,training-big-open.zip,train/forge-bughunter/case_016,analyze/ds4_pro/deepseek-v4-pro-0813.zip,True,True
big-open,forge-bughunter,case_017,completed,deepseek-v4-pro,high,training-big-open.zip,train/forge-bughunter/case_017,analyze/ds4_pro/deepseek-v4-pro-0813.zip,True,True
big-open,forge-bughunter,case_018,completed,deepseek-v4-pro,high,training-big-open.zip,train/forge-bughunter/case_018,analyze/ds4_pro/deepseek-v4-pro-0813.zip,True,True
big-open,forge-bughunter,case_019,completed,deepseek-v4-pro,high,training-big-open.zip,train/forge-bughunter/case_019,analyze/ds4_pro/deepseek-v4-pro-0813.zip,True,True
big-open,forge-bughunter,case_020,completed,deepseek-v4-pro,high,training-big-open.zip,train/forge-bughunter/case_020,analyze/ds4_pro/deepseek-v4-pro-0813.zip,True,True
big-open,forge-bughunter,case_021,completed,deepseek-v4-pro,high,training-big-open.zip,train/forge-bughunter/case_021,analyze/ds4_pro/deepseek-v4-pro-0813.zip,True,True
big-open,forge-bughunter,case_022,completed,deepseek-v4-pro,high,training-big-open.zip,train/forge-bughunter/case_022,analyze/ds4_pro/deepseek-v4-pro-0813.zip,True,True
big-open,forge-bughunter,case_023,completed,deepseek-v4-pro,high,training-big-open.zip,train/forge-bughunter/case_023,analyze/ds4_pro/deepseek-v4-pro-0813.zip,True,True
big-open,forge-bughunter,case_024,completed,deepseek-v4-pro,high,training-big-open.zip,train/forge-bughunter/case_024,analyze/ds4_pro/deepseek-v4-pro-0813.zip,True,True
big-open,forge-bughunter,case_025,completed,deepseek-v4-pro,high,training-big-open.zip,train/forge-bughunter/case_025,analyze/ds4_pro/deepseek-v4-pro-0813.zip,True,True
big-open,forge-bughunter,case_026,completed,deepseek-v4-pro,high,training-big-open.zip,train/forge-bughunter/case_026,analyze/ds4_pro/deepseek-v4-pro-0813.zip,True,True
big-open,forge-bughunter,case_027,completed,deepseek-v4-pro,high,training-big-open.zip,train/forge-bughunter/case_027,analyze/ds4_pro/deepseek-v4-pro-0813.zip,True,True
big-open,forge-bughunter,case_028,completed,deepseek-v4-pro,high,training-big-open.zip,train/forge-bughunter/case_028,analyze/ds4_pro/deepseek-v4-pro-0813.zip,True,True
big-open,forge-bughunter,case_029,completed,deepseek-v4-pro,high,training-big-open.zip,train/forge-bughunter/case_029,analyze/ds4_pro/deepseek-v4-pro-0813.zip,True,True
big-open,forge-bughunter,case_030,completed,deepseek-v4-pro,high,training-big-open.zip,train/forge-bughunter/case_030,analyze/ds4_pro/deepseek-v4-pro-0813.zip,True,True
big-open,forge-bughunter,case_031,completed,deepseek-v4-pro,high,training-big-open.zip,train/forge-bughunter/case_031,analyze/ds4_pro/deepseek-v4-pro-0813.zip,True,True
big-open,forge-bughunter,case_032,completed,deepseek-v4-pro,high,training-big-open.zip,train/forge-bughunter/case_032,analyze/ds4_pro/deepseek-v4-pro-0813.zip,True,True
big-open,forge-bughunter,case_033,completed,deepseek-v4-pro,high,training-big-open.zip,train/forge-bughunter/case_033,analyze/ds4_pro/deepseek-v4-pro-0813.zip,True,True
big-open,forge-bughunter,case_034,completed,deepseek-v4-pro,high,training-big-open.zip,train/forge-bughunter/case_034,analyze/ds4_pro/deepseek-v4-pro-0813.zip,True,True
big-open,forge-bughunter,case_035,completed,deepseek-v4-pro,high,training-big-open.zip,train/forge-bughunter/case_035,analyze/ds4_pro/deepseek-v4-pro-0813.zip,True,True
big-open,forge-bughunter,case_036,completed,deepseek-v4-pro,high,training-big-open.zip,train/forge-bughunter/case_036,analyze/ds4_pro/deepseek-v4-pro-0813.zip,True,True
big-open,forge-bughunter,case_037,completed,deepseek-v4-pro,high,training-big-open.zip,train/forge-bughunter/case_037,analyze/ds4_pro/deepseek-v4-pro-0813.zip,True,True
big-open,forge-bughunter,case_038,completed,deepseek-v4-pro,high,training-big-open.zip,train/forge-bughunter/case_038,analyze/ds4_pro/deepseek-v4-pro-0813.zip,True,True
big-open,forge-bughunter,case_039,completed,deepseek-v4-pro,high,training-big-open.zip,train/forge-bughunter/case_039,analyze/ds4_pro/deepseek-v4-pro-0813.zip,True,True
big-open,forge-bughunter,case_040,completed,deepseek-v4-pro,high,training-big-open.zip,train/forge-bughunter/case_040,analyze/ds4_pro/deepseek-v4-pro-0813.zip,True,True
big-open,forge-bughunter,case_041,completed,deepseek-v4-pro,high,training-big-open.zip,train/forge-bughunter/case_041,analyze/ds4_pro/deepseek-v4-pro-0813.zip,True,True
big-open,forge-bughunter,case_042,completed,deepseek-v4-pro,high,training-big-open.zip,train/forge-bughunter/case_042,analyze/ds4_pro/deepseek-v4-pro-0813.zip,True,True
big-open,forge-bughunter,case_043,completed,deepseek-v4-pro,high,training-big-open.zip,train/forge-bughunter/case_043,analyze/ds4_pro/deepseek-v4-pro-0813.zip,True,True
big-open,forge-bughunter,case_044,completed,deepseek-v4-pro,high,training-big-open.zip,train/forge-bughunter/case_044,analyze/ds4_pro/deepseek-v4-pro-0813.zip,True,True
big-open,forge-bughunter,case_045,completed,deepseek-v4-pro,high,training-big-open.zip,train/forge-bughunter/case_045,analyze/ds4_pro/deepseek-v4-pro-0813.zip,True,True
big-open,forge-bughunter,case_046,completed,deepseek-v4-pro,high,training-big-open.zip,train/forge-bughunter/case_046,analyze/ds4_pro/deepseek-v4-pro-0813.zip,True,True
big-open,forge-bughunter,case_047,completed,deepseek-v4-pro,high,training-big-open.zip,train/forge-bughunter/case_047,analyze/ds4_pro/deepseek-v4-pro-0813.zip,True,True
big-open,forge-bughunter,case_048,completed,deepseek-v4-pro,high,training-big-open.zip,train/forge-bughunter/case_048,analyze/ds4_pro/deepseek-v4-pro-0813.zip,True,True
big-open,forge-bughunter,case_049,completed,deepseek-v4-pro,high,training-big-open.zip,train/forge-bughunter/case_049,analyze/ds4_pro/deepseek-v4-pro-0813.zip,True,True
big-open,forge-bughunter,case_050,completed,deepseek-v4-pro,high,training-big-open.zip,train/forge-bughunter/case_050,analyze/ds4_pro/deepseek-v4-pro-0813.zip,True,True
big-open,forge-bughunter,case_051,completed,deepseek-v4-pro,high,training-big-open.zip,train/forge-bughunter/case_051,analyze/ds4_pro/deepseek-v4-pro-0813.zip,True,True
big-open,forge-bughunter,case_052,completed,deepseek-v4-pro,high,training-big-open.zip,train/forge-bughunter/case_052,analyze/ds4_pro/deepseek-v4-pro-0813.zip,True,True
big-open,forge-bughunter,case_053,completed,deepseek-v4-pro,high,training-big-open.zip,train/forge-bughunter/case_053,analyze/ds4_pro/deepseek-v4-pro-0813.zip,True,True
big-open,forge-bughunter,case_054,completed,deepseek-v4-pro,high,training-big-open.zip,train/forge-bughunter/case_054,analyze/ds4_pro/deepseek-v4-pro-0813.zip,True,True
big-open,forge-bughunter,case_055,completed,deepseek-v4-pro,high,training-big-open.zip,train/forge-bughunter/case_055,analyze/ds4_pro/deepseek-v4-pro-0813.zip,True,True
big-open,forge-bughunter,case_056,completed,deepseek-v4-pro,high,training-big-open.zip,train/forge-bughunter/case_056,analyze/ds4_pro/deepseek-v4-pro-0813.zip,True,True
big-open,forge-bughunter,case_057,completed,deepseek-v4-pro,high,training-big-open.zip,train/forge-bughunter/case_057,analyze/ds4_pro/deepseek-v4-pro-0813.zip,True,True
big-open,forge-bughunter,case_058,completed,deepseek-v4-pro,high,training-big-open.zip,train/forge-bughunter/case_058,analyze/ds4_pro/deepseek-v4-pro-0813.zip,True,True
big-open,forge-bughunter,case_059,completed,deepseek-v4-pro,high,training-big-open.zip,train/forge-bughunter/case_059,analyze/ds4_pro/deepseek-v4-pro-0813.zip,True,True
big-open,forge-bughunter,case_060,completed,deepseek-v4-pro,high,training-big-open.zip,train/forge-bughunter/case_060,analyze/ds4_pro/deepseek-v4-pro-0813.zip,True,True
big-open,forge-bughunter,case_061,completed,deepseek-v4-pro,high,training-big-open.zip,train/forge-bughunter/case_061,analyze/ds4_pro/deepseek-v4-pro-0813.zip,True,True
big-open,forge-bughunter,case_062,completed,deepseek-v4-pro,high,training-big-open.zip,train/forge-bughunter/case_062,analyze/ds4_pro/deepseek-v4-pro-0813.zip,True,True
big-open,forge-bughunter,case_063,completed,deepseek-v4-pro,high,training-big-open.zip,train/forge-bughunter/case_063,analyze/ds4_pro/deepseek-v4-pro-0813.zip,True,True
big-open,forge-bughunter,case_064,completed,deepseek-v4-pro,high,training-big-open.zip,train/forge-bughunter/case_064,analyze/ds4_pro/deepseek-v4-pro-0813.zip,True,True
big-open,forge-bughunter,case_065,completed,deepseek-v4-pro,high,training-big-open.zip,train/forge-bughunter/case_065,analyze/ds4_pro/deepseek-v4-pro-0813.zip,True,True
big-open,forge-bughunter,case_066,completed,deepseek-v4-pro,high,training-big-open.zip,train/forge-bughunter/case_066,analyze/ds4_pro/deepseek-v4-pro-0813.zip,True,True
big-open,forge-bughunter,case_067,completed,deepseek-v4-pro,high,training-big-open.zip,train/forge-bughunter/case_067,analyze/ds4_pro/deepseek-v4-pro-0813.zip,True,True
big-open,forge-bughunter,case_068,completed,deepseek-v4-pro,high,training-big-open.zip,train/forge-bughunter/case_068,analyze/ds4_pro/deepseek-v4-pro-0813.zip,True,True
big-open,forge-bughunter,case_069,completed,deepseek-v4-pro,high,training-big-open.zip,train/forge-bughunter/case_069,analyze/ds4_pro/deepseek-v4-pro-0813.zip,True,True
big-open,forge-bughunter,case_070,completed,deepseek-v4-pro,high,training-big-open.zip,train/forge-bughunter/case_070,analyze/ds4_pro/deepseek-v4-pro-0813.zip,True,True
big-open,forge-bughunter,case_071,completed,deepseek-v4-pro,high,training-big-open.zip,train/forge-bughunter/case_071,analyze/ds4_pro/deepseek-v4-pro-0813.zip,True,True
big-open,forge-bughunter,case_072,completed,deepseek-v4-pro,high,training-big-open.zip,train/forge-bughunter/case_072,analyze/ds4_pro/deepseek-v4-pro-0813.zip,True,True
big-open,forge-bughunter,case_073,completed,deepseek-v4-pro,high,training-big-open.zip,train/forge-bughunter/case_073,analyze/ds4_pro/deepseek-v4-pro-0813.zip,True,True
big-open,forge-bughunter,case_074,completed,deepseek-v4-pro,high,training-big-open.zip,train/forge-bughunter/case_074,analyze/ds4_pro/deepseek-v4-pro-0813.zip,True,True
big-open,forge-bughunter,case_075,completed,deepseek-v4-pro,high,training-big-open.zip,train/forge-bughunter/case_075,analyze/ds4_pro/deepseek-v4-pro-0813.zip,True,True
big-open,forge-bughunter,case_076,completed,deepseek-v4-pro,high,training-big-open.zip,train/forge-bughunter/case_076,analyze/ds4_pro/deepseek-v4-pro-0813.zip,True,True
big-open,forge-bughunter,case_077,completed,deepseek-v4-pro,high,training-big-open.zip,train/forge-bughunter/case_077,analyze/ds4_pro/deepseek-v4-pro-0813.zip,True,True
big-open,forge-bughunter,case_078,completed,deepseek-v4-pro,high,training-big-open.zip,train/forge-bughunter/case_078,analyze/ds4_pro/deepseek-v4-pro-0813.zip,True,True
big-open,forge-bughunter,case_079,completed,deepseek-v4-pro,high,training-big-open.zip,train/forge-bughunter/case_079,analyze/ds4_pro/deepseek-v4-pro-0813.zip,True,True
big-open,forge-bughunter,case_080,completed,deepseek-v4-pro,high,training-big-open.zip,train/forge-bughunter/case_080,analyze/ds4_pro/deepseek-v4-pro-0813.zip,True,True
big-open,forge-bughunter,case_081,completed,deepseek-v4-pro,high,training-big-open.zip,train/forge-bughunter/case_081,analyze/ds4_pro/deepseek-v4-pro-0813.zip,True,True
big-open,forge-bughunter,case_082,completed,deepseek-v4-pro,high,training-big-open.zip,train/forge-bughunter/case_082,analyze/ds4_pro/deepseek-v4-pro-0813.zip,True,True
big-open,forge-bughunter,case_083,completed,deepseek-v4-pro,high,training-big-open.zip,train/forge-bughunter/case_083,analyze/ds4_pro/deepseek-v4-pro-0813.zip,True,True
big-open,forge-bughunter,case_084,completed,deepseek-v4-pro,high,training-big-open.zip,train/forge-bughunter/case_084,analyze/ds4_pro/deepseek-v4-pro-0813.zip,True,True
big-open,forge-bughunter,case_085,completed,deepseek-v4-pro,high,training-big-open.zip,train/forge-bughunter/case_085,analyze/ds4_pro/deepseek-v4-pro-0813.zip,True,True
big-open,forge-bughunter,case_086,completed,deepseek-v4-pro,high,training-big-open.zip,train/forge-bughunter/case_086,analyze/ds4_pro/deepseek-v4-pro-0813.zip,True,True
big-open,forge-bughunter,case_087,completed,deepseek-v4-pro,high,training-big-open.zip,train/forge-bughunter/case_087,analyze/ds4_pro/deepseek-v4-pro-0813.zip,True,True
big-open,forge-bughunter,case_088,completed,deepseek-v4-pro,high,training-big-open.zip,train/forge-bughunter/case_088,analyze/ds4_pro/deepseek-v4-pro-0813.zip,True,True
big-open,forge-bughunter,case_089,completed,deepseek-v4-pro,high,training-big-open.zip,train/forge-bughunter/case_089,analyze/ds4_pro/deepseek-v4-pro-0813.zip,True,True
big-open,forge-bughunter,case_090,completed,deepseek-v4-pro,high,training-big-open.zip,train/forge-bughunter/case_090,analyze/ds4_pro/deepseek-v4-pro-0813.zip,True,True
big-open,forge-bughunter,case_091,completed,deepseek-v4-pro,high,training-big-open.zip,train/forge-bughunter/case_091,analyze/ds4_pro/deepseek-v4-pro-0813.zip,True,True
big-open,forge-bughunter,case_092,completed,deepseek-v4-pro,high,training-big-open.zip,train/forge-bughunter/case_092,analyze/ds4_pro/deepseek-v4-pro-0813.zip,True,True
big-open,forge-bughunter,case_093,completed,deepseek-v4-pro,high,training-big-open.zip,train/forge-bughunter/case_093,analyze/ds4_pro/deepseek-v4-pro-0813.zip,True,True
big-open,forge-bughunter,case_094,completed,deepseek-v4-pro,high,training-big-open.zip,train/forge-bughunter/case_094,analyze/ds4_pro/deepseek-v4-pro-0813.zip,True,True
big-open,forge-bughunter,case_095,completed,deepseek-v4-pro,high,training-big-open.zip,train/forge-bughunter/case_095,analyze/ds4_pro/deepseek-v4-pro-0813.zip,True,True
big-open,forge-bughunter,case_096,completed,deepseek-v4-pro,high,training-big-open.zip,train/forge-bughunter/case_096,analyze/ds4_pro/deepseek-v4-pro-0813.zip,True,True
big-open,forge-bughunter,case_097,completed,deepseek-v4-pro,high,training-big-open.zip,train/forge-bughunter/case_097,analyze/ds4_pro/deepseek-v4-pro-0813.zip,True,True
big-open,forge-bughunter,case_098,completed,deepseek-v4-pro,high,training-big-open.zip,train/forge-bughunter/case_098,analyze/ds4_pro/deepseek-v4-pro-0813.zip,True,True
big-open,forge-bughunter,case_099,completed,deepseek-v4-pro,high,training-big-open.zip,train/forge-bughunter/case_099,analyze/ds4_pro/deepseek-v4-pro-0813.zip,True,True
big-open,forge-bughunter,case_100,completed,deepseek-v4-pro,high,training-big-open.zip,train/forge-bughunter/case_100,analyze/ds4_pro/deepseek-v4-pro-0813.zip,True,True
big-open,mcouthon-security-review,case_001,completed,deepseek/deepseek-v4-pro-0813,high,training-big-open.zip,train/mcouthon-security-review/case_001,analyze/ds4_pro/deepseek-v4-pro-0813.zip,True,True
big-open,mcouthon-security-review,case_002,completed,deepseek/deepseek-v4-pro-0813,high,training-big-open.zip,train/mcouthon-security-review/case_002,analyze/ds4_pro/deepseek-v4-pro-0813.zip,True,True
big-open,mcouthon-security-review,case_003,completed,deepseek/deepseek-v4-pro-0813,high,training-big-open.zip,train/mcouthon-security-review/case_003,analyze/ds4_pro/deepseek-v4-pro-0813.zip,True,True
big-open,mcouthon-security-review,case_004,completed,deepseek/deepseek-v4-pro-0813,high,training-big-open.zip,train/mcouthon-security-review/case_004,analyze/ds4_pro/deepseek-v4-pro-0813.zip,True,True
big-open,mcouthon-security-review,case_005,completed,deepseek/deepseek-v4-pro-0813,high,training-big-open.zip,train/mcouthon-security-review/case_005,analyze/ds4_pro/deepseek-v4-pro-0813.zip,True,True
big-open,mcouthon-security-review,case_006,completed,deepseek/deepseek-v4-pro-0813,high,training-big-open.zip,train/mcouthon-security-review/case_006,analyze/ds4_pro/deepseek-v4-pro-0813.zip,True,True
big-open,mcouthon-security-review,case_007,completed,deepseek/deepseek-v4-pro-0813,high,training-big-open.zip,train/mcouthon-security-review/case_007,analyze/ds4_pro/deepseek-v4-pro-0813.zip,True,True
big-open,mcouthon-security-review,case_008,completed,deepseek/deepseek-v4-pro-0813,high,training-big-open.zip,train/mcouthon-security-review/case_008,analyze/ds4_pro/deepseek-v4-pro-0813.zip,True,True
big-open,mcouthon-security-review,case_009,completed,deepseek/deepseek-v4-pro-0813,high,training-big-open.zip,train/mcouthon-security-review/case_009,analyze/ds4_pro/deepseek-v4-pro-0813.zip,True,True
big-open,mcouthon-security-review,case_010,completed,deepseek/deepseek-v4-pro-0813,high,training-big-open.zip,train/mcouthon-security-review/case_010,analyze/ds4_pro/deepseek-v4-pro-0813.zip,True,True
big-open,mcouthon-security-review,case_011,completed,deepseek/deepseek-v4-pro-0813,high,training-big-open.zip,train/mcouthon-security-review/case_011,analyze/ds4_pro/deepseek-v4-pro-0813.zip,True,True
big-open,mcouthon-security-review,case_012,completed,deepseek/deepseek-v4-pro-0813,high,training-big-open.zip,train/mcouthon-security-review/case_012,analyze/ds4_pro/deepseek-v4-pro-0813.zip,True,True
big-open,mcouthon-security-review,case_013,completed,deepseek/deepseek-v4-pro-0813,high,training-big-open.zip,train/mcouthon-security-review/case_013,analyze/ds4_pro/deepseek-v4-pro-0813.zip,True,True
big-open,mcouthon-security-review,case_014,completed,deepseek/deepseek-v4-pro-0813,high,training-big-open.zip,train/mcouthon-security-review/case_014,analyze/ds4_pro/deepseek-v4-pro-0813.zip,True,True
big-open,mcouthon-security-review,case_015,completed,deepseek/deepseek-v4-pro-0813,high,training-big-open.zip,train/mcouthon-security-review/case_015,analyze/ds4_pro/deepseek-v4-pro-0813.zip,True,True
big-open,mcouthon-security-review,case_016,completed,deepseek/deepseek-v4-pro-0813,high,training-big-open.zip,train/mcouthon-security-review/case_016,analyze/ds4_pro/deepseek-v4-pro-0813.zip,True,True
big-open,mcouthon-security-review,case_017,completed,deepseek/deepseek-v4-pro-0813,high,training-big-open.zip,train/mcouthon-security-review/case_017,analyze/ds4_pro/deepseek-v4-pro-0813.zip,True,True
big-open,mcouthon-security-review,case_018,completed,deepseek/deepseek-v4-pro-0813,high,training-big-open.zip,train/mcouthon-security-review/case_018,analyze/ds4_pro/deepseek-v4-pro-0813.zip,True,True
big-open,mcouthon-security-review,case_019,completed,deepseek/deepseek-v4-pro-0813,high,training-big-open.zip,train/mcouthon-security-review/case_019,analyze/ds4_pro/deepseek-v4-pro-0813.zip,True,True
big-open,mcouthon-security-review,case_020,completed,deepseek/deepseek-v4-pro-0813,high,training-big-open.zip,train/mcouthon-security-review/case_020,analyze/ds4_pro/deepseek-v4-pro-0813.zip,True,True
big-open,mcouthon-security-review,case_021,completed,deepseek/deepseek-v4-pro-0813,high,training-big-open.zip,train/mcouthon-security-review/case_021,analyze/ds4_pro/deepseek-v4-pro-0813.zip,True,True
big-open,mcouthon-security-review,case_022,completed,deepseek/deepseek-v4-pro-0813,high,training-big-open.zip,train/mcouthon-security-review/case_022,analyze/ds4_pro/deepseek-v4-pro-0813.zip,True,True
big-open,mcouthon-security-review,case_023,completed,deepseek/deepseek-v4-pro-0813,high,training-big-open.zip,train/mcouthon-security-review/case_023,analyze/ds4_pro/deepseek-v4-pro-0813.zip,True,True
big-open,mcouthon-security-review,case_024,completed,deepseek/deepseek-v4-pro-0813,high,training-big-open.zip,train/mcouthon-security-review/case_024,analyze/ds4_pro/deepseek-v4-pro-0813.zip,True,True
big-open,mcouthon-security-review,case_025,completed,deepseek/deepseek-v4-pro-0813,high,training-big-open.zip,train/mcouthon-security-review/case_025,analyze/ds4_pro/deepseek-v4-pro-0813.zip,True,True
big-open,mcouthon-security-review,case_026,completed,deepseek/deepseek-v4-pro-0813,high,training-big-open.zip,train/mcouthon-security-review/case_026,analyze/ds4_pro/deepseek-v4-pro-0813.zip,True,True
big-open,mcouthon-security-review,case_027,completed,deepseek/deepseek-v4-pro-0813,high,training-big-open.zip,train/mcouthon-security-review/case_027,analyze/ds4_pro/deepseek-v4-pro-0813.zip,True,True
big-open,mcouthon-security-review,case_028,completed,deepseek/deepseek-v4-pro-0813,high,training-big-open.zip,train/mcouthon-security-review/case_028,analyze/ds4_pro/deepseek-v4-pro-0813.zip,True,True
big-open,mcouthon-security-review,case_029,completed,deepseek/deepseek-v4-pro-0813,high,training-big-open.zip,train/mcouthon-security-review/case_029,analyze/ds4_pro/deepseek-v4-pro-0813.zip,True,True
big-open,mcouthon-security-review,case_030,completed,deepseek/deepseek-v4-pro-0813,high,training-big-open.zip,train/mcouthon-security-review/case_030,analyze/ds4_pro/deepseek-v4-pro-0813.zip,True,True
big-open,mcouthon-security-review,case_031,completed,deepseek/deepseek-v4-pro-0813,high,training-big-open.zip,train/mcouthon-security-review/case_031,analyze/ds4_pro/deepseek-v4-pro-0813.zip,True,True
big-open,mcouthon-security-review,case_032,completed,deepseek/deepseek-v4-pro-0813,high,training-big-open.zip,train/mcouthon-security-review/case_032,analyze/ds4_pro/deepseek-v4-pro-0813.zip,True,True
big-open,mcouthon-security-review,case_033,completed,deepseek/deepseek-v4-pro-0813,high,training-big-open.zip,train/mcouthon-security-review/case_033,analyze/ds4_pro/deepseek-v4-pro-0813.zip,True,True
big-open,mcouthon-security-review,case_034,completed,deepseek/deepseek-v4-pro-0813,high,training-big-open.zip,train/mcouthon-security-review/case_034,analyze/ds4_pro/deepseek-v4-pro-0813.zip,True,True
big-open,mcouthon-security-review,case_035,completed,deepseek/deepseek-v4-pro-0813,high,training-big-open.zip,train/mcouthon-security-review/case_035,analyze/ds4_pro/deepseek-v4-pro-0813.zip,True,True
big-open,mcouthon-security-review,case_036,completed,deepseek/deepseek-v4-pro-0813,high,training-big-open.zip,train/mcouthon-security-review/case_036,analyze/ds4_pro/deepseek-v4-pro-0813.zip,True,True
big-open,mcouthon-security-review,case_037,completed,deepseek/deepseek-v4-pro-0813,high,training-big-open.zip,train/mcouthon-security-review/case_037,analyze/ds4_pro/deepseek-v4-pro-0813.zip,True,True
big-open,mcouthon-security-review,case_038,completed,deepseek/deepseek-v4-pro-0813,high,training-big-open.zip,train/mcouthon-security-review/case_038,analyze/ds4_pro/deepseek-v4-pro-0813.zip,True,True
big-open,mcouthon-security-review,case_039,completed,deepseek/deepseek-v4-pro-0813,high,training-big-open.zip,train/mcouthon-security-review/case_039,analyze/ds4_pro/deepseek-v4-pro-0813.zip,True,True
big-open,mcouthon-security-review,case_040,completed,deepseek/deepseek-v4-pro-0813,high,training-big-open.zip,train/mcouthon-security-review/case_040,analyze/ds4_pro/deepseek-v4-pro-0813.zip,True,True
big-open,mcouthon-security-review,case_041,completed,deepseek/deepseek-v4-pro-0813,high,training-big-open.zip,train/mcouthon-security-review/case_041,analyze/ds4_pro/deepseek-v4-pro-0813.zip,True,True
big-open,mcouthon-security-review,case_042,completed,deepseek/deepseek-v4-pro-0813,high,training-big-open.zip,train/mcouthon-security-review/case_042,analyze/ds4_pro/deepseek-v4-pro-0813.zip,True,True
big-open,mcouthon-security-review,case_043,completed,deepseek/deepseek-v4-pro-0813,high,training-big-open.zip,train/mcouthon-security-review/case_043,analyze/ds4_pro/deepseek-v4-pro-0813.zip,True,True
big-open,mcouthon-security-review,case_044,completed,deepseek/deepseek-v4-pro-0813,high,training-big-open.zip,train/mcouthon-security-review/case_044,analyze/ds4_pro/deepseek-v4-pro-0813.zip,True,True
big-open,mcouthon-security-review,case_045,completed,deepseek/deepseek-v4-pro-0813,high,training-big-open.zip,train/mcouthon-security-review/case_045,analyze/ds4_pro/deepseek-v4-pro-0813.zip,True,True
big-open,mcouthon-security-review,case_046,completed,deepseek/deepseek-v4-pro-0813,high,training-big-open.zip,train/mcouthon-security-review/case_046,analyze/ds4_pro/deepseek-v4-pro-0813.zip,True,True
big-open,mcouthon-security-review,case_047,completed,deepseek/deepseek-v4-pro-0813,high,training-big-open.zip,train/mcouthon-security-review/case_047,analyze/ds4_pro/deepseek-v4-pro-0813.zip,True,True
big-open,mcouthon-security-review,case_048,completed,deepseek/deepseek-v4-pro-0813,high,training-big-open.zip,train/mcouthon-security-review/case_048,analyze/ds4_pro/deepseek-v4-pro-0813.zip,True,True
big-open,mcouthon-security-review,case_049,completed,deepseek/deepseek-v4-pro-0813,high,training-big-open.zip,train/mcouthon-security-review/case_049,analyze/ds4_pro/deepseek-v4-pro-0813.zip,True,True
big-open,mcouthon-security-review,case_050,completed,deepseek/deepseek-v4-pro-0813,high,training-big-open.zip,train/mcouthon-security-review/case_050,analyze/ds4_pro/deepseek-v4-pro-0813.zip,True,True
big-open,mcouthon-security-review,case_051,completed,deepseek/deepseek-v4-pro-0813,high,training-big-open.zip,train/mcouthon-security-review/case_051,analyze/ds4_pro/deepseek-v4-pro-0813.zip,True,True
big-open,mcouthon-security-review,case_052,completed,deepseek/deepseek-v4-pro-0813,high,training-big-open.zip,train/mcouthon-security-review/case_052,analyze/ds4_pro/deepseek-v4-pro-0813.zip,True,True
big-open,mcouthon-security-review,case_053,completed,deepseek/deepseek-v4-pro-0813,high,training-big-open.zip,train/mcouthon-security-review/case_053,analyze/ds4_pro/deepseek-v4-pro-0813.zip,True,True
big-open,mcouthon-security-review,case_054,completed,deepseek/deepseek-v4-pro-0813,high,training-big-open.zip,train/mcouthon-security-review/case_054,analyze/ds4_pro/deepseek-v4-pro-0813.zip,True,True
big-open,mcouthon-security-review,case_055,completed,deepseek/deepseek-v4-pro-0813,high,training-big-open.zip,train/mcouthon-security-review/case_055,analyze/ds4_pro/deepseek-v4-pro-0813.zip,True,True
big-open,mcouthon-security-review,case_056,completed,deepseek/deepseek-v4-pro-0813,high,training-big-open.zip,train/mcouthon-security-review/case_056,analyze/ds4_pro/deepseek-v4-pro-0813.zip,True,True
big-open,mcouthon-security-review,case_057,completed,deepseek/deepseek-v4-pro-0813,high,training-big-open.zip,train/mcouthon-security-review/case_057,analyze/ds4_pro/deepseek-v4-pro-0813.zip,True,True
big-open,mcouthon-security-review,case_058,completed,deepseek/deepseek-v4-pro-0813,high,training-big-open.zip,train/mcouthon-security-review/case_058,analyze/ds4_pro/deepseek-v4-pro-0813.zip,True,True
big-open,mcouthon-security-review,case_059,completed,deepseek/deepseek-v4-pro-0813,high,training-big-open.zip,train/mcouthon-security-review/case_059,analyze/ds4_pro/deepseek-v4-pro-0813.zip,True,True
big-open,mcouthon-security-review,case_060,completed,deepseek/deepseek-v4-pro-0813,high,training-big-open.zip,train/mcouthon-security-review/case_060,analyze/ds4_pro/deepseek-v4-pro-0813.zip,True,True
big-open,mcouthon-security-review,case_061,completed,deepseek/deepseek-v4-pro-0813,high,training-big-open.zip,train/mcouthon-security-review/case_061,analyze/ds4_pro/deepseek-v4-pro-0813.zip,True,True
big-open,mcouthon-security-review,case_062,completed,deepseek/deepseek-v4-pro-0813,high,training-big-open.zip,train/mcouthon-security-review/case_062,analyze/ds4_pro/deepseek-v4-pro-0813.zip,True,True
big-open,mcouthon-security-review,case_063,completed,deepseek/deepseek-v4-pro-0813,high,training-big-open.zip,train/mcouthon-security-review/case_063,analyze/ds4_pro/deepseek-v4-pro-0813.zip,True,True
big-open,mcouthon-security-review,case_064,completed,deepseek/deepseek-v4-pro-0813,high,training-big-open.zip,train/mcouthon-security-review/case_064,analyze/ds4_pro/deepseek-v4-pro-0813.zip,True,True
big-open,mcouthon-security-review,case_065,completed,deepseek/deepseek-v4-pro-0813,high,training-big-open.zip,train/mcouthon-security-review/case_065,analyze/ds4_pro/deepseek-v4-pro-0813.zip,True,True
big-open,mcouthon-security-review,case_066,completed,deepseek/deepseek-v4-pro-0813,high,training-big-open.zip,train/mcouthon-security-review/case_066,analyze/ds4_pro/deepseek-v4-pro-0813.zip,True,True
big-open,mcouthon-security-review,case_067,completed,deepseek/deepseek-v4-pro-0813,high,training-big-open.zip,train/mcouthon-security-review/case_067,analyze/ds4_pro/deepseek-v4-pro-0813.zip,True,True
big-open,mcouthon-security-review,case_068,completed,deepseek/deepseek-v4-pro-0813,high,training-big-open.zip,train/mcouthon-security-review/case_068,analyze/ds4_pro/deepseek-v4-pro-0813.zip,True,True
big-open,mcouthon-security-review,case_069,completed,deepseek/deepseek-v4-pro-0813,high,training-big-open.zip,train/mcouthon-security-review/case_069,analyze/ds4_pro/deepseek-v4-pro-0813.zip,True,True
big-open,mcouthon-security-review,case_070,completed,deepseek/deepseek-v4-pro-0813,high,training-big-open.zip,train/mcouthon-security-review/case_070,analyze/ds4_pro/deepseek-v4-pro-0813.zip,True,True
big-open,mcouthon-security-review,case_071,completed,deepseek/deepseek-v4-pro-0813,high,training-big-open.zip,train/mcouthon-security-review/case_071,analyze/ds4_pro/deepseek-v4-pro-0813.zip,True,True
big-open,mcouthon-security-review,case_072,completed,deepseek/deepseek-v4-pro-0813,high,training-big-open.zip,train/mcouthon-security-review/case_072,analyze/ds4_pro/deepseek-v4-pro-0813.zip,True,True
big-open,mcouthon-security-review,case_073,completed,deepseek/deepseek-v4-pro-0813,high,training-big-open.zip,train/mcouthon-security-review/case_073,analyze/ds4_pro/deepseek-v4-pro-0813.zip,True,True
big-open,mcouthon-security-review,case_074,completed,deepseek/deepseek-v4-pro-0813,high,training-big-open.zip,train/mcouthon-security-review/case_074,analyze/ds4_pro/deepseek-v4-pro-0813.zip,True,True
big-open,mcouthon-security-review,case_075,completed,deepseek/deepseek-v4-pro-0813,high,training-big-open.zip,train/mcouthon-security-review/case_075,analyze/ds4_pro/deepseek-v4-pro-0813.zip,True,True
big-open,mcouthon-security-review,case_076,completed,deepseek/deepseek-v4-pro-0813,high,training-big-open.zip,train/mcouthon-security-review/case_076,analyze/ds4_pro/deepseek-v4-pro-0813.zip,True,True
big-open,mcouthon-security-review,case_077,completed,deepseek/deepseek-v4-pro-0813,high,training-big-open.zip,train/mcouthon-security-review/case_077,analyze/ds4_pro/deepseek-v4-pro-0813.zip,True,True
big-open,mcouthon-security-review,case_078,completed,deepseek/deepseek-v4-pro-0813,high,training-big-open.zip,train/mcouthon-security-review/case_078,analyze/ds4_pro/deepseek-v4-pro-0813.zip,True,True
big-open,mcouthon-security-review,case_079,completed,deepseek/deepseek-v4-pro-0813,high,training-big-open.zip,train/mcouthon-security-review/case_079,analyze/ds4_pro/deepseek-v4-pro-0813.zip,True,True
big-open,mcouthon-security-review,case_080,completed,deepseek/deepseek-v4-pro-0813,high,training-big-open.zip,train/mcouthon-security-review/case_080,analyze/ds4_pro/deepseek-v4-pro-0813.zip,True,True
big-open,mcouthon-security-review,case_081,completed,deepseek/deepseek-v4-pro-0813,high,training-big-open.zip,train/mcouthon-security-review/case_081,analyze/ds4_pro/deepseek-v4-pro-0813.zip,True,True
big-open,mcouthon-security-review,case_082,completed,deepseek/deepseek-v4-pro-0813,high,training-big-open.zip,train/mcouthon-security-review/case_082,analyze/ds4_pro/deepseek-v4-pro-0813.zip,True,True
big-open,mcouthon-security-review,case_083,completed,deepseek/deepseek-v4-pro-0813,high,training-big-open.zip,train/mcouthon-security-review/case_083,analyze/ds4_pro/deepseek-v4-pro-0813.zip,True,True
big-open,mcouthon-security-review,case_084,completed,deepseek/deepseek-v4-pro-0813,high,training-big-open.zip,train/mcouthon-security-review/case_084,analyze/ds4_pro/deepseek-v4-pro-0813.zip,True,True
big-open,mcouthon-security-review,case_085,completed,deepseek/deepseek-v4-pro-0813,high,training-big-open.zip,train/mcouthon-security-review/case_085,analyze/ds4_pro/deepseek-v4-pro-0813.zip,True,True
big-open,mcouthon-security-review,case_086,completed,deepseek/deepseek-v4-pro-0813,high,training-big-open.zip,train/mcouthon-security-review/case_086,analyze/ds4_pro/deepseek-v4-pro-0813.zip,True,True
big-open,mcouthon-security-review,case_087,completed,deepseek/deepseek-v4-pro-0813,high,training-big-open.zip,train/mcouthon-security-review/case_087,analyze/ds4_pro/deepseek-v4-pro-0813.zip,True,True
big-open,mcouthon-security-review,case_088,completed,deepseek/deepseek-v4-pro-0813,high,training-big-open.zip,train/mcouthon-security-review/case_088,analyze/ds4_pro/deepseek-v4-pro-0813.zip,True,True
big-open,mcouthon-security-review,case_089,completed,deepseek/deepseek-v4-pro-0813,high,training-big-open.zip,train/mcouthon-security-review/case_089,analyze/ds4_pro/deepseek-v4-pro-0813.zip,True,True
big-open,mcouthon-security-review,case_090,completed,deepseek/deepseek-v4-pro-0813,high,training-big-open.zip,train/mcouthon-security-review/case_090,analyze/ds4_pro/deepseek-v4-pro-0813.zip,True,True
big-open,mcouthon-security-review,case_091,completed,deepseek/deepseek-v4-pro-0813,high,training-big-open.zip,train/mcouthon-security-review/case_091,analyze/ds4_pro/deepseek-v4-pro-0813.zip,True,True
big-open,mcouthon-security-review,case_092,completed,deepseek/deepseek-v4-pro-0813,high,training-big-open.zip,train/mcouthon-security-review/case_092,analyze/ds4_pro/deepseek-v4-pro-0813.zip,True,True
big-open,mcouthon-security-review,case_093,completed,deepseek/deepseek-v4-pro-0813,high,training-big-open.zip,train/mcouthon-security-review/case_093,analyze/ds4_pro/deepseek-v4-pro-0813.zip,True,True
big-open,mcouthon-security-review,case_094,completed,deepseek/deepseek-v4-pro-0813,high,training-big-open.zip,train/mcouthon-security-review/case_094,analyze/ds4_pro/deepseek-v4-pro-0813.zip,True,True
big-open,mcouthon-security-review,case_095,completed,deepseek/deepseek-v4-pro-0813,high,training-big-open.zip,train/mcouthon-security-review/case_095,analyze/ds4_pro/deepseek-v4-pro-0813.zip,True,True
big-open,mcouthon-security-review,case_096,completed,deepseek/deepseek-v4-pro-0813,high,training-big-open.zip,train/mcouthon-security-review/case_096,analyze/ds4_pro/deepseek-v4-pro-0813.zip,True,True
big-open,mcouthon-security-review,case_097,completed,deepseek-v4-pro,high,training-big-open.zip,train/mcouthon-security-review/case_097,analyze/ds4_pro/deepseek-v4-pro-0813.zip,True,True
big-open,mcouthon-security-review,case_098,completed,deepseek-v4-pro,high,training-big-open.zip,train/mcouthon-security-review/case_098,analyze/ds4_pro/deepseek-v4-pro-0813.zip,True,True
big-open,mcouthon-security-review,case_099,completed,deepseek-v4-pro,high,training-big-open.zip,train/mcouthon-security-review/case_099,analyze/ds4_pro/deepseek-v4-pro-0813.zip,True,True
big-open,mcouthon-security-review,case_100,completed,deepseek-v4-pro,high,training-big-open.zip,train/mcouthon-security-review/case_100,analyze/ds4_pro/deepseek-v4-pro-0813.zip,True,True
big-open,memory-api-misuse,case_001,completed,deepseek-v4-pro,high,training-big-open.zip,train/memory-api-misuse/case_001,analyze/ds4_pro/deepseek-v4-pro-0813.zip,True,True
big-open,memory-api-misuse,case_002,completed,deepseek-v4-pro,high,training-big-open.zip,train/memory-api-misuse/case_002,analyze/ds4_pro/deepseek-v4-pro-0813.zip,True,True
big-open,memory-api-misuse,case_003,completed,deepseek-v4-pro,high,training-big-open.zip,train/memory-api-misuse/case_003,analyze/ds4_pro/deepseek-v4-pro-0813.zip,True,True
big-open,memory-api-misuse,case_004,completed,deepseek-v4-pro,high,training-big-open.zip,train/memory-api-misuse/case_004,analyze/ds4_pro/deepseek-v4-pro-0813.zip,True,True
big-open,memory-api-misuse,case_005,completed,deepseek-v4-pro,high,training-big-open.zip,train/memory-api-misuse/case_005,analyze/ds4_pro/deepseek-v4-pro-0813.zip,True,True
big-open,memory-api-misuse,case_006,completed,deepseek-v4-pro,high,training-big-open.zip,train/memory-api-misuse/case_006,analyze/ds4_pro/deepseek-v4-pro-0813.zip,True,True
big-open,memory-api-misuse,case_007,completed,deepseek-v4-pro,high,training-big-open.zip,train/memory-api-misuse/case_007,analyze/ds4_pro/deepseek-v4-pro-0813.zip,True,True
big-open,memory-api-misuse,case_008,completed,deepseek-v4-pro,high,training-big-open.zip,train/memory-api-misuse/case_008,analyze/ds4_pro/deepseek-v4-pro-0813.zip,True,True
big-open,memory-api-misuse,case_009,completed,deepseek-v4-pro,high,training-big-open.zip,train/memory-api-misuse/case_009,analyze/ds4_pro/deepseek-v4-pro-0813.zip,True,True
big-open,memory-api-misuse,case_010,completed,deepseek-v4-pro,high,training-big-open.zip,train/memory-api-misuse/case_010,analyze/ds4_pro/deepseek-v4-pro-0813.zip,True,True
big-open,memory-api-misuse,case_011,completed,deepseek-v4-pro,high,training-big-open.zip,train/memory-api-misuse/case_011,analyze/ds4_pro/deepseek-v4-pro-0813.zip,True,True
big-open,memory-api-misuse,case_012,completed,deepseek-v4-pro,high,training-big-open.zip,train/memory-api-misuse/case_012,analyze/ds4_pro/deepseek-v4-pro-0813.zip,True,True
big-open,memory-api-misuse,case_013,completed,deepseek-v4-pro,high,training-big-open.zip,train/memory-api-misuse/case_013,analyze/ds4_pro/deepseek-v4-pro-0813.zip,True,True
big-open,memory-api-misuse,case_014,completed,deepseek-v4-pro,high,training-big-open.zip,train/memory-api-misuse/case_014,analyze/ds4_pro/deepseek-v4-pro-0813.zip,True,True
big-open,memory-api-misuse,case_015,completed,deepseek-v4-pro,high,training-big-open.zip,train/memory-api-misuse/case_015,analyze/ds4_pro/deepseek-v4-pro-0813.zip,True,True
big-open,memory-api-misuse,case_016,completed,deepseek-v4-pro,high,training-big-open.zip,train/memory-api-misuse/case_016,analyze/ds4_pro/deepseek-v4-pro-0813.zip,True,True
big-open,memory-api-misuse,case_017,completed,deepseek-v4-pro,high,training-big-open.zip,train/memory-api-misuse/case_017,analyze/ds4_pro/deepseek-v4-pro-0813.zip,True,True
big-open,memory-api-misuse,case_018,completed,deepseek-v4-pro,high,training-big-open.zip,train/memory-api-misuse/case_018,analyze/ds4_pro/deepseek-v4-pro-0813.zip,True,True
big-open,memory-api-misuse,case_019,completed,deepseek-v4-pro,high,training-big-open.zip,train/memory-api-misuse/case_019,analyze/ds4_pro/deepseek-v4-pro-0813.zip,True,True
big-open,memory-api-misuse,case_020,completed,deepseek-v4-pro,high,training-big-open.zip,train/memory-api-misuse/case_020,analyze/ds4_pro/deepseek-v4-pro-0813.zip,True,True
big-open,memory-api-misuse,case_021,completed,deepseek-v4-pro,high,training-big-open.zip,train/memory-api-misuse/case_021,analyze/ds4_pro/deepseek-v4-pro-0813.zip,True,True
big-open,memory-api-misuse,case_022,completed,deepseek-v4-pro,high,training-big-open.zip,train/memory-api-misuse/case_022,analyze/ds4_pro/deepseek-v4-pro-0813.zip,True,True
big-open,memory-api-misuse,case_023,completed,deepseek-v4-pro,high,training-big-open.zip,train/memory-api-misuse/case_023,analyze/ds4_pro/deepseek-v4-pro-0813.zip,True,True
big-open,memory-api-misuse,case_024,completed,deepseek-v4-pro,high,training-big-open.zip,train/memory-api-misuse/case_024,analyze/ds4_pro/deepseek-v4-pro-0813.zip,True,True
big-open,memory-api-misuse,case_025,completed,deepseek-v4-pro,high,training-big-open.zip,train/memory-api-misuse/case_025,analyze/ds4_pro/deepseek-v4-pro-0813.zip,True,True
big-open,memory-api-misuse,case_026,completed,deepseek-v4-pro,high,training-big-open.zip,train/memory-api-misuse/case_026,analyze/ds4_pro/deepseek-v4-pro-0813.zip,True,True
big-open,memory-api-misuse,case_027,completed,deepseek-v4-pro,high,training-big-open.zip,train/memory-api-misuse/case_027,analyze/ds4_pro/deepseek-v4-pro-0813.zip,True,True
big-open,memory-api-misuse,case_028,completed,deepseek-v4-pro,high,training-big-open.zip,train/memory-api-misuse/case_028,analyze/ds4_pro/deepseek-v4-pro-0813.zip,True,True
big-open,memory-api-misuse,case_029,completed,deepseek-v4-pro,high,training-big-open.zip,train/memory-api-misuse/case_029,analyze/ds4_pro/deepseek-v4-pro-0813.zip,True,True
big-open,memory-api-misuse,case_030,completed,deepseek-v4-pro,high,training-big-open.zip,train/memory-api-misuse/case_030,analyze/ds4_pro/deepseek-v4-pro-0813.zip,True,True
big-open,memory-api-misuse,case_031,completed,deepseek-v4-pro,high,training-big-open.zip,train/memory-api-misuse/case_031,analyze/ds4_pro/deepseek-v4-pro-0813.zip,True,True
big-open,memory-api-misuse,case_032,completed,deepseek-v4-pro,high,training-big-open.zip,train/memory-api-misuse/case_032,analyze/ds4_pro/deepseek-v4-pro-0813.zip,True,True
big-open,memory-api-misuse,case_033,completed,deepseek-v4-pro,high,training-big-open.zip,train/memory-api-misuse/case_033,analyze/ds4_pro/deepseek-v4-pro-0813.zip,True,True
big-open,memory-api-misuse,case_034,completed,deepseek-v4-pro,high,training-big-open.zip,train/memory-api-misuse/case_034,analyze/ds4_pro/deepseek-v4-pro-0813.zip,True,True
big-open,memory-api-misuse,case_035,completed,deepseek-v4-pro,high,training-big-open.zip,train/memory-api-misuse/case_035,analyze/ds4_pro/deepseek-v4-pro-0813.zip,True,True
big-open,memory-api-misuse,case_036,completed,deepseek-v4-pro,high,training-big-open.zip,train/memory-api-misuse/case_036,analyze/ds4_pro/deepseek-v4-pro-0813.zip,True,True
big-open,memory-api-misuse,case_037,completed,deepseek-v4-pro,high,training-big-open.zip,train/memory-api-misuse/case_037,analyze/ds4_pro/deepseek-v4-pro-0813.zip,True,True
big-open,memory-api-misuse,case_038,completed,deepseek-v4-pro,high,training-big-open.zip,train/memory-api-misuse/case_038,analyze/ds4_pro/deepseek-v4-pro-0813.zip,True,True
big-open,memory-api-misuse,case_039,completed,deepseek-v4-pro,high,training-big-open.zip,train/memory-api-misuse/case_039,analyze/ds4_pro/deepseek-v4-pro-0813.zip,True,True
big-open,memory-api-misuse,case_040,completed,deepseek-v4-pro,high,training-big-open.zip,train/memory-api-misuse/case_040,analyze/ds4_pro/deepseek-v4-pro-0813.zip,True,True
big-open,memory-api-misuse,case_041,completed,deepseek-v4-pro,high,training-big-open.zip,train/memory-api-misuse/case_041,analyze/ds4_pro/deepseek-v4-pro-0813.zip,True,True
big-open,memory-api-misuse,case_042,completed,deepseek-v4-pro,high,training-big-open.zip,train/memory-api-misuse/case_042,analyze/ds4_pro/deepseek-v4-pro-0813.zip,True,True
big-open,memory-api-misuse,case_043,completed,deepseek-v4-pro,high,training-big-open.zip,train/memory-api-misuse/case_043,analyze/ds4_pro/deepseek-v4-pro-0813.zip,True,True
big-open,memory-api-misuse,case_044,completed,deepseek-v4-pro,high,training-big-open.zip,train/memory-api-misuse/case_044,analyze/ds4_pro/deepseek-v4-pro-0813.zip,True,True
big-open,memory-api-misuse,case_045,completed,deepseek-v4-pro,high,training-big-open.zip,train/memory-api-misuse/case_045,analyze/ds4_pro/deepseek-v4-pro-0813.zip,True,True
big-open,memory-api-misuse,case_046,completed,deepseek-v4-pro,high,training-big-open.zip,train/memory-api-misuse/case_046,analyze/ds4_pro/deepseek-v4-pro-0813.zip,True,True
big-open,memory-api-misuse,case_047,completed,deepseek-v4-pro,high,training-big-open.zip,train/memory-api-misuse/case_047,analyze/ds4_pro/deepseek-v4-pro-0813.zip,True,True
big-open,memory-api-misuse,case_048,completed,deepseek-v4-pro,high,training-big-open.zip,train/memory-api-misuse/case_048,analyze/ds4_pro/deepseek-v4-pro-0813.zip,True,True
big-open,memory-api-misuse,case_049,completed,deepseek-v4-pro,high,training-big-open.zip,train/memory-api-misuse/case_049,analyze/ds4_pro/deepseek-v4-pro-0813.zip,True,True
big-open,memory-api-misuse,case_050,completed,deepseek-v4-pro,high,training-big-open.zip,train/memory-api-misuse/case_050,analyze/ds4_pro/deepseek-v4-pro-0813.zip,True,True
big-open,memory-api-misuse,case_051,completed,deepseek-v4-pro,high,training-big-open.zip,train/memory-api-misuse/case_051,analyze/ds4_pro/deepseek-v4-pro-0813.zip,True,True
big-open,memory-api-misuse,case_052,completed,deepseek-v4-pro,high,training-big-open.zip,train/memory-api-misuse/case_052,analyze/ds4_pro/deepseek-v4-pro-0813.zip,True,True
big-open,memory-api-misuse,case_053,completed,deepseek-v4-pro,high,training-big-open.zip,train/memory-api-misuse/case_053,analyze/ds4_pro/deepseek-v4-pro-0813.zip,True,True
big-open,memory-api-misuse,case_054,completed,deepseek-v4-pro,high,training-big-open.zip,train/memory-api-misuse/case_054,analyze/ds4_pro/deepseek-v4-pro-0813.zip,True,True
big-open,memory-api-misuse,case_055,completed,deepseek-v4-pro,high,training-big-open.zip,train/memory-api-misuse/case_055,analyze/ds4_pro/deepseek-v4-pro-0813.zip,True,True
big-open,memory-api-misuse,case_056,completed,deepseek-v4-pro,high,training-big-open.zip,train/memory-api-misuse/case_056,analyze/ds4_pro/deepseek-v4-pro-0813.zip,True,True
big-open,memory-api-misuse,case_057,completed,deepseek-v4-pro,high,training-big-open.zip,train/memory-api-misuse/case_057,analyze/ds4_pro/deepseek-v4-pro-0813.zip,True,True
big-open,memory-api-misuse,case_058,completed,deepseek-v4-pro,high,training-big-open.zip,train/memory-api-misuse/case_058,analyze/ds4_pro/deepseek-v4-pro-0813.zip,True,True
big-open,memory-api-misuse,case_059,completed,deepseek-v4-pro,high,training-big-open.zip,train/memory-api-misuse/case_059,analyze/ds4_pro/deepseek-v4-pro-0813.zip,True,True
big-open,memory-api-misuse,case_060,completed,deepseek-v4-pro,high,training-big-open.zip,train/memory-api-misuse/case_060,analyze/ds4_pro/deepseek-v4-pro-0813.zip,True,True
big-open,memory-api-misuse,case_061,completed,deepseek-v4-pro,high,training-big-open.zip,train/memory-api-misuse/case_061,analyze/ds4_pro/deepseek-v4-pro-0813.zip,True,True
big-open,memory-api-misuse,case_062,completed,deepseek-v4-pro,high,training-big-open.zip,train/memory-api-misuse/case_062,analyze/ds4_pro/deepseek-v4-pro-0813.zip,True,True
big-open,memory-api-misuse,case_063,completed,deepseek-v4-pro,high,training-big-open.zip,train/memory-api-misuse/case_063,analyze/ds4_pro/deepseek-v4-pro-0813.zip,True,True
big-open,memory-api-misuse,case_064,completed,deepseek-v4-pro,high,training-big-open.zip,train/memory-api-misuse/case_064,analyze/ds4_pro/deepseek-v4-pro-0813.zip,True,True
big-open,memory-api-misuse,case_065,completed,deepseek-v4-pro,high,training-big-open.zip,train/memory-api-misuse/case_065,analyze/ds4_pro/deepseek-v4-pro-0813.zip,True,True
big-open,memory-api-misuse,case_066,completed,deepseek-v4-pro,high,training-big-open.zip,train/memory-api-misuse/case_066,analyze/ds4_pro/deepseek-v4-pro-0813.zip,True,True
big-open,memory-api-misuse,case_067,completed,deepseek-v4-pro,high,training-big-open.zip,train/memory-api-misuse/case_067,analyze/ds4_pro/deepseek-v4-pro-0813.zip,True,True
big-open,memory-api-misuse,case_068,completed,deepseek-v4-pro,high,training-big-open.zip,train/memory-api-misuse/case_068,analyze/ds4_pro/deepseek-v4-pro-0813.zip,True,True
big-open,memory-api-misuse,case_069,completed,deepseek-v4-pro,high,training-big-open.zip,train/memory-api-misuse/case_069,analyze/ds4_pro/deepseek-v4-pro-0813.zip,True,True
big-open,memory-api-misuse,case_070,completed,deepseek-v4-pro,high,training-big-open.zip,train/memory-api-misuse/case_070,analyze/ds4_pro/deepseek-v4-pro-0813.zip,True,True
big-open,memory-api-misuse,case_071,completed,deepseek-v4-pro,high,training-big-open.zip,train/memory-api-misuse/case_071,analyze/ds4_pro/deepseek-v4-pro-0813.zip,True,True
big-open,memory-api-misuse,case_072,completed,deepseek-v4-pro,high,training-big-open.zip,train/memory-api-misuse/case_072,analyze/ds4_pro/deepseek-v4-pro-0813.zip,True,True
big-open,memory-api-misuse,case_073,completed,deepseek-v4-pro,high,training-big-open.zip,train/memory-api-misuse/case_073,analyze/ds4_pro/deepseek-v4-pro-0813.zip,True,True
big-open,memory-api-misuse,case_074,completed,deepseek-v4-pro,high,training-big-open.zip,train/memory-api-misuse/case_074,analyze/ds4_pro/deepseek-v4-pro-0813.zip,True,True
big-open,memory-api-misuse,case_075,completed,deepseek-v4-pro,high,training-big-open.zip,train/memory-api-misuse/case_075,analyze/ds4_pro/deepseek-v4-pro-0813.zip,True,True
big-open,memory-api-misuse,case_076,completed,deepseek-v4-pro,high,training-big-open.zip,train/memory-api-misuse/case_076,analyze/ds4_pro/deepseek-v4-pro-0813.zip,True,True
big-open,memory-api-misuse,case_077,completed,deepseek-v4-pro,high,training-big-open.zip,train/memory-api-misuse/case_077,analyze/ds4_pro/deepseek-v4-pro-0813.zip,True,True
big-open,memory-api-misuse,case_078,completed,deepseek-v4-pro,high,training-big-open.zip,train/memory-api-misuse/case_078,analyze/ds4_pro/deepseek-v4-pro-0813.zip,True,True
big-open,memory-api-misuse,case_079,completed,deepseek-v4-pro,high,training-big-open.zip,train/memory-api-misuse/case_079,analyze/ds4_pro/deepseek-v4-pro-0813.zip,True,True
big-open,memory-api-misuse,case_080,completed,deepseek-v4-pro,high,training-big-open.zip,train/memory-api-misuse/case_080,analyze/ds4_pro/deepseek-v4-pro-0813.zip,True,True
big-open,memory-api-misuse,case_081,completed,deepseek-v4-pro,high,training-big-open.zip,train/memory-api-misuse/case_081,analyze/ds4_pro/deepseek-v4-pro-0813.zip,True,True
big-open,memory-api-misuse,case_082,completed,deepseek-v4-pro,high,training-big-open.zip,train/memory-api-misuse/case_082,analyze/ds4_pro/deepseek-v4-pro-0813.zip,True,True
big-open,memory-api-misuse,case_083,completed,deepseek-v4-pro,high,training-big-open.zip,train/memory-api-misuse/case_083,analyze/ds4_pro/deepseek-v4-pro-0813.zip,True,True
big-open,memory-api-misuse,case_084,completed,deepseek-v4-pro,high,training-big-open.zip,train/memory-api-misuse/case_084,analyze/ds4_pro/deepseek-v4-pro-0813.zip,True,True
big-open,memory-api-misuse,case_085,completed,deepseek-v4-pro,high,training-big-open.zip,train/memory-api-misuse/case_085,analyze/ds4_pro/deepseek-v4-pro-0813.zip,True,True
big-open,memory-api-misuse,case_086,completed,deepseek-v4-pro,high,training-big-open.zip,train/memory-api-misuse/case_086,analyze/ds4_pro/deepseek-v4-pro-0813.zip,True,True
big-open,memory-api-misuse,case_087,completed,deepseek-v4-pro,high,training-big-open.zip,train/memory-api-misuse/case_087,analyze/ds4_pro/deepseek-v4-pro-0813.zip,True,True
big-open,memory-api-misuse,case_088,completed,deepseek-v4-pro,high,training-big-open.zip,train/memory-api-misuse/case_088,analyze/ds4_pro/deepseek-v4-pro-0813.zip,True,True
big-open,memory-api-misuse,case_089,completed,deepseek-v4-pro,high,training-big-open.zip,train/memory-api-misuse/case_089,analyze/ds4_pro/deepseek-v4-pro-0813.zip,True,True
big-open,memory-api-misuse,case_090,completed,deepseek-v4-pro,high,training-big-open.zip,train/memory-api-misuse/case_090,analyze/ds4_pro/deepseek-v4-pro-0813.zip,True,True
big-open,memory-api-misuse,case_091,completed,deepseek-v4-pro,high,training-big-open.zip,train/memory-api-misuse/case_091,analyze/ds4_pro/deepseek-v4-pro-0813.zip,True,True
big-open,memory-api-misuse,case_092,completed,deepseek-v4-pro,high,training-big-open.zip,train/memory-api-misuse/case_092,analyze/ds4_pro/deepseek-v4-pro-0813.zip,True,True
big-open,memory-api-misuse,case_093,completed,deepseek-v4-pro,high,training-big-open.zip,train/memory-api-misuse/case_093,analyze/ds4_pro/deepseek-v4-pro-0813.zip,True,True
big-open,memory-api-misuse,case_094,completed,deepseek-v4-pro,high,training-big-open.zip,train/memory-api-misuse/case_094,analyze/ds4_pro/deepseek-v4-pro-0813.zip,True,True
big-open,memory-api-misuse,case_095,completed,deepseek-v4-pro,high,training-big-open.zip,train/memory-api-misuse/case_095,analyze/ds4_pro/deepseek-v4-pro-0813.zip,True,True
big-open,memory-api-misuse,case_096,completed,deepseek-v4-pro,high,training-big-open.zip,train/memory-api-misuse/case_096,analyze/ds4_pro/deepseek-v4-pro-0813.zip,True,True
big-open,memory-api-misuse,case_097,completed,deepseek-v4-pro,high,training-big-open.zip,train/memory-api-misuse/case_097,analyze/ds4_pro/deepseek-v4-pro-0813.zip,True,True
big-open,memory-api-misuse,case_098,completed,deepseek-v4-pro,high,training-big-open.zip,train/memory-api-misuse/case_098,analyze/ds4_pro/deepseek-v4-pro-0813.zip,True,True
big-open,memory-api-misuse,case_099,completed,deepseek-v4-pro,high,training-big-open.zip,train/memory-api-misuse/case_099,analyze/ds4_pro/deepseek-v4-pro-0813.zip,True,True
big-open,memory-api-misuse,case_100,completed,deepseek-v4-pro,high,training-big-open.zip,train/memory-api-misuse/case_100,analyze/ds4_pro/deepseek-v4-pro-0813.zip,True,True
big-open,plugin-security-audit,case_001,completed,deepseek-v4-pro,high,training-big-open.zip,train/plugin-security-audit/case_001,analyze/ds4_pro/deepseek-v4-pro-0813.zip,True,True
big-open,plugin-security-audit,case_002,completed,deepseek-v4-pro,high,training-big-open.zip,train/plugin-security-audit/case_002,analyze/ds4_pro/deepseek-v4-pro-0813.zip,True,True
big-open,plugin-security-audit,case_003,completed,deepseek-v4-pro,high,training-big-open.zip,train/plugin-security-audit/case_003,analyze/ds4_pro/deepseek-v4-pro-0813.zip,True,True
big-open,plugin-security-audit,case_004,completed,deepseek-v4-pro,high,training-big-open.zip,train/plugin-security-audit/case_004,analyze/ds4_pro/deepseek-v4-pro-0813.zip,True,True
big-open,plugin-security-audit,case_005,completed,deepseek-v4-pro,high,training-big-open.zip,train/plugin-security-audit/case_005,analyze/ds4_pro/deepseek-v4-pro-0813.zip,True,True
big-open,plugin-security-audit,case_006,completed,deepseek-v4-pro,high,training-big-open.zip,train/plugin-security-audit/case_006,analyze/ds4_pro/deepseek-v4-pro-0813.zip,True,True
big-open,plugin-security-audit,case_007,completed,deepseek-v4-pro,high,training-big-open.zip,train/plugin-security-audit/case_007,analyze/ds4_pro/deepseek-v4-pro-0813.zip,True,True
big-open,plugin-security-audit,case_008,completed,deepseek-v4-pro,high,training-big-open.zip,train/plugin-security-audit/case_008,analyze/ds4_pro/deepseek-v4-pro-0813.zip,True,True
big-open,plugin-security-audit,case_009,completed,deepseek-v4-pro,high,training-big-open.zip,train/plugin-security-audit/case_009,analyze/ds4_pro/deepseek-v4-pro-0813.zip,True,True
big-open,plugin-security-audit,case_010,completed,deepseek-v4-pro,high,training-big-open.zip,train/plugin-security-audit/case_010,analyze/ds4_pro/deepseek-v4-pro-0813.zip,True,True
big-open,plugin-security-audit,case_011,completed,deepseek-v4-pro,high,training-big-open.zip,train/plugin-security-audit/case_011,analyze/ds4_pro/deepseek-v4-pro-0813.zip,True,True
big-open,plugin-security-audit,case_012,completed,deepseek-v4-pro,high,training-big-open.zip,train/plugin-security-audit/case_012,analyze/ds4_pro/deepseek-v4-pro-0813.zip,True,True
big-open,plugin-security-audit,case_013,completed,deepseek-v4-pro,high,training-big-open.zip,train/plugin-security-audit/case_013,analyze/ds4_pro/deepseek-v4-pro-0813.zip,True,True
big-open,plugin-security-audit,case_014,completed,deepseek-v4-pro,high,training-big-open.zip,train/plugin-security-audit/case_014,analyze/ds4_pro/deepseek-v4-pro-0813.zip,True,True
big-open,plugin-security-audit,case_015,completed,deepseek-v4-pro,high,training-big-open.zip,train/plugin-security-audit/case_015,analyze/ds4_pro/deepseek-v4-pro-0813.zip,True,True
big-open,plugin-security-audit,case_016,completed,deepseek-v4-pro,high,training-big-open.zip,train/plugin-security-audit/case_016,analyze/ds4_pro/deepseek-v4-pro-0813.zip,True,True
big-open,plugin-security-audit,case_017,completed,deepseek-v4-pro,high,training-big-open.zip,train/plugin-security-audit/case_017,analyze/ds4_pro/deepseek-v4-pro-0813.zip,True,True
big-open,plugin-security-audit,case_018,completed,deepseek-v4-pro,high,training-big-open.zip,train/plugin-security-audit/case_018,analyze/ds4_pro/deepseek-v4-pro-0813.zip,True,True
big-open,plugin-security-audit,case_019,completed,deepseek-v4-pro,high,training-big-open.zip,train/plugin-security-audit/case_019,analyze/ds4_pro/deepseek-v4-pro-0813.zip,True,True
big-open,plugin-security-audit,case_020,completed,deepseek-v4-pro,high,training-big-open.zip,train/plugin-security-audit/case_020,analyze/ds4_pro/deepseek-v4-pro-0813.zip,True,True
big-open,plugin-security-audit,case_021,completed,deepseek-v4-pro,high,training-big-open.zip,train/plugin-security-audit/case_021,analyze/ds4_pro/deepseek-v4-pro-0813.zip,True,True
big-open,plugin-security-audit,case_022,completed,deepseek-v4-pro,high,training-big-open.zip,train/plugin-security-audit/case_022,analyze/ds4_pro/deepseek-v4-pro-0813.zip,True,True
big-open,plugin-security-audit,case_023,completed,deepseek-v4-pro,high,training-big-open.zip,train/plugin-security-audit/case_023,analyze/ds4_pro/deepseek-v4-pro-0813.zip,True,True
big-open,plugin-security-audit,case_024,completed,deepseek-v4-pro,high,training-big-open.zip,train/plugin-security-audit/case_024,analyze/ds4_pro/deepseek-v4-pro-0813.zip,True,True
big-open,plugin-security-audit,case_025,completed,deepseek-v4-pro,high,training-big-open.zip,train/plugin-security-audit/case_025,analyze/ds4_pro/deepseek-v4-pro-0813.zip,True,True
big-open,plugin-security-audit,case_026,completed,deepseek-v4-pro,high,training-big-open.zip,train/plugin-security-audit/case_026,analyze/ds4_pro/deepseek-v4-pro-0813.zip,True,True
big-open,plugin-security-audit,case_027,completed,deepseek-v4-pro,high,training-big-open.zip,train/plugin-security-audit/case_027,analyze/ds4_pro/deepseek-v4-pro-0813.zip,True,True
big-open,plugin-security-audit,case_028,completed,deepseek-v4-pro,high,training-big-open.zip,train/plugin-security-audit/case_028,analyze/ds4_pro/deepseek-v4-pro-0813.zip,True,True
big-open,plugin-security-audit,case_029,completed,deepseek-v4-pro,high,training-big-open.zip,train/plugin-security-audit/case_029,analyze/ds4_pro/deepseek-v4-pro-0813.zip,True,True
big-open,plugin-security-audit,case_030,completed,deepseek-v4-pro,high,training-big-open.zip,train/plugin-security-audit/case_030,analyze/ds4_pro/deepseek-v4-pro-0813.zip,True,True
big-open,plugin-security-audit,case_031,completed,deepseek-v4-pro,high,training-big-open.zip,train/plugin-security-audit/case_031,analyze/ds4_pro/deepseek-v4-pro-0813.zip,True,True
big-open,plugin-security-audit,case_032,completed,deepseek-v4-pro,high,training-big-open.zip,train/plugin-security-audit/case_032,analyze/ds4_pro/deepseek-v4-pro-0813.zip,True,True
big-open,plugin-security-audit,case_033,completed,deepseek-v4-pro,high,training-big-open.zip,train/plugin-security-audit/case_033,analyze/ds4_pro/deepseek-v4-pro-0813.zip,True,True
big-open,plugin-security-audit,case_034,completed,deepseek-v4-pro,high,training-big-open.zip,train/plugin-security-audit/case_034,analyze/ds4_pro/deepseek-v4-pro-0813.zip,True,True
big-open,plugin-security-audit,case_035,completed,deepseek-v4-pro,high,training-big-open.zip,train/plugin-security-audit/case_035,analyze/ds4_pro/deepseek-v4-pro-0813.zip,True,True
big-open,plugin-security-audit,case_036,completed,deepseek-v4-pro,high,training-big-open.zip,train/plugin-security-audit/case_036,analyze/ds4_pro/deepseek-v4-pro-0813.zip,True,True
big-open,plugin-security-audit,case_037,completed,deepseek-v4-pro,high,training-big-open.zip,train/plugin-security-audit/case_037,analyze/ds4_pro/deepseek-v4-pro-0813.zip,True,True
big-open,plugin-security-audit,case_038,completed,deepseek-v4-pro,high,training-big-open.zip,train/plugin-security-audit/case_038,analyze/ds4_pro/deepseek-v4-pro-0813.zip,True,True
big-open,plugin-security-audit,case_039,completed,deepseek-v4-pro,high,training-big-open.zip,train/plugin-security-audit/case_039,analyze/ds4_pro/deepseek-v4-pro-0813.zip,True,True
big-open,plugin-security-audit,case_040,completed,deepseek-v4-pro,high,training-big-open.zip,train/plugin-security-audit/case_040,analyze/ds4_pro/deepseek-v4-pro-0813.zip,True,True
big-open,plugin-security-audit,case_041,completed,deepseek-v4-pro,high,training-big-open.zip,train/plugin-security-audit/case_041,analyze/ds4_pro/deepseek-v4-pro-0813.zip,True,True
big-open,plugin-security-audit,case_042,completed,deepseek-v4-pro,high,training-big-open.zip,train/plugin-security-audit/case_042,analyze/ds4_pro/deepseek-v4-pro-0813.zip,True,True
big-open,plugin-security-audit,case_043,completed,deepseek-v4-pro,high,training-big-open.zip,train/plugin-security-audit/case_043,analyze/ds4_pro/deepseek-v4-pro-0813.zip,True,True
big-open,plugin-security-audit,case_044,completed,deepseek-v4-pro,high,training-big-open.zip,train/plugin-security-audit/case_044,analyze/ds4_pro/deepseek-v4-pro-0813.zip,True,True
big-open,plugin-security-audit,case_045,completed,deepseek-v4-pro,high,training-big-open.zip,train/plugin-security-audit/case_045,analyze/ds4_pro/deepseek-v4-pro-0813.zip,True,True
big-open,plugin-security-audit,case_046,completed,deepseek-v4-pro,high,training-big-open.zip,train/plugin-security-audit/case_046,analyze/ds4_pro/deepseek-v4-pro-0813.zip,True,True
big-open,plugin-security-audit,case_047,completed,deepseek-v4-pro,high,training-big-open.zip,train/plugin-security-audit/case_047,analyze/ds4_pro/deepseek-v4-pro-0813.zip,True,True
big-open,plugin-security-audit,case_048,completed,deepseek-v4-pro,high,training-big-open.zip,train/plugin-security-audit/case_048,analyze/ds4_pro/deepseek-v4-pro-0813.zip,True,True
big-open,plugin-security-audit,case_049,completed,deepseek-v4-pro,high,training-big-open.zip,train/plugin-security-audit/case_049,analyze/ds4_pro/deepseek-v4-pro-0813.zip,True,True
big-open,plugin-security-audit,case_050,completed,deepseek-v4-pro,high,training-big-open.zip,train/plugin-security-audit/case_050,analyze/ds4_pro/deepseek-v4-pro-0813.zip,True,True
big-open,plugin-security-audit,case_051,completed,deepseek-v4-pro,high,training-big-open.zip,train/plugin-security-audit/case_051,analyze/ds4_pro/deepseek-v4-pro-0813.zip,True,True
big-open,plugin-security-audit,case_052,completed,deepseek-v4-pro,high,training-big-open.zip,train/plugin-security-audit/case_052,analyze/ds4_pro/deepseek-v4-pro-0813.zip,True,True
big-open,plugin-security-audit,case_053,completed,deepseek-v4-pro,high,training-big-open.zip,train/plugin-security-audit/case_053,analyze/ds4_pro/deepseek-v4-pro-0813.zip,True,True
big-open,plugin-security-audit,case_054,completed,deepseek-v4-pro,high,training-big-open.zip,train/plugin-security-audit/case_054,analyze/ds4_pro/deepseek-v4-pro-0813.zip,True,True
big-open,plugin-security-audit,case_055,completed,deepseek-v4-pro,high,training-big-open.zip,train/plugin-security-audit/case_055,analyze/ds4_pro/deepseek-v4-pro-0813.zip,True,True
big-open,plugin-security-audit,case_056,completed,deepseek-v4-pro,high,training-big-open.zip,train/plugin-security-audit/case_056,analyze/ds4_pro/deepseek-v4-pro-0813.zip,True,True
big-open,plugin-security-audit,case_057,completed,deepseek-v4-pro,high,training-big-open.zip,train/plugin-security-audit/case_057,analyze/ds4_pro/deepseek-v4-pro-0813.zip,True,True
big-open,plugin-security-audit,case_058,completed,deepseek-v4-pro,high,training-big-open.zip,train/plugin-security-audit/case_058,analyze/ds4_pro/deepseek-v4-pro-0813.zip,True,True
big-open,plugin-security-audit,case_059,completed,deepseek-v4-pro,high,training-big-open.zip,train/plugin-security-audit/case_059,analyze/ds4_pro/deepseek-v4-pro-0813.zip,True,True
big-open,plugin-security-audit,case_060,completed,deepseek-v4-pro,high,training-big-open.zip,train/plugin-security-audit/case_060,analyze/ds4_pro/deepseek-v4-pro-0813.zip,True,True
big-open,plugin-security-audit,case_061,completed,deepseek-v4-pro,high,training-big-open.zip,train/plugin-security-audit/case_061,analyze/ds4_pro/deepseek-v4-pro-0813.zip,True,True
big-open,plugin-security-audit,case_062,completed,deepseek-v4-pro,high,training-big-open.zip,train/plugin-security-audit/case_062,analyze/ds4_pro/deepseek-v4-pro-0813.zip,True,True
big-open,plugin-security-audit,case_063,completed,deepseek-v4-pro,high,training-big-open.zip,train/plugin-security-audit/case_063,analyze/ds4_pro/deepseek-v4-pro-0813.zip,True,True
big-open,plugin-security-audit,case_064,completed,deepseek-v4-pro,high,training-big-open.zip,train/plugin-security-audit/case_064,analyze/ds4_pro/deepseek-v4-pro-0813.zip,True,True
big-open,plugin-security-audit,case_065,completed,deepseek-v4-pro,high,training-big-open.zip,train/plugin-security-audit/case_065,analyze/ds4_pro/deepseek-v4-pro-0813.zip,True,True
big-open,plugin-security-audit,case_066,completed,deepseek-v4-pro,high,training-big-open.zip,train/plugin-security-audit/case_066,analyze/ds4_pro/deepseek-v4-pro-0813.zip,True,True
big-open,plugin-security-audit,case_067,completed,deepseek-v4-pro,high,training-big-open.zip,train/plugin-security-audit/case_067,analyze/ds4_pro/deepseek-v4-pro-0813.zip,True,True
big-open,plugin-security-audit,case_068,completed,deepseek-v4-pro,high,training-big-open.zip,train/plugin-security-audit/case_068,analyze/ds4_pro/deepseek-v4-pro-0813.zip,True,True
big-open,plugin-security-audit,case_069,completed,deepseek-v4-pro,high,training-big-open.zip,train/plugin-security-audit/case_069,analyze/ds4_pro/deepseek-v4-pro-0813.zip,True,True
big-open,plugin-security-audit,case_070,completed,deepseek-v4-pro,high,training-big-open.zip,train/plugin-security-audit/case_070,analyze/ds4_pro/deepseek-v4-pro-0813.zip,True,True
big-open,plugin-security-audit,case_071,completed,deepseek-v4-pro,high,training-big-open.zip,train/plugin-security-audit/case_071,analyze/ds4_pro/deepseek-v4-pro-0813.zip,True,True
big-open,plugin-security-audit,case_072,completed,deepseek-v4-pro,high,training-big-open.zip,train/plugin-security-audit/case_072,analyze/ds4_pro/deepseek-v4-pro-0813.zip,True,True
big-open,plugin-security-audit,case_073,completed,deepseek-v4-pro,high,training-big-open.zip,train/plugin-security-audit/case_073,analyze/ds4_pro/deepseek-v4-pro-0813.zip,True,True
big-open,plugin-security-audit,case_074,completed,deepseek-v4-pro,high,training-big-open.zip,train/plugin-security-audit/case_074,analyze/ds4_pro/deepseek-v4-pro-0813.zip,True,True
big-open,plugin-security-audit,case_075,completed,deepseek-v4-pro,high,training-big-open.zip,train/plugin-security-audit/case_075,analyze/ds4_pro/deepseek-v4-pro-0813.zip,True,True
big-open,plugin-security-audit,case_076,completed,deepseek-v4-pro,high,training-big-open.zip,train/plugin-security-audit/case_076,analyze/ds4_pro/deepseek-v4-pro-0813.zip,True,True
big-open,plugin-security-audit,case_077,completed,deepseek-v4-pro,high,training-big-open.zip,train/plugin-security-audit/case_077,analyze/ds4_pro/deepseek-v4-pro-0813.zip,True,True
big-open,plugin-security-audit,case_078,completed,deepseek-v4-pro,high,training-big-open.zip,train/plugin-security-audit/case_078,analyze/ds4_pro/deepseek-v4-pro-0813.zip,True,True
big-open,plugin-security-audit,case_079,completed,deepseek-v4-pro,high,training-big-open.zip,train/plugin-security-audit/case_079,analyze/ds4_pro/deepseek-v4-pro-0813.zip,True,True
big-open,plugin-security-audit,case_080,completed,deepseek-v4-pro,high,training-big-open.zip,train/plugin-security-audit/case_080,analyze/ds4_pro/deepseek-v4-pro-0813.zip,True,True
big-open,plugin-security-audit,case_081,completed,deepseek-v4-pro,high,training-big-open.zip,train/plugin-security-audit/case_081,analyze/ds4_pro/deepseek-v4-pro-0813.zip,True,True
big-open,plugin-security-audit,case_082,completed,deepseek-v4-pro,high,training-big-open.zip,train/plugin-security-audit/case_082,analyze/ds4_pro/deepseek-v4-pro-0813.zip,True,True
big-open,plugin-security-audit,case_083,completed,deepseek-v4-pro,high,training-big-open.zip,train/plugin-security-audit/case_083,analyze/ds4_pro/deepseek-v4-pro-0813.zip,True,True
big-open,plugin-security-audit,case_084,completed,deepseek-v4-pro,high,training-big-open.zip,train/plugin-security-audit/case_084,analyze/ds4_pro/deepseek-v4-pro-0813.zip,True,True
big-open,plugin-security-audit,case_085,completed,deepseek-v4-pro,high,training-big-open.zip,train/plugin-security-audit/case_085,analyze/ds4_pro/deepseek-v4-pro-0813.zip,True,True
big-open,plugin-security-audit,case_086,completed,deepseek-v4-pro,high,training-big-open.zip,train/plugin-security-audit/case_086,analyze/ds4_pro/deepseek-v4-pro-0813.zip,True,True
big-open,plugin-security-audit,case_087,completed,deepseek-v4-pro,high,training-big-open.zip,train/plugin-security-audit/case_087,analyze/ds4_pro/deepseek-v4-pro-0813.zip,True,True
big-open,plugin-security-audit,case_088,completed,deepseek-v4-pro,high,training-big-open.zip,train/plugin-security-audit/case_088,analyze/ds4_pro/deepseek-v4-pro-0813.zip,True,True
big-open,plugin-security-audit,case_089,completed,deepseek-v4-pro,high,training-big-open.zip,train/plugin-security-audit/case_089,analyze/ds4_pro/deepseek-v4-pro-0813.zip,True,True
big-open,plugin-security-audit,case_090,completed,deepseek-v4-pro,high,training-big-open.zip,train/plugin-security-audit/case_090,analyze/ds4_pro/deepseek-v4-pro-0813.zip,True,True
big-open,plugin-security-audit,case_091,completed,deepseek-v4-pro,high,training-big-open.zip,train/plugin-security-audit/case_091,analyze/ds4_pro/deepseek-v4-pro-0813.zip,True,True
big-open,plugin-security-audit,case_092,completed,deepseek-v4-pro,high,training-big-open.zip,train/plugin-security-audit/case_092,analyze/ds4_pro/deepseek-v4-pro-0813.zip,True,True
big-open,plugin-security-audit,case_093,completed,deepseek-v4-pro,high,training-big-open.zip,train/plugin-security-audit/case_093,analyze/ds4_pro/deepseek-v4-pro-0813.zip,True,True
big-open,plugin-security-audit,case_094,completed,deepseek-v4-pro,high,training-big-open.zip,train/plugin-security-audit/case_094,analyze/ds4_pro/deepseek-v4-pro-0813.zip,True,True
big-open,plugin-security-audit,case_095,completed,deepseek-v4-pro,high,training-big-open.zip,train/plugin-security-audit/case_095,analyze/ds4_pro/deepseek-v4-pro-0813.zip,True,True
big-open,plugin-security-audit,case_096,completed,deepseek-v4-pro,high,training-big-open.zip,train/plugin-security-audit/case_096,analyze/ds4_pro/deepseek-v4-pro-0813.zip,True,True
big-open,plugin-security-audit,case_097,completed,deepseek-v4-pro,high,training-big-open.zip,train/plugin-security-audit/case_097,analyze/ds4_pro/deepseek-v4-pro-0813.zip,True,True
big-open,plugin-security-audit,case_098,completed,deepseek-v4-pro,high,training-big-open.zip,train/plugin-security-audit/case_098,analyze/ds4_pro/deepseek-v4-pro-0813.zip,True,True
big-open,plugin-security-audit,case_099,completed,deepseek-v4-pro,high,training-big-open.zip,train/plugin-security-audit/case_099,analyze/ds4_pro/deepseek-v4-pro-0813.zip,True,True
big-open,plugin-security-audit,case_100,completed,deepseek-v4-pro,high,training-big-open.zip,train/plugin-security-audit/case_100,analyze/ds4_pro/deepseek-v4-pro-0813.zip,True,True
big-open,posthog-contracts-security,case_001,completed,deepseek-v4-pro,high,training-big-open.zip,train/posthog-contracts-security/case_001,analyze/ds4_pro/deepseek-v4-pro-0813.zip,True,True
big-open,posthog-contracts-security,case_002,completed,deepseek-v4-pro,high,training-big-open.zip,train/posthog-contracts-security/case_002,analyze/ds4_pro/deepseek-v4-pro-0813.zip,True,True
big-open,posthog-contracts-security,case_003,completed,deepseek-v4-pro,high,training-big-open.zip,train/posthog-contracts-security/case_003,analyze/ds4_pro/deepseek-v4-pro-0813.zip,True,True
big-open,posthog-contracts-security,case_004,completed,deepseek-v4-pro,high,training-big-open.zip,train/posthog-contracts-security/case_004,analyze/ds4_pro/deepseek-v4-pro-0813.zip,True,True
big-open,posthog-contracts-security,case_005,completed,deepseek-v4-pro,high,training-big-open.zip,train/posthog-contracts-security/case_005,analyze/ds4_pro/deepseek-v4-pro-0813.zip,True,True
big-open,posthog-contracts-security,case_006,completed,deepseek-v4-pro,high,training-big-open.zip,train/posthog-contracts-security/case_006,analyze/ds4_pro/deepseek-v4-pro-0813.zip,True,True
big-open,posthog-contracts-security,case_007,completed,deepseek-v4-pro,high,training-big-open.zip,train/posthog-contracts-security/case_007,analyze/ds4_pro/deepseek-v4-pro-0813.zip,True,True
big-open,posthog-contracts-security,case_008,completed,deepseek-v4-pro,high,training-big-open.zip,train/posthog-contracts-security/case_008,analyze/ds4_pro/deepseek-v4-pro-0813.zip,True,True
big-open,posthog-contracts-security,case_009,completed,deepseek-v4-pro,high,training-big-open.zip,train/posthog-contracts-security/case_009,analyze/ds4_pro/deepseek-v4-pro-0813.zip,True,True
big-open,posthog-contracts-security,case_010,completed,deepseek-v4-pro,high,training-big-open.zip,train/posthog-contracts-security/case_010,analyze/ds4_pro/deepseek-v4-pro-0813.zip,True,True
big-open,posthog-contracts-security,case_011,completed,deepseek-v4-pro,high,training-big-open.zip,train/posthog-contracts-security/case_011,analyze/ds4_pro/deepseek-v4-pro-0813.zip,True,True
big-open,posthog-contracts-security,case_012,completed,deepseek-v4-pro,high,training-big-open.zip,train/posthog-contracts-security/case_012,analyze/ds4_pro/deepseek-v4-pro-0813.zip,True,True
big-open,posthog-contracts-security,case_013,completed,deepseek-v4-pro,high,training-big-open.zip,train/posthog-contracts-security/case_013,analyze/ds4_pro/deepseek-v4-pro-0813.zip,True,True
big-open,posthog-contracts-security,case_014,completed,deepseek-v4-pro,high,training-big-open.zip,train/posthog-contracts-security/case_014,analyze/ds4_pro/deepseek-v4-pro-0813.zip,True,True
big-open,posthog-contracts-security,case_015,completed,deepseek-v4-pro,high,training-big-open.zip,train/posthog-contracts-security/case_015,analyze/ds4_pro/deepseek-v4-pro-0813.zip,True,True
big-open,posthog-contracts-security,case_016,completed,deepseek-v4-pro,high,training-big-open.zip,train/posthog-contracts-security/case_016,analyze/ds4_pro/deepseek-v4-pro-0813.zip,True,True
big-open,posthog-contracts-security,case_017,completed,deepseek-v4-pro,high,training-big-open.zip,train/posthog-contracts-security/case_017,analyze/ds4_pro/deepseek-v4-pro-0813.zip,True,True
big-open,posthog-contracts-security,case_018,completed,deepseek-v4-pro,high,training-big-open.zip,train/posthog-contracts-security/case_018,analyze/ds4_pro/deepseek-v4-pro-0813.zip,True,True
big-open,posthog-contracts-security,case_019,completed,deepseek-v4-pro,high,training-big-open.zip,train/posthog-contracts-security/case_019,analyze/ds4_pro/deepseek-v4-pro-0813.zip,True,True
big-open,posthog-contracts-security,case_020,completed,deepseek-v4-pro,high,training-big-open.zip,train/posthog-contracts-security/case_020,analyze/ds4_pro/deepseek-v4-pro-0813.zip,True,True
big-open,posthog-contracts-security,case_021,completed,deepseek-v4-pro,high,training-big-open.zip,train/posthog-contracts-security/case_021,analyze/ds4_pro/deepseek-v4-pro-0813.zip,True,True
big-open,posthog-contracts-security,case_022,completed,deepseek-v4-pro,high,training-big-open.zip,train/posthog-contracts-security/case_022,analyze/ds4_pro/deepseek-v4-pro-0813.zip,True,True
big-open,posthog-contracts-security,case_023,completed,deepseek-v4-pro,high,training-big-open.zip,train/posthog-contracts-security/case_023,analyze/ds4_pro/deepseek-v4-pro-0813.zip,True,True
big-open,posthog-contracts-security,case_024,completed,deepseek-v4-pro,high,training-big-open.zip,train/posthog-contracts-security/case_024,analyze/ds4_pro/deepseek-v4-pro-0813.zip,True,True
big-open,posthog-contracts-security,case_025,completed,deepseek-v4-pro,high,training-big-open.zip,train/posthog-contracts-security/case_025,analyze/ds4_pro/deepseek-v4-pro-0813.zip,True,True
big-open,posthog-contracts-security,case_026,completed,deepseek-v4-pro,high,training-big-open.zip,train/posthog-contracts-security/case_026,analyze/ds4_pro/deepseek-v4-pro-0813.zip,True,True
big-open,posthog-contracts-security,case_027,completed,deepseek-v4-pro,high,training-big-open.zip,train/posthog-contracts-security/case_027,analyze/ds4_pro/deepseek-v4-pro-0813.zip,True,True
big-open,posthog-contracts-security,case_028,completed,deepseek-v4-pro,high,training-big-open.zip,train/posthog-contracts-security/case_028,analyze/ds4_pro/deepseek-v4-pro-0813.zip,True,True
big-open,posthog-contracts-security,case_029,completed,deepseek-v4-pro,high,training-big-open.zip,train/posthog-contracts-security/case_029,analyze/ds4_pro/deepseek-v4-pro-0813.zip,True,True
big-open,posthog-contracts-security,case_030,completed,deepseek-v4-pro,high,training-big-open.zip,train/posthog-contracts-security/case_030,analyze/ds4_pro/deepseek-v4-pro-0813.zip,True,True
big-open,posthog-contracts-security,case_031,completed,deepseek-v4-pro,high,training-big-open.zip,train/posthog-contracts-security/case_031,analyze/ds4_pro/deepseek-v4-pro-0813.zip,True,True
big-open,posthog-contracts-security,case_032,completed,deepseek-v4-pro,high,training-big-open.zip,train/posthog-contracts-security/case_032,analyze/ds4_pro/deepseek-v4-pro-0813.zip,True,True
big-open,posthog-contracts-security,case_033,completed,deepseek-v4-pro,high,training-big-open.zip,train/posthog-contracts-security/case_033,analyze/ds4_pro/deepseek-v4-pro-0813.zip,True,True
big-open,posthog-contracts-security,case_034,completed,deepseek-v4-pro,high,training-big-open.zip,train/posthog-contracts-security/case_034,analyze/ds4_pro/deepseek-v4-pro-0813.zip,True,True
big-open,posthog-contracts-security,case_035,completed,deepseek-v4-pro,high,training-big-open.zip,train/posthog-contracts-security/case_035,analyze/ds4_pro/deepseek-v4-pro-0813.zip,True,True
big-open,posthog-contracts-security,case_036,completed,deepseek-v4-pro,high,training-big-open.zip,train/posthog-contracts-security/case_036,analyze/ds4_pro/deepseek-v4-pro-0813.zip,True,True
big-open,posthog-contracts-security,case_037,completed,deepseek-v4-pro,high,training-big-open.zip,train/posthog-contracts-security/case_037,analyze/ds4_pro/deepseek-v4-pro-0813.zip,True,True
big-open,posthog-contracts-security,case_038,completed,deepseek-v4-pro,high,training-big-open.zip,train/posthog-contracts-security/case_038,analyze/ds4_pro/deepseek-v4-pro-0813.zip,True,True
big-open,posthog-contracts-security,case_039,completed,deepseek-v4-pro,high,training-big-open.zip,train/posthog-contracts-security/case_039,analyze/ds4_pro/deepseek-v4-pro-0813.zip,True,True
big-open,posthog-contracts-security,case_040,completed,deepseek-v4-pro,high,training-big-open.zip,train/posthog-contracts-security/case_040,analyze/ds4_pro/deepseek-v4-pro-0813.zip,True,True
big-open,posthog-contracts-security,case_041,completed,deepseek-v4-pro,high,training-big-open.zip,train/posthog-contracts-security/case_041,analyze/ds4_pro/deepseek-v4-pro-0813.zip,True,True
big-open,posthog-contracts-security,case_042,completed,deepseek-v4-pro,high,training-big-open.zip,train/posthog-contracts-security/case_042,analyze/ds4_pro/deepseek-v4-pro-0813.zip,True,True
big-open,posthog-contracts-security,case_043,completed,deepseek-v4-pro,high,training-big-open.zip,train/posthog-contracts-security/case_043,analyze/ds4_pro/deepseek-v4-pro-0813.zip,True,True
big-open,posthog-contracts-security,case_044,completed,deepseek-v4-pro,high,training-big-open.zip,train/posthog-contracts-security/case_044,analyze/ds4_pro/deepseek-v4-pro-0813.zip,True,True
big-open,posthog-contracts-security,case_045,completed,deepseek-v4-pro,high,training-big-open.zip,train/posthog-contracts-security/case_045,analyze/ds4_pro/deepseek-v4-pro-0813.zip,True,True
big-open,posthog-contracts-security,case_046,completed,deepseek-v4-pro,high,training-big-open.zip,train/posthog-contracts-security/case_046,analyze/ds4_pro/deepseek-v4-pro-0813.zip,True,True
big-open,posthog-contracts-security,case_047,completed,deepseek-v4-pro,high,training-big-open.zip,train/posthog-contracts-security/case_047,analyze/ds4_pro/deepseek-v4-pro-0813.zip,True,True
big-open,posthog-contracts-security,case_048,completed,deepseek-v4-pro,high,training-big-open.zip,train/posthog-contracts-security/case_048,analyze/ds4_pro/deepseek-v4-pro-0813.zip,True,True
big-open,posthog-contracts-security,case_049,completed,deepseek-v4-pro,high,training-big-open.zip,train/posthog-contracts-security/case_049,analyze/ds4_pro/deepseek-v4-pro-0813.zip,True,True
big-open,posthog-contracts-security,case_050,completed,deepseek-v4-pro,high,training-big-open.zip,train/posthog-contracts-security/case_050,analyze/ds4_pro/deepseek-v4-pro-0813.zip,True,True
big-open,posthog-contracts-security,case_051,completed,deepseek-v4-pro,high,training-big-open.zip,train/posthog-contracts-security/case_051,analyze/ds4_pro/deepseek-v4-pro-0813.zip,True,True
big-open,posthog-contracts-security,case_052,completed,deepseek-v4-pro,high,training-big-open.zip,train/posthog-contracts-security/case_052,analyze/ds4_pro/deepseek-v4-pro-0813.zip,True,True
big-open,posthog-contracts-security,case_053,completed,deepseek-v4-pro,high,training-big-open.zip,train/posthog-contracts-security/case_053,analyze/ds4_pro/deepseek-v4-pro-0813.zip,True,True
big-open,posthog-contracts-security,case_054,completed,deepseek-v4-pro,high,training-big-open.zip,train/posthog-contracts-security/case_054,analyze/ds4_pro/deepseek-v4-pro-0813.zip,True,True
big-open,posthog-contracts-security,case_055,completed,deepseek-v4-pro,high,training-big-open.zip,train/posthog-contracts-security/case_055,analyze/ds4_pro/deepseek-v4-pro-0813.zip,True,True
big-open,posthog-contracts-security,case_056,completed,deepseek-v4-pro,high,training-big-open.zip,train/posthog-contracts-security/case_056,analyze/ds4_pro/deepseek-v4-pro-0813.zip,True,True
big-open,posthog-contracts-security,case_057,completed,deepseek-v4-pro,high,training-big-open.zip,train/posthog-contracts-security/case_057,analyze/ds4_pro/deepseek-v4-pro-0813.zip,True,True
big-open,posthog-contracts-security,case_058,completed,deepseek-v4-pro,high,training-big-open.zip,train/posthog-contracts-security/case_058,analyze/ds4_pro/deepseek-v4-pro-0813.zip,True,True
big-open,posthog-contracts-security,case_059,completed,deepseek-v4-pro,high,training-big-open.zip,train/posthog-contracts-security/case_059,analyze/ds4_pro/deepseek-v4-pro-0813.zip,True,True
big-open,posthog-contracts-security,case_060,completed,deepseek-v4-pro,high,training-big-open.zip,train/posthog-contracts-security/case_060,analyze/ds4_pro/deepseek-v4-pro-0813.zip,True,True
big-open,posthog-contracts-security,case_061,completed,deepseek-v4-pro,high,training-big-open.zip,train/posthog-contracts-security/case_061,analyze/ds4_pro/deepseek-v4-pro-0813.zip,True,True
big-open,posthog-contracts-security,case_062,completed,deepseek-v4-pro,high,training-big-open.zip,train/posthog-contracts-security/case_062,analyze/ds4_pro/deepseek-v4-pro-0813.zip,True,True
big-open,posthog-contracts-security,case_063,completed,deepseek-v4-pro,high,training-big-open.zip,train/posthog-contracts-security/case_063,analyze/ds4_pro/deepseek-v4-pro-0813.zip,True,True
big-open,posthog-contracts-security,case_064,completed,deepseek-v4-pro,high,training-big-open.zip,train/posthog-contracts-security/case_064,analyze/ds4_pro/deepseek-v4-pro-0813.zip,True,True
big-open,posthog-contracts-security,case_065,completed,deepseek-v4-pro,high,training-big-open.zip,train/posthog-contracts-security/case_065,analyze/ds4_pro/deepseek-v4-pro-0813.zip,True,True
big-open,posthog-contracts-security,case_066,completed,deepseek-v4-pro,high,training-big-open.zip,train/posthog-contracts-security/case_066,analyze/ds4_pro/deepseek-v4-pro-0813.zip,True,True
big-open,posthog-contracts-security,case_067,completed,deepseek-v4-pro,high,training-big-open.zip,train/posthog-contracts-security/case_067,analyze/ds4_pro/deepseek-v4-pro-0813.zip,True,True
big-open,posthog-contracts-security,case_068,completed,deepseek-v4-pro,high,training-big-open.zip,train/posthog-contracts-security/case_068,analyze/ds4_pro/deepseek-v4-pro-0813.zip,True,True
big-open,posthog-contracts-security,case_069,completed,deepseek-v4-pro,high,training-big-open.zip,train/posthog-contracts-security/case_069,analyze/ds4_pro/deepseek-v4-pro-0813.zip,True,True
big-open,posthog-contracts-security,case_070,completed,deepseek-v4-pro,high,training-big-open.zip,train/posthog-contracts-security/case_070,analyze/ds4_pro/deepseek-v4-pro-0813.zip,True,True
big-open,posthog-contracts-security,case_071,completed,deepseek-v4-pro,high,training-big-open.zip,train/posthog-contracts-security/case_071,analyze/ds4_pro/deepseek-v4-pro-0813.zip,True,True
big-open,posthog-contracts-security,case_072,completed,deepseek-v4-pro,high,training-big-open.zip,train/posthog-contracts-security/case_072,analyze/ds4_pro/deepseek-v4-pro-0813.zip,True,True
big-open,posthog-contracts-security,case_073,completed,deepseek-v4-pro,high,training-big-open.zip,train/posthog-contracts-security/case_073,analyze/ds4_pro/deepseek-v4-pro-0813.zip,True,True
big-open,posthog-contracts-security,case_074,completed,deepseek-v4-pro,high,training-big-open.zip,train/posthog-contracts-security/case_074,analyze/ds4_pro/deepseek-v4-pro-0813.zip,True,True
big-open,posthog-contracts-security,case_075,completed,deepseek-v4-pro,high,training-big-open.zip,train/posthog-contracts-security/case_075,analyze/ds4_pro/deepseek-v4-pro-0813.zip,True,True
big-open,posthog-contracts-security,case_076,completed,deepseek-v4-pro,high,training-big-open.zip,train/posthog-contracts-security/case_076,analyze/ds4_pro/deepseek-v4-pro-0813.zip,True,True
big-open,posthog-contracts-security,case_077,completed,deepseek-v4-pro,high,training-big-open.zip,train/posthog-contracts-security/case_077,analyze/ds4_pro/deepseek-v4-pro-0813.zip,True,True
big-open,posthog-contracts-security,case_078,completed,deepseek-v4-pro,high,training-big-open.zip,train/posthog-contracts-security/case_078,analyze/ds4_pro/deepseek-v4-pro-0813.zip,True,True
big-open,posthog-contracts-security,case_079,completed,deepseek-v4-pro,high,training-big-open.zip,train/posthog-contracts-security/case_079,analyze/ds4_pro/deepseek-v4-pro-0813.zip,True,True
big-open,posthog-contracts-security,case_080,completed,deepseek-v4-pro,high,training-big-open.zip,train/posthog-contracts-security/case_080,analyze/ds4_pro/deepseek-v4-pro-0813.zip,True,True
big-open,posthog-contracts-security,case_081,completed,deepseek-v4-pro,high,training-big-open.zip,train/posthog-contracts-security/case_081,analyze/ds4_pro/deepseek-v4-pro-0813.zip,True,True
big-open,posthog-contracts-security,case_082,completed,deepseek-v4-pro,high,training-big-open.zip,train/posthog-contracts-security/case_082,analyze/ds4_pro/deepseek-v4-pro-0813.zip,True,True
big-open,posthog-contracts-security,case_083,completed,deepseek-v4-pro,high,training-big-open.zip,train/posthog-contracts-security/case_083,analyze/ds4_pro/deepseek-v4-pro-0813.zip,True,True
big-open,posthog-contracts-security,case_084,completed,deepseek-v4-pro,high,training-big-open.zip,train/posthog-contracts-security/case_084,analyze/ds4_pro/deepseek-v4-pro-0813.zip,True,True
big-open,posthog-contracts-security,case_085,completed,deepseek-v4-pro,high,training-big-open.zip,train/posthog-contracts-security/case_085,analyze/ds4_pro/deepseek-v4-pro-0813.zip,True,True
big-open,posthog-contracts-security,case_086,completed,deepseek-v4-pro,high,training-big-open.zip,train/posthog-contracts-security/case_086,analyze/ds4_pro/deepseek-v4-pro-0813.zip,True,True
big-open,posthog-contracts-security,case_087,completed,deepseek-v4-pro,high,training-big-open.zip,train/posthog-contracts-security/case_087,analyze/ds4_pro/deepseek-v4-pro-0813.zip,True,True
big-open,posthog-contracts-security,case_088,completed,deepseek-v4-pro,high,training-big-open.zip,train/posthog-contracts-security/case_088,analyze/ds4_pro/deepseek-v4-pro-0813.zip,True,True
big-open,posthog-contracts-security,case_089,completed,deepseek-v4-pro,high,training-big-open.zip,train/posthog-contracts-security/case_089,analyze/ds4_pro/deepseek-v4-pro-0813.zip,True,True
big-open,posthog-contracts-security,case_090,completed,deepseek-v4-pro,high,training-big-open.zip,train/posthog-contracts-security/case_090,analyze/ds4_pro/deepseek-v4-pro-0813.zip,True,True
big-open,posthog-contracts-security,case_091,completed,deepseek-v4-pro,high,training-big-open.zip,train/posthog-contracts-security/case_091,analyze/ds4_pro/deepseek-v4-pro-0813.zip,True,True
big-open,posthog-contracts-security,case_092,completed,deepseek-v4-pro,high,training-big-open.zip,train/posthog-contracts-security/case_092,analyze/ds4_pro/deepseek-v4-pro-0813.zip,True,True
big-open,posthog-contracts-security,case_093,completed,deepseek-v4-pro,high,training-big-open.zip,train/posthog-contracts-security/case_093,analyze/ds4_pro/deepseek-v4-pro-0813.zip,True,True
big-open,posthog-contracts-security,case_094,completed,deepseek-v4-pro,high,training-big-open.zip,train/posthog-contracts-security/case_094,analyze/ds4_pro/deepseek-v4-pro-0813.zip,True,True
big-open,posthog-contracts-security,case_095,completed,deepseek-v4-pro,high,training-big-open.zip,train/posthog-contracts-security/case_095,analyze/ds4_pro/deepseek-v4-pro-0813.zip,True,True
big-open,posthog-contracts-security,case_096,completed,deepseek-v4-pro,high,training-big-open.zip,train/posthog-contracts-security/case_096,analyze/ds4_pro/deepseek-v4-pro-0813.zip,True,True
big-open,posthog-contracts-security,case_097,completed,deepseek-v4-pro,high,training-big-open.zip,train/posthog-contracts-security/case_097,analyze/ds4_pro/deepseek-v4-pro-0813.zip,True,True
big-open,posthog-contracts-security,case_098,completed,deepseek-v4-pro,high,training-big-open.zip,train/posthog-contracts-security/case_098,analyze/ds4_pro/deepseek-v4-pro-0813.zip,True,True
big-open,posthog-contracts-security,case_099,completed,deepseek-v4-pro,high,training-big-open.zip,train/posthog-contracts-security/case_099,analyze/ds4_pro/deepseek-v4-pro-0813.zip,True,True
big-open,posthog-contracts-security,case_100,completed,deepseek-v4-pro,high,training-big-open.zip,train/posthog-contracts-security/case_100,analyze/ds4_pro/deepseek-v4-pro-0813.zip,True,True
big-open,posthog-security-audit,case_001,completed,deepseek-v4-pro,high,training-big-open.zip,train/posthog-security-audit/case_001,analyze/ds4_pro/deepseek-v4-pro-0813.zip,True,True
big-open,posthog-security-audit,case_002,completed,deepseek-v4-pro,high,training-big-open.zip,train/posthog-security-audit/case_002,analyze/ds4_pro/deepseek-v4-pro-0813.zip,True,True
big-open,posthog-security-audit,case_003,completed,deepseek-v4-pro,high,training-big-open.zip,train/posthog-security-audit/case_003,analyze/ds4_pro/deepseek-v4-pro-0813.zip,True,True
big-open,posthog-security-audit,case_004,completed,deepseek-v4-pro,high,training-big-open.zip,train/posthog-security-audit/case_004,analyze/ds4_pro/deepseek-v4-pro-0813.zip,True,True
big-open,posthog-security-audit,case_005,completed,deepseek-v4-pro,high,training-big-open.zip,train/posthog-security-audit/case_005,analyze/ds4_pro/deepseek-v4-pro-0813.zip,True,True
big-open,posthog-security-audit,case_006,completed,deepseek-v4-pro,high,training-big-open.zip,train/posthog-security-audit/case_006,analyze/ds4_pro/deepseek-v4-pro-0813.zip,True,True
big-open,posthog-security-audit,case_007,completed,deepseek-v4-pro,high,training-big-open.zip,train/posthog-security-audit/case_007,analyze/ds4_pro/deepseek-v4-pro-0813.zip,True,True
big-open,posthog-security-audit,case_008,completed,deepseek-v4-pro,high,training-big-open.zip,train/posthog-security-audit/case_008,analyze/ds4_pro/deepseek-v4-pro-0813.zip,True,True
big-open,posthog-security-audit,case_009,completed,deepseek-v4-pro,high,training-big-open.zip,train/posthog-security-audit/case_009,analyze/ds4_pro/deepseek-v4-pro-0813.zip,True,True
big-open,posthog-security-audit,case_010,completed,deepseek-v4-pro,high,training-big-open.zip,train/posthog-security-audit/case_010,analyze/ds4_pro/deepseek-v4-pro-0813.zip,True,True
big-open,posthog-security-audit,case_011,completed,deepseek-v4-pro,high,training-big-open.zip,train/posthog-security-audit/case_011,analyze/ds4_pro/deepseek-v4-pro-0813.zip,True,True
big-open,posthog-security-audit,case_012,completed,deepseek-v4-pro,high,training-big-open.zip,train/posthog-security-audit/case_012,analyze/ds4_pro/deepseek-v4-pro-0813.zip,True,True
big-open,posthog-security-audit,case_013,completed,deepseek-v4-pro,high,training-big-open.zip,train/posthog-security-audit/case_013,analyze/ds4_pro/deepseek-v4-pro-0813.zip,True,True
big-open,posthog-security-audit,case_014,completed,deepseek-v4-pro,high,training-big-open.zip,train/posthog-security-audit/case_014,analyze/ds4_pro/deepseek-v4-pro-0813.zip,True,True
big-open,posthog-security-audit,case_015,completed,deepseek-v4-pro,high,training-big-open.zip,train/posthog-security-audit/case_015,analyze/ds4_pro/deepseek-v4-pro-0813.zip,True,True
big-open,posthog-security-audit,case_016,completed,deepseek-v4-pro,high,training-big-open.zip,train/posthog-security-audit/case_016,analyze/ds4_pro/deepseek-v4-pro-0813.zip,True,True
big-open,posthog-security-audit,case_017,completed,deepseek-v4-pro,high,training-big-open.zip,train/posthog-security-audit/case_017,analyze/ds4_pro/deepseek-v4-pro-0813.zip,True,True
big-open,posthog-security-audit,case_018,completed,deepseek-v4-pro,high,training-big-open.zip,train/posthog-security-audit/case_018,analyze/ds4_pro/deepseek-v4-pro-0813.zip,True,True
big-open,posthog-security-audit,case_019,completed,deepseek-v4-pro,high,training-big-open.zip,train/posthog-security-audit/case_019,analyze/ds4_pro/deepseek-v4-pro-0813.zip,True,True
big-open,posthog-security-audit,case_020,completed,deepseek-v4-pro,high,training-big-open.zip,train/posthog-security-audit/case_020,analyze/ds4_pro/deepseek-v4-pro-0813.zip,True,True
big-open,posthog-security-audit,case_021,completed,deepseek-v4-pro,high,training-big-open.zip,train/posthog-security-audit/case_021,analyze/ds4_pro/deepseek-v4-pro-0813.zip,True,True
big-open,posthog-security-audit,case_022,completed,deepseek-v4-pro,high,training-big-open.zip,train/posthog-security-audit/case_022,analyze/ds4_pro/deepseek-v4-pro-0813.zip,True,True
big-open,posthog-security-audit,case_023,completed,deepseek-v4-pro,high,training-big-open.zip,train/posthog-security-audit/case_023,analyze/ds4_pro/deepseek-v4-pro-0813.zip,True,True
big-open,posthog-security-audit,case_024,completed,deepseek-v4-pro,high,training-big-open.zip,train/posthog-security-audit/case_024,analyze/ds4_pro/deepseek-v4-pro-0813.zip,True,True
big-open,posthog-security-audit,case_025,completed,deepseek-v4-pro,high,training-big-open.zip,train/posthog-security-audit/case_025,analyze/ds4_pro/deepseek-v4-pro-0813.zip,True,True
big-open,posthog-security-audit,case_026,completed,deepseek-v4-pro,high,training-big-open.zip,train/posthog-security-audit/case_026,analyze/ds4_pro/deepseek-v4-pro-0813.zip,True,True
big-open,posthog-security-audit,case_027,completed,deepseek-v4-pro,high,training-big-open.zip,train/posthog-security-audit/case_027,analyze/ds4_pro/deepseek-v4-pro-0813.zip,True,True
big-open,posthog-security-audit,case_028,completed,deepseek-v4-pro,high,training-big-open.zip,train/posthog-security-audit/case_028,analyze/ds4_pro/deepseek-v4-pro-0813.zip,True,True
big-open,posthog-security-audit,case_029,completed,deepseek-v4-pro,high,training-big-open.zip,train/posthog-security-audit/case_029,analyze/ds4_pro/deepseek-v4-pro-0813.zip,True,True
big-open,posthog-security-audit,case_030,completed,deepseek-v4-pro,high,training-big-open.zip,train/posthog-security-audit/case_030,analyze/ds4_pro/deepseek-v4-pro-0813.zip,True,True
big-open,posthog-security-audit,case_031,completed,deepseek-v4-pro,high,training-big-open.zip,train/posthog-security-audit/case_031,analyze/ds4_pro/deepseek-v4-pro-0813.zip,True,True
big-open,posthog-security-audit,case_032,completed,deepseek-v4-pro,high,training-big-open.zip,train/posthog-security-audit/case_032,analyze/ds4_pro/deepseek-v4-pro-0813.zip,True,True
big-open,posthog-security-audit,case_033,completed,deepseek-v4-pro,high,training-big-open.zip,train/posthog-security-audit/case_033,analyze/ds4_pro/deepseek-v4-pro-0813.zip,True,True
big-open,posthog-security-audit,case_034,completed,deepseek-v4-pro,high,training-big-open.zip,train/posthog-security-audit/case_034,analyze/ds4_pro/deepseek-v4-pro-0813.zip,True,True
big-open,posthog-security-audit,case_035,completed,deepseek-v4-pro,high,training-big-open.zip,train/posthog-security-audit/case_035,analyze/ds4_pro/deepseek-v4-pro-0813.zip,True,True
big-open,posthog-security-audit,case_036,completed,deepseek-v4-pro,high,training-big-open.zip,train/posthog-security-audit/case_036,analyze/ds4_pro/deepseek-v4-pro-0813.zip,True,True
big-open,posthog-security-audit,case_037,completed,deepseek-v4-pro,high,training-big-open.zip,train/posthog-security-audit/case_037,analyze/ds4_pro/deepseek-v4-pro-0813.zip,True,True
big-open,posthog-security-audit,case_038,completed,deepseek-v4-pro,high,training-big-open.zip,train/posthog-security-audit/case_038,analyze/ds4_pro/deepseek-v4-pro-0813.zip,True,True
big-open,posthog-security-audit,case_039,completed,deepseek-v4-pro,high,training-big-open.zip,train/posthog-security-audit/case_039,analyze/ds4_pro/deepseek-v4-pro-0813.zip,True,True
big-open,posthog-security-audit,case_040,completed,deepseek-v4-pro,high,training-big-open.zip,train/posthog-security-audit/case_040,analyze/ds4_pro/deepseek-v4-pro-0813.zip,True,True
big-open,posthog-security-audit,case_041,completed,deepseek-v4-pro,high,training-big-open.zip,train/posthog-security-audit/case_041,analyze/ds4_pro/deepseek-v4-pro-0813.zip,True,True
big-open,posthog-security-audit,case_042,completed,deepseek-v4-pro,high,training-big-open.zip,train/posthog-security-audit/case_042,analyze/ds4_pro/deepseek-v4-pro-0813.zip,True,True
big-open,posthog-security-audit,case_043,completed,deepseek-v4-pro,high,training-big-open.zip,train/posthog-security-audit/case_043,analyze/ds4_pro/deepseek-v4-pro-0813.zip,True,True
big-open,posthog-security-audit,case_044,completed,deepseek-v4-pro,high,training-big-open.zip,train/posthog-security-audit/case_044,analyze/ds4_pro/deepseek-v4-pro-0813.zip,True,True
big-open,posthog-security-audit,case_045,completed,deepseek-v4-pro,high,training-big-open.zip,train/posthog-security-audit/case_045,analyze/ds4_pro/deepseek-v4-pro-0813.zip,True,True
big-open,posthog-security-audit,case_046,completed,deepseek-v4-pro,high,training-big-open.zip,train/posthog-security-audit/case_046,analyze/ds4_pro/deepseek-v4-pro-0813.zip,True,True
big-open,posthog-security-audit,case_047,completed,deepseek-v4-pro,high,training-big-open.zip,train/posthog-security-audit/case_047,analyze/ds4_pro/deepseek-v4-pro-0813.zip,True,True
big-open,posthog-security-audit,case_048,completed,deepseek-v4-pro,high,training-big-open.zip,train/posthog-security-audit/case_048,analyze/ds4_pro/deepseek-v4-pro-0813.zip,True,True
big-open,posthog-security-audit,case_049,completed,deepseek-v4-pro,high,training-big-open.zip,train/posthog-security-audit/case_049,analyze/ds4_pro/deepseek-v4-pro-0813.zip,True,True
big-open,posthog-security-audit,case_050,completed,deepseek-v4-pro,high,training-big-open.zip,train/posthog-security-audit/case_050,analyze/ds4_pro/deepseek-v4-pro-0813.zip,True,True
big-open,posthog-security-audit,case_051,completed,deepseek-v4-pro,high,training-big-open.zip,train/posthog-security-audit/case_051,analyze/ds4_pro/deepseek-v4-pro-0813.zip,True,True
big-open,posthog-security-audit,case_052,completed,deepseek-v4-pro,high,training-big-open.zip,train/posthog-security-audit/case_052,analyze/ds4_pro/deepseek-v4-pro-0813.zip,True,True
big-open,posthog-security-audit,case_053,completed,deepseek-v4-pro,high,training-big-open.zip,train/posthog-security-audit/case_053,analyze/ds4_pro/deepseek-v4-pro-0813.zip,True,True
big-open,posthog-security-audit,case_054,completed,deepseek-v4-pro,high,training-big-open.zip,train/posthog-security-audit/case_054,analyze/ds4_pro/deepseek-v4-pro-0813.zip,True,True
big-open,posthog-security-audit,case_055,completed,deepseek-v4-pro,high,training-big-open.zip,train/posthog-security-audit/case_055,analyze/ds4_pro/deepseek-v4-pro-0813.zip,True,True
big-open,posthog-security-audit,case_056,completed,deepseek-v4-pro,high,training-big-open.zip,train/posthog-security-audit/case_056,analyze/ds4_pro/deepseek-v4-pro-0813.zip,True,True
big-open,posthog-security-audit,case_057,completed,deepseek-v4-pro,high,training-big-open.zip,train/posthog-security-audit/case_057,analyze/ds4_pro/deepseek-v4-pro-0813.zip,True,True
big-open,posthog-security-audit,case_058,completed,deepseek-v4-pro,high,training-big-open.zip,train/posthog-security-audit/case_058,analyze/ds4_pro/deepseek-v4-pro-0813.zip,True,True
big-open,posthog-security-audit,case_059,completed,deepseek-v4-pro,high,training-big-open.zip,train/posthog-security-audit/case_059,analyze/ds4_pro/deepseek-v4-pro-0813.zip,True,True
big-open,posthog-security-audit,case_060,completed,deepseek-v4-pro,high,training-big-open.zip,train/posthog-security-audit/case_060,analyze/ds4_pro/deepseek-v4-pro-0813.zip,True,True
big-open,posthog-security-audit,case_061,completed,deepseek-v4-pro,high,training-big-open.zip,train/posthog-security-audit/case_061,analyze/ds4_pro/deepseek-v4-pro-0813.zip,True,True
big-open,posthog-security-audit,case_062,completed,deepseek-v4-pro,high,training-big-open.zip,train/posthog-security-audit/case_062,analyze/ds4_pro/deepseek-v4-pro-0813.zip,True,True
big-open,posthog-security-audit,case_063,completed,deepseek-v4-pro,high,training-big-open.zip,train/posthog-security-audit/case_063,analyze/ds4_pro/deepseek-v4-pro-0813.zip,True,True
big-open,posthog-security-audit,case_064,completed,deepseek-v4-pro,high,training-big-open.zip,train/posthog-security-audit/case_064,analyze/ds4_pro/deepseek-v4-pro-0813.zip,True,True
big-open,posthog-security-audit,case_065,completed,deepseek-v4-pro,high,training-big-open.zip,train/posthog-security-audit/case_065,analyze/ds4_pro/deepseek-v4-pro-0813.zip,True,True
big-open,posthog-security-audit,case_066,completed,deepseek-v4-pro,high,training-big-open.zip,train/posthog-security-audit/case_066,analyze/ds4_pro/deepseek-v4-pro-0813.zip,True,True
big-open,posthog-security-audit,case_067,completed,deepseek-v4-pro,high,training-big-open.zip,train/posthog-security-audit/case_067,analyze/ds4_pro/deepseek-v4-pro-0813.zip,True,True
big-open,posthog-security-audit,case_068,completed,deepseek-v4-pro,high,training-big-open.zip,train/posthog-security-audit/case_068,analyze/ds4_pro/deepseek-v4-pro-0813.zip,True,True
big-open,posthog-security-audit,case_069,completed,deepseek-v4-pro,high,training-big-open.zip,train/posthog-security-audit/case_069,analyze/ds4_pro/deepseek-v4-pro-0813.zip,True,True
big-open,posthog-security-audit,case_070,completed,deepseek-v4-pro,high,training-big-open.zip,train/posthog-security-audit/case_070,analyze/ds4_pro/deepseek-v4-pro-0813.zip,True,True
big-open,posthog-security-audit,case_071,completed,deepseek-v4-pro,high,training-big-open.zip,train/posthog-security-audit/case_071,analyze/ds4_pro/deepseek-v4-pro-0813.zip,True,True
big-open,posthog-security-audit,case_072,completed,deepseek-v4-pro,high,training-big-open.zip,train/posthog-security-audit/case_072,analyze/ds4_pro/deepseek-v4-pro-0813.zip,True,True
big-open,posthog-security-audit,case_073,completed,deepseek-v4-pro,high,training-big-open.zip,train/posthog-security-audit/case_073,analyze/ds4_pro/deepseek-v4-pro-0813.zip,True,True
big-open,posthog-security-audit,case_074,completed,deepseek-v4-pro,high,training-big-open.zip,train/posthog-security-audit/case_074,analyze/ds4_pro/deepseek-v4-pro-0813.zip,True,True
big-open,posthog-security-audit,case_075,completed,deepseek-v4-pro,high,training-big-open.zip,train/posthog-security-audit/case_075,analyze/ds4_pro/deepseek-v4-pro-0813.zip,True,True
big-open,posthog-security-audit,case_076,completed,deepseek-v4-pro,high,training-big-open.zip,train/posthog-security-audit/case_076,analyze/ds4_pro/deepseek-v4-pro-0813.zip,True,True
big-open,posthog-security-audit,case_077,completed,deepseek-v4-pro,high,training-big-open.zip,train/posthog-security-audit/case_077,analyze/ds4_pro/deepseek-v4-pro-0813.zip,True,True
big-open,posthog-security-audit,case_078,completed,deepseek-v4-pro,high,training-big-open.zip,train/posthog-security-audit/case_078,analyze/ds4_pro/deepseek-v4-pro-0813.zip,True,True
big-open,posthog-security-audit,case_079,completed,deepseek-v4-pro,high,training-big-open.zip,train/posthog-security-audit/case_079,analyze/ds4_pro/deepseek-v4-pro-0813.zip,True,True
big-open,posthog-security-audit,case_080,completed,deepseek-v4-pro,high,training-big-open.zip,train/posthog-security-audit/case_080,analyze/ds4_pro/deepseek-v4-pro-0813.zip,True,True
big-open,posthog-security-audit,case_081,completed,deepseek-v4-pro,high,training-big-open.zip,train/posthog-security-audit/case_081,analyze/ds4_pro/deepseek-v4-pro-0813.zip,True,True
big-open,posthog-security-audit,case_082,completed,deepseek-v4-pro,high,training-big-open.zip,train/posthog-security-audit/case_082,analyze/ds4_pro/deepseek-v4-pro-0813.zip,True,True
big-open,posthog-security-audit,case_083,completed,deepseek-v4-pro,high,training-big-open.zip,train/posthog-security-audit/case_083,analyze/ds4_pro/deepseek-v4-pro-0813.zip,True,True
big-open,posthog-security-audit,case_084,completed,deepseek-v4-pro,high,training-big-open.zip,train/posthog-security-audit/case_084,analyze/ds4_pro/deepseek-v4-pro-0813.zip,True,True
big-open,posthog-security-audit,case_085,completed,deepseek-v4-pro,high,training-big-open.zip,train/posthog-security-audit/case_085,analyze/ds4_pro/deepseek-v4-pro-0813.zip,True,True
big-open,posthog-security-audit,case_086,completed,deepseek-v4-pro,high,training-big-open.zip,train/posthog-security-audit/case_086,analyze/ds4_pro/deepseek-v4-pro-0813.zip,True,True
big-open,posthog-security-audit,case_087,completed,deepseek-v4-pro,high,training-big-open.zip,train/posthog-security-audit/case_087,analyze/ds4_pro/deepseek-v4-pro-0813.zip,True,True
big-open,posthog-security-audit,case_088,completed,deepseek-v4-pro,high,training-big-open.zip,train/posthog-security-audit/case_088,analyze/ds4_pro/deepseek-v4-pro-0813.zip,True,True
big-open,posthog-security-audit,case_089,completed,deepseek-v4-pro,high,training-big-open.zip,train/posthog-security-audit/case_089,analyze/ds4_pro/deepseek-v4-pro-0813.zip,True,True
big-open,posthog-security-audit,case_090,completed,deepseek-v4-pro,high,training-big-open.zip,train/posthog-security-audit/case_090,analyze/ds4_pro/deepseek-v4-pro-0813.zip,True,True
big-open,posthog-security-audit,case_091,completed,deepseek-v4-pro,high,training-big-open.zip,train/posthog-security-audit/case_091,analyze/ds4_pro/deepseek-v4-pro-0813.zip,True,True
big-open,posthog-security-audit,case_092,completed,deepseek-v4-pro,high,training-big-open.zip,train/posthog-security-audit/case_092,analyze/ds4_pro/deepseek-v4-pro-0813.zip,True,True
big-open,posthog-security-audit,case_093,completed,deepseek-v4-pro,high,training-big-open.zip,train/posthog-security-audit/case_093,analyze/ds4_pro/deepseek-v4-pro-0813.zip,True,True
big-open,posthog-security-audit,case_094,completed,deepseek-v4-pro,high,training-big-open.zip,train/posthog-security-audit/case_094,analyze/ds4_pro/deepseek-v4-pro-0813.zip,True,True
big-open,posthog-security-audit,case_095,completed,deepseek-v4-pro,high,training-big-open.zip,train/posthog-security-audit/case_095,analyze/ds4_pro/deepseek-v4-pro-0813.zip,True,True
big-open,posthog-security-audit,case_096,completed,deepseek-v4-pro,high,training-big-open.zip,train/posthog-security-audit/case_096,analyze/ds4_pro/deepseek-v4-pro-0813.zip,True,True
big-open,posthog-security-audit,case_097,completed,deepseek-v4-pro,high,training-big-open.zip,train/posthog-security-audit/case_097,analyze/ds4_pro/deepseek-v4-pro-0813.zip,True,True
big-open,posthog-security-audit,case_098,completed,deepseek-v4-pro,high,training-big-open.zip,train/posthog-security-audit/case_098,analyze/ds4_pro/deepseek-v4-pro-0813.zip,True,True
big-open,posthog-security-audit,case_099,completed,deepseek-v4-pro,high,training-big-open.zip,train/posthog-security-audit/case_099,analyze/ds4_pro/deepseek-v4-pro-0813.zip,True,True
big-open,posthog-security-audit,case_100,completed,deepseek-v4-pro,high,training-big-open.zip,train/posthog-security-audit/case_100,analyze/ds4_pro/deepseek-v4-pro-0813.zip,True,True
big-open,sast-flow-tracer,case_001,completed,deepseek-v4-pro,high,training-big-open.zip,train/sast-flow-tracer/case_001,analyze/ds4_pro/deepseek-v4-pro-0813.zip,True,True
big-open,sast-flow-tracer,case_002,completed,deepseek-v4-pro,high,training-big-open.zip,train/sast-flow-tracer/case_002,analyze/ds4_pro/deepseek-v4-pro-0813.zip,True,True
big-open,sast-flow-tracer,case_003,completed,deepseek-v4-pro,high,training-big-open.zip,train/sast-flow-tracer/case_003,analyze/ds4_pro/deepseek-v4-pro-0813.zip,True,True
big-open,sast-flow-tracer,case_004,completed,deepseek-v4-pro,high,training-big-open.zip,train/sast-flow-tracer/case_004,analyze/ds4_pro/deepseek-v4-pro-0813.zip,True,True
big-open,sast-flow-tracer,case_005,completed,deepseek-v4-pro,high,training-big-open.zip,train/sast-flow-tracer/case_005,analyze/ds4_pro/deepseek-v4-pro-0813.zip,True,True
big-open,sast-flow-tracer,case_006,completed,deepseek-v4-pro,high,training-big-open.zip,train/sast-flow-tracer/case_006,analyze/ds4_pro/deepseek-v4-pro-0813.zip,True,True
big-open,sast-flow-tracer,case_007,completed,deepseek-v4-pro,high,training-big-open.zip,train/sast-flow-tracer/case_007,analyze/ds4_pro/deepseek-v4-pro-0813.zip,True,True
big-open,sast-flow-tracer,case_008,completed,deepseek-v4-pro,high,training-big-open.zip,train/sast-flow-tracer/case_008,analyze/ds4_pro/deepseek-v4-pro-0813.zip,True,True
big-open,sast-flow-tracer,case_009,completed,deepseek-v4-pro,high,training-big-open.zip,train/sast-flow-tracer/case_009,analyze/ds4_pro/deepseek-v4-pro-0813.zip,True,True
big-open,sast-flow-tracer,case_010,completed,deepseek-v4-pro,high,training-big-open.zip,train/sast-flow-tracer/case_010,analyze/ds4_pro/deepseek-v4-pro-0813.zip,True,True
big-open,sast-flow-tracer,case_011,completed,deepseek-v4-pro,high,training-big-open.zip,train/sast-flow-tracer/case_011,analyze/ds4_pro/deepseek-v4-pro-0813.zip,True,True
big-open,sast-flow-tracer,case_012,completed,deepseek-v4-pro,high,training-big-open.zip,train/sast-flow-tracer/case_012,analyze/ds4_pro/deepseek-v4-pro-0813.zip,True,True
big-open,sast-flow-tracer,case_013,completed,deepseek-v4-pro,high,training-big-open.zip,train/sast-flow-tracer/case_013,analyze/ds4_pro/deepseek-v4-pro-0813.zip,True,True
big-open,sast-flow-tracer,case_014,completed,deepseek-v4-pro,high,training-big-open.zip,train/sast-flow-tracer/case_014,analyze/ds4_pro/deepseek-v4-pro-0813.zip,True,True
big-open,sast-flow-tracer,case_015,completed,deepseek-v4-pro,high,training-big-open.zip,train/sast-flow-tracer/case_015,analyze/ds4_pro/deepseek-v4-pro-0813.zip,True,True
big-open,sast-flow-tracer,case_016,completed,deepseek-v4-pro,high,training-big-open.zip,train/sast-flow-tracer/case_016,analyze/ds4_pro/deepseek-v4-pro-0813.zip,True,True
big-open,sast-flow-tracer,case_017,completed,deepseek-v4-pro,high,training-big-open.zip,train/sast-flow-tracer/case_017,analyze/ds4_pro/deepseek-v4-pro-0813.zip,True,True
big-open,sast-flow-tracer,case_018,completed,deepseek-v4-pro,high,training-big-open.zip,train/sast-flow-tracer/case_018,analyze/ds4_pro/deepseek-v4-pro-0813.zip,True,True
big-open,sast-flow-tracer,case_019,completed,deepseek-v4-pro,high,training-big-open.zip,train/sast-flow-tracer/case_019,analyze/ds4_pro/deepseek-v4-pro-0813.zip,True,True
big-open,sast-flow-tracer,case_020,completed,deepseek-v4-pro,high,training-big-open.zip,train/sast-flow-tracer/case_020,analyze/ds4_pro/deepseek-v4-pro-0813.zip,True,True
big-open,sast-flow-tracer,case_021,completed,deepseek-v4-pro,high,training-big-open.zip,train/sast-flow-tracer/case_021,analyze/ds4_pro/deepseek-v4-pro-0813.zip,True,True
big-open,sast-flow-tracer,case_022,completed,deepseek-v4-pro,high,training-big-open.zip,train/sast-flow-tracer/case_022,analyze/ds4_pro/deepseek-v4-pro-0813.zip,True,True
big-open,sast-flow-tracer,case_023,completed,deepseek-v4-pro,high,training-big-open.zip,train/sast-flow-tracer/case_023,analyze/ds4_pro/deepseek-v4-pro-0813.zip,True,True
big-open,sast-flow-tracer,case_024,completed,deepseek-v4-pro,high,training-big-open.zip,train/sast-flow-tracer/case_024,analyze/ds4_pro/deepseek-v4-pro-0813.zip,True,True
big-open,sast-flow-tracer,case_025,completed,deepseek-v4-pro,high,training-big-open.zip,train/sast-flow-tracer/case_025,analyze/ds4_pro/deepseek-v4-pro-0813.zip,True,True
big-open,sast-flow-tracer,case_026,completed,deepseek-v4-pro,high,training-big-open.zip,train/sast-flow-tracer/case_026,analyze/ds4_pro/deepseek-v4-pro-0813.zip,True,True
big-open,sast-flow-tracer,case_027,completed,deepseek-v4-pro,high,training-big-open.zip,train/sast-flow-tracer/case_027,analyze/ds4_pro/deepseek-v4-pro-0813.zip,True,True
big-open,sast-flow-tracer,case_028,completed,deepseek-v4-pro,high,training-big-open.zip,train/sast-flow-tracer/case_028,analyze/ds4_pro/deepseek-v4-pro-0813.zip,True,True
big-open,sast-flow-tracer,case_029,completed,deepseek-v4-pro,high,training-big-open.zip,train/sast-flow-tracer/case_029,analyze/ds4_pro/deepseek-v4-pro-0813.zip,True,True
big-open,sast-flow-tracer,case_030,completed,deepseek-v4-pro,high,training-big-open.zip,train/sast-flow-tracer/case_030,analyze/ds4_pro/deepseek-v4-pro-0813.zip,True,True
big-open,sast-flow-tracer,case_031,completed,deepseek-v4-pro,high,training-big-open.zip,train/sast-flow-tracer/case_031,analyze/ds4_pro/deepseek-v4-pro-0813.zip,True,True
big-open,sast-flow-tracer,case_032,completed,deepseek-v4-pro,high,training-big-open.zip,train/sast-flow-tracer/case_032,analyze/ds4_pro/deepseek-v4-pro-0813.zip,True,True
big-open,sast-flow-tracer,case_033,completed,deepseek-v4-pro,high,training-big-open.zip,train/sast-flow-tracer/case_033,analyze/ds4_pro/deepseek-v4-pro-0813.zip,True,True
big-open,sast-flow-tracer,case_034,completed,deepseek-v4-pro,high,training-big-open.zip,train/sast-flow-tracer/case_034,analyze/ds4_pro/deepseek-v4-pro-0813.zip,True,True
big-open,sast-flow-tracer,case_035,completed,deepseek-v4-pro,high,training-big-open.zip,train/sast-flow-tracer/case_035,analyze/ds4_pro/deepseek-v4-pro-0813.zip,True,True
big-open,sast-flow-tracer,case_036,completed,deepseek-v4-pro,high,training-big-open.zip,train/sast-flow-tracer/case_036,analyze/ds4_pro/deepseek-v4-pro-0813.zip,True,True
big-open,sast-flow-tracer,case_037,completed,deepseek-v4-pro,high,training-big-open.zip,train/sast-flow-tracer/case_037,analyze/ds4_pro/deepseek-v4-pro-0813.zip,True,True
big-open,sast-flow-tracer,case_038,completed,deepseek-v4-pro,high,training-big-open.zip,train/sast-flow-tracer/case_038,analyze/ds4_pro/deepseek-v4-pro-0813.zip,True,True
big-open,sast-flow-tracer,case_039,completed,deepseek-v4-pro,high,training-big-open.zip,train/sast-flow-tracer/case_039,analyze/ds4_pro/deepseek-v4-pro-0813.zip,True,True
big-open,sast-flow-tracer,case_040,completed,deepseek-v4-pro,high,training-big-open.zip,train/sast-flow-tracer/case_040,analyze/ds4_pro/deepseek-v4-pro-0813.zip,True,True
big-open,sast-flow-tracer,case_041,completed,deepseek-v4-pro,high,training-big-open.zip,train/sast-flow-tracer/case_041,analyze/ds4_pro/deepseek-v4-pro-0813.zip,True,True
big-open,sast-flow-tracer,case_042,completed,deepseek-v4-pro,high,training-big-open.zip,train/sast-flow-tracer/case_042,analyze/ds4_pro/deepseek-v4-pro-0813.zip,True,True
big-open,sast-flow-tracer,case_043,completed,deepseek-v4-pro,high,training-big-open.zip,train/sast-flow-tracer/case_043,analyze/ds4_pro/deepseek-v4-pro-0813.zip,True,True
big-open,sast-flow-tracer,case_044,completed,deepseek-v4-pro,high,training-big-open.zip,train/sast-flow-tracer/case_044,analyze/ds4_pro/deepseek-v4-pro-0813.zip,True,True
big-open,sast-flow-tracer,case_045,completed,deepseek-v4-pro,high,training-big-open.zip,train/sast-flow-tracer/case_045,analyze/ds4_pro/deepseek-v4-pro-0813.zip,True,True
big-open,sast-flow-tracer,case_046,completed,deepseek-v4-pro,high,training-big-open.zip,train/sast-flow-tracer/case_046,analyze/ds4_pro/deepseek-v4-pro-0813.zip,True,True
big-open,sast-flow-tracer,case_047,completed,deepseek-v4-pro,high,training-big-open.zip,train/sast-flow-tracer/case_047,analyze/ds4_pro/deepseek-v4-pro-0813.zip,True,True
big-open,sast-flow-tracer,case_048,completed,deepseek-v4-pro,high,training-big-open.zip,train/sast-flow-tracer/case_048,analyze/ds4_pro/deepseek-v4-pro-0813.zip,True,True
big-open,sast-flow-tracer,case_049,completed,deepseek-v4-pro,high,training-big-open.zip,train/sast-flow-tracer/case_049,analyze/ds4_pro/deepseek-v4-pro-0813.zip,True,True
big-open,sast-flow-tracer,case_050,completed,deepseek-v4-pro,high,training-big-open.zip,train/sast-flow-tracer/case_050,analyze/ds4_pro/deepseek-v4-pro-0813.zip,True,True
big-open,sast-flow-tracer,case_051,completed,deepseek-v4-pro,high,training-big-open.zip,train/sast-flow-tracer/case_051,analyze/ds4_pro/deepseek-v4-pro-0813.zip,True,True
big-open,sast-flow-tracer,case_052,completed,deepseek-v4-pro,high,training-big-open.zip,train/sast-flow-tracer/case_052,analyze/ds4_pro/deepseek-v4-pro-0813.zip,True,True
big-open,sast-flow-tracer,case_053,completed,deepseek-v4-pro,high,training-big-open.zip,train/sast-flow-tracer/case_053,analyze/ds4_pro/deepseek-v4-pro-0813.zip,True,True
big-open,sast-flow-tracer,case_054,completed,deepseek-v4-pro,high,training-big-open.zip,train/sast-flow-tracer/case_054,analyze/ds4_pro/deepseek-v4-pro-0813.zip,True,True
big-open,sast-flow-tracer,case_055,completed,deepseek-v4-pro,high,training-big-open.zip,train/sast-flow-tracer/case_055,analyze/ds4_pro/deepseek-v4-pro-0813.zip,True,True
big-open,sast-flow-tracer,case_056,completed,deepseek-v4-pro,high,training-big-open.zip,train/sast-flow-tracer/case_056,analyze/ds4_pro/deepseek-v4-pro-0813.zip,True,True
big-open,sast-flow-tracer,case_057,completed,deepseek-v4-pro,high,training-big-open.zip,train/sast-flow-tracer/case_057,analyze/ds4_pro/deepseek-v4-pro-0813.zip,True,True
big-open,sast-flow-tracer,case_058,completed,deepseek-v4-pro,high,training-big-open.zip,train/sast-flow-tracer/case_058,analyze/ds4_pro/deepseek-v4-pro-0813.zip,True,True
big-open,sast-flow-tracer,case_059,completed,deepseek-v4-pro,high,training-big-open.zip,train/sast-flow-tracer/case_059,analyze/ds4_pro/deepseek-v4-pro-0813.zip,True,True
big-open,sast-flow-tracer,case_060,completed,deepseek-v4-pro,high,training-big-open.zip,train/sast-flow-tracer/case_060,analyze/ds4_pro/deepseek-v4-pro-0813.zip,True,True
big-open,sast-flow-tracer,case_061,completed,deepseek-v4-pro,high,training-big-open.zip,train/sast-flow-tracer/case_061,analyze/ds4_pro/deepseek-v4-pro-0813.zip,True,True
big-open,sast-flow-tracer,case_062,completed,deepseek-v4-pro,high,training-big-open.zip,train/sast-flow-tracer/case_062,analyze/ds4_pro/deepseek-v4-pro-0813.zip,True,True
big-open,sast-flow-tracer,case_063,completed,deepseek-v4-pro,high,training-big-open.zip,train/sast-flow-tracer/case_063,analyze/ds4_pro/deepseek-v4-pro-0813.zip,True,True
big-open,sast-flow-tracer,case_064,completed,deepseek-v4-pro,high,training-big-open.zip,train/sast-flow-tracer/case_064,analyze/ds4_pro/deepseek-v4-pro-0813.zip,True,True
big-open,sast-flow-tracer,case_065,completed,deepseek-v4-pro,high,training-big-open.zip,train/sast-flow-tracer/case_065,analyze/ds4_pro/deepseek-v4-pro-0813.zip,True,True
big-open,sast-flow-tracer,case_066,completed,deepseek-v4-pro,high,training-big-open.zip,train/sast-flow-tracer/case_066,analyze/ds4_pro/deepseek-v4-pro-0813.zip,True,True
big-open,sast-flow-tracer,case_067,completed,deepseek-v4-pro,high,training-big-open.zip,train/sast-flow-tracer/case_067,analyze/ds4_pro/deepseek-v4-pro-0813.zip,True,True
big-open,sast-flow-tracer,case_068,completed,deepseek-v4-pro,high,training-big-open.zip,train/sast-flow-tracer/case_068,analyze/ds4_pro/deepseek-v4-pro-0813.zip,True,True
big-open,sast-flow-tracer,case_069,completed,deepseek-v4-pro,high,training-big-open.zip,train/sast-flow-tracer/case_069,analyze/ds4_pro/deepseek-v4-pro-0813.zip,True,True
big-open,sast-flow-tracer,case_070,completed,deepseek-v4-pro,high,training-big-open.zip,train/sast-flow-tracer/case_070,analyze/ds4_pro/deepseek-v4-pro-0813.zip,True,True
big-open,sast-flow-tracer,case_071,completed,deepseek-v4-pro,high,training-big-open.zip,train/sast-flow-tracer/case_071,analyze/ds4_pro/deepseek-v4-pro-0813.zip,True,True
big-open,sast-flow-tracer,case_072,completed,deepseek-v4-pro,high,training-big-open.zip,train/sast-flow-tracer/case_072,analyze/ds4_pro/deepseek-v4-pro-0813.zip,True,True
big-open,sast-flow-tracer,case_073,completed,deepseek-v4-pro,high,training-big-open.zip,train/sast-flow-tracer/case_073,analyze/ds4_pro/deepseek-v4-pro-0813.zip,True,True
big-open,sast-flow-tracer,case_074,completed,deepseek-v4-pro,high,training-big-open.zip,train/sast-flow-tracer/case_074,analyze/ds4_pro/deepseek-v4-pro-0813.zip,True,True
big-open,sast-flow-tracer,case_075,completed,deepseek-v4-pro,high,training-big-open.zip,train/sast-flow-tracer/case_075,analyze/ds4_pro/deepseek-v4-pro-0813.zip,True,True
big-open,sast-flow-tracer,case_076,completed,deepseek-v4-pro,high,training-big-open.zip,train/sast-flow-tracer/case_076,analyze/ds4_pro/deepseek-v4-pro-0813.zip,True,True
big-open,sast-flow-tracer,case_077,completed,deepseek-v4-pro,high,training-big-open.zip,train/sast-flow-tracer/case_077,analyze/ds4_pro/deepseek-v4-pro-0813.zip,True,True
big-open,sast-flow-tracer,case_078,completed,deepseek-v4-pro,high,training-big-open.zip,train/sast-flow-tracer/case_078,analyze/ds4_pro/deepseek-v4-pro-0813.zip,True,True
big-open,sast-flow-tracer,case_079,completed,deepseek-v4-pro,high,training-big-open.zip,train/sast-flow-tracer/case_079,analyze/ds4_pro/deepseek-v4-pro-0813.zip,True,True
big-open,sast-flow-tracer,case_080,completed,deepseek-v4-pro,high,training-big-open.zip,train/sast-flow-tracer/case_080,analyze/ds4_pro/deepseek-v4-pro-0813.zip,True,True
big-open,sast-flow-tracer,case_081,completed,deepseek-v4-pro,high,training-big-open.zip,train/sast-flow-tracer/case_081,analyze/ds4_pro/deepseek-v4-pro-0813.zip,True,True
big-open,sast-flow-tracer,case_082,completed,deepseek-v4-pro,high,training-big-open.zip,train/sast-flow-tracer/case_082,analyze/ds4_pro/deepseek-v4-pro-0813.zip,True,True
big-open,sast-flow-tracer,case_083,completed,deepseek-v4-pro,high,training-big-open.zip,train/sast-flow-tracer/case_083,analyze/ds4_pro/deepseek-v4-pro-0813.zip,True,True
big-open,sast-flow-tracer,case_084,completed,deepseek-v4-pro,high,training-big-open.zip,train/sast-flow-tracer/case_084,analyze/ds4_pro/deepseek-v4-pro-0813.zip,True,True
big-open,sast-flow-tracer,case_085,completed,deepseek-v4-pro,high,training-big-open.zip,train/sast-flow-tracer/case_085,analyze/ds4_pro/deepseek-v4-pro-0813.zip,True,True
big-open,sast-flow-tracer,case_086,completed,deepseek-v4-pro,high,training-big-open.zip,train/sast-flow-tracer/case_086,analyze/ds4_pro/deepseek-v4-pro-0813.zip,True,True
big-open,sast-flow-tracer,case_087,completed,deepseek-v4-pro,high,training-big-open.zip,train/sast-flow-tracer/case_087,analyze/ds4_pro/deepseek-v4-pro-0813.zip,True,True
big-open,sast-flow-tracer,case_088,completed,deepseek-v4-pro,high,training-big-open.zip,train/sast-flow-tracer/case_088,analyze/ds4_pro/deepseek-v4-pro-0813.zip,True,True
big-open,sast-flow-tracer,case_089,completed,deepseek-v4-pro,high,training-big-open.zip,train/sast-flow-tracer/case_089,analyze/ds4_pro/deepseek-v4-pro-0813.zip,True,True
big-open,sast-flow-tracer,case_090,completed,deepseek-v4-pro,high,training-big-open.zip,train/sast-flow-tracer/case_090,analyze/ds4_pro/deepseek-v4-pro-0813.zip,True,True
big-open,sast-flow-tracer,case_091,completed,deepseek-v4-pro,high,training-big-open.zip,train/sast-flow-tracer/case_091,analyze/ds4_pro/deepseek-v4-pro-0813.zip,True,True
big-open,sast-flow-tracer,case_092,completed,deepseek-v4-pro,high,training-big-open.zip,train/sast-flow-tracer/case_092,analyze/ds4_pro/deepseek-v4-pro-0813.zip,True,True
big-open,sast-flow-tracer,case_093,completed,deepseek-v4-pro,high,training-big-open.zip,train/sast-flow-tracer/case_093,analyze/ds4_pro/deepseek-v4-pro-0813.zip,True,True
big-open,sast-flow-tracer,case_094,completed,deepseek-v4-pro,high,training-big-open.zip,train/sast-flow-tracer/case_094,analyze/ds4_pro/deepseek-v4-pro-0813.zip,True,True
big-open,sast-flow-tracer,case_095,completed,deepseek-v4-pro,high,training-big-open.zip,train/sast-flow-tracer/case_095,analyze/ds4_pro/deepseek-v4-pro-0813.zip,True,True
big-open,sast-flow-tracer,case_096,completed,deepseek-v4-pro,high,training-big-open.zip,train/sast-flow-tracer/case_096,analyze/ds4_pro/deepseek-v4-pro-0813.zip,True,True
big-open,sast-flow-tracer,case_097,completed,deepseek-v4-pro,high,training-big-open.zip,train/sast-flow-tracer/case_097,analyze/ds4_pro/deepseek-v4-pro-0813.zip,True,True
big-open,sast-flow-tracer,case_098,completed,deepseek-v4-pro,high,training-big-open.zip,train/sast-flow-tracer/case_098,analyze/ds4_pro/deepseek-v4-pro-0813.zip,True,True
big-open,sast-flow-tracer,case_099,completed,deepseek-v4-pro,high,training-big-open.zip,train/sast-flow-tracer/case_099,analyze/ds4_pro/deepseek-v4-pro-0813.zip,True,True
big-open,sast-flow-tracer,case_100,completed,deepseek-v4-pro,high,training-big-open.zip,train/sast-flow-tracer/case_100,analyze/ds4_pro/deepseek-v4-pro-0813.zip,True,True
big-open,sast-gap-analyzer,case_001,completed,deepseek-v4-pro,high,training-big-open.zip,train/sast-gap-analyzer/case_001,analyze/ds4_pro/deepseek-v4-pro-0813.zip,True,True
big-open,sast-gap-analyzer,case_002,completed,deepseek-v4-pro,high,training-big-open.zip,train/sast-gap-analyzer/case_002,analyze/ds4_pro/deepseek-v4-pro-0813.zip,True,True
big-open,sast-gap-analyzer,case_003,completed,deepseek-v4-pro,high,training-big-open.zip,train/sast-gap-analyzer/case_003,analyze/ds4_pro/deepseek-v4-pro-0813.zip,True,True
big-open,sast-gap-analyzer,case_004,completed,deepseek-v4-pro,high,training-big-open.zip,train/sast-gap-analyzer/case_004,analyze/ds4_pro/deepseek-v4-pro-0813.zip,True,True
big-open,sast-gap-analyzer,case_005,completed,deepseek-v4-pro,high,training-big-open.zip,train/sast-gap-analyzer/case_005,analyze/ds4_pro/deepseek-v4-pro-0813.zip,True,True
big-open,sast-gap-analyzer,case_006,completed,deepseek-v4-pro,high,training-big-open.zip,train/sast-gap-analyzer/case_006,analyze/ds4_pro/deepseek-v4-pro-0813.zip,True,True
big-open,sast-gap-analyzer,case_007,completed,deepseek-v4-pro,high,training-big-open.zip,train/sast-gap-analyzer/case_007,analyze/ds4_pro/deepseek-v4-pro-0813.zip,True,True
big-open,sast-gap-analyzer,case_008,completed,deepseek-v4-pro,high,training-big-open.zip,train/sast-gap-analyzer/case_008,analyze/ds4_pro/deepseek-v4-pro-0813.zip,True,True
big-open,sast-gap-analyzer,case_009,completed,deepseek-v4-pro,high,training-big-open.zip,train/sast-gap-analyzer/case_009,analyze/ds4_pro/deepseek-v4-pro-0813.zip,True,True
big-open,sast-gap-analyzer,case_010,completed,deepseek-v4-pro,high,training-big-open.zip,train/sast-gap-analyzer/case_010,analyze/ds4_pro/deepseek-v4-pro-0813.zip,True,True
big-open,sast-gap-analyzer,case_011,completed,deepseek-v4-pro,high,training-big-open.zip,train/sast-gap-analyzer/case_011,analyze/ds4_pro/deepseek-v4-pro-0813.zip,True,True
big-open,sast-gap-analyzer,case_012,completed,deepseek-v4-pro,high,training-big-open.zip,train/sast-gap-analyzer/case_012,analyze/ds4_pro/deepseek-v4-pro-0813.zip,True,True
big-open,sast-gap-analyzer,case_013,completed,deepseek-v4-pro,high,training-big-open.zip,train/sast-gap-analyzer/case_013,analyze/ds4_pro/deepseek-v4-pro-0813.zip,True,True
big-open,sast-gap-analyzer,case_014,completed,deepseek-v4-pro,high,training-big-open.zip,train/sast-gap-analyzer/case_014,analyze/ds4_pro/deepseek-v4-pro-0813.zip,True,True
big-open,sast-gap-analyzer,case_015,completed,deepseek-v4-pro,high,training-big-open.zip,train/sast-gap-analyzer/case_015,analyze/ds4_pro/deepseek-v4-pro-0813.zip,True,True
big-open,sast-gap-analyzer,case_016,completed,deepseek-v4-pro,high,training-big-open.zip,train/sast-gap-analyzer/case_016,analyze/ds4_pro/deepseek-v4-pro-0813.zip,True,True
big-open,sast-gap-analyzer,case_017,completed,deepseek-v4-pro,high,training-big-open.zip,train/sast-gap-analyzer/case_017,analyze/ds4_pro/deepseek-v4-pro-0813.zip,True,True
big-open,sast-gap-analyzer,case_018,completed,deepseek-v4-pro,high,training-big-open.zip,train/sast-gap-analyzer/case_018,analyze/ds4_pro/deepseek-v4-pro-0813.zip,True,True
big-open,sast-gap-analyzer,case_019,completed,deepseek-v4-pro,high,training-big-open.zip,train/sast-gap-analyzer/case_019,analyze/ds4_pro/deepseek-v4-pro-0813.zip,True,True
big-open,sast-gap-analyzer,case_020,completed,deepseek-v4-pro,high,training-big-open.zip,train/sast-gap-analyzer/case_020,analyze/ds4_pro/deepseek-v4-pro-0813.zip,True,True
big-open,sast-gap-analyzer,case_021,completed,deepseek-v4-pro,high,training-big-open.zip,train/sast-gap-analyzer/case_021,analyze/ds4_pro/deepseek-v4-pro-0813.zip,True,True
big-open,sast-gap-analyzer,case_022,completed,deepseek-v4-pro,high,training-big-open.zip,train/sast-gap-analyzer/case_022,analyze/ds4_pro/deepseek-v4-pro-0813.zip,True,True
big-open,sast-gap-analyzer,case_023,completed,deepseek-v4-pro,high,training-big-open.zip,train/sast-gap-analyzer/case_023,analyze/ds4_pro/deepseek-v4-pro-0813.zip,True,True
big-open,sast-gap-analyzer,case_024,completed,deepseek-v4-pro,high,training-big-open.zip,train/sast-gap-analyzer/case_024,analyze/ds4_pro/deepseek-v4-pro-0813.zip,True,True
big-open,sast-gap-analyzer,case_025,completed,deepseek-v4-pro,high,training-big-open.zip,train/sast-gap-analyzer/case_025,analyze/ds4_pro/deepseek-v4-pro-0813.zip,True,True
big-open,sast-gap-analyzer,case_026,completed,deepseek-v4-pro,high,training-big-open.zip,train/sast-gap-analyzer/case_026,analyze/ds4_pro/deepseek-v4-pro-0813.zip,True,True
big-open,sast-gap-analyzer,case_027,completed,deepseek-v4-pro,high,training-big-open.zip,train/sast-gap-analyzer/case_027,analyze/ds4_pro/deepseek-v4-pro-0813.zip,True,True
big-open,sast-gap-analyzer,case_028,completed,deepseek-v4-pro,high,training-big-open.zip,train/sast-gap-analyzer/case_028,analyze/ds4_pro/deepseek-v4-pro-0813.zip,True,True
big-open,sast-gap-analyzer,case_029,completed,deepseek-v4-pro,high,training-big-open.zip,train/sast-gap-analyzer/case_029,analyze/ds4_pro/deepseek-v4-pro-0813.zip,True,True
big-open,sast-gap-analyzer,case_030,completed,deepseek-v4-pro,high,training-big-open.zip,train/sast-gap-analyzer/case_030,analyze/ds4_pro/deepseek-v4-pro-0813.zip,True,True
big-open,sast-gap-analyzer,case_031,completed,deepseek-v4-pro,high,training-big-open.zip,train/sast-gap-analyzer/case_031,analyze/ds4_pro/deepseek-v4-pro-0813.zip,True,True
big-open,sast-gap-analyzer,case_032,completed,deepseek-v4-pro,high,training-big-open.zip,train/sast-gap-analyzer/case_032,analyze/ds4_pro/deepseek-v4-pro-0813.zip,True,True
big-open,sast-gap-analyzer,case_033,completed,deepseek-v4-pro,high,training-big-open.zip,train/sast-gap-analyzer/case_033,analyze/ds4_pro/deepseek-v4-pro-0813.zip,True,True
big-open,sast-gap-analyzer,case_034,completed,deepseek-v4-pro,high,training-big-open.zip,train/sast-gap-analyzer/case_034,analyze/ds4_pro/deepseek-v4-pro-0813.zip,True,True
big-open,sast-gap-analyzer,case_035,completed,deepseek-v4-pro,high,training-big-open.zip,train/sast-gap-analyzer/case_035,analyze/ds4_pro/deepseek-v4-pro-0813.zip,True,True
big-open,sast-gap-analyzer,case_036,completed,deepseek-v4-pro,high,training-big-open.zip,train/sast-gap-analyzer/case_036,analyze/ds4_pro/deepseek-v4-pro-0813.zip,True,True
big-open,sast-gap-analyzer,case_037,completed,deepseek-v4-pro,high,training-big-open.zip,train/sast-gap-analyzer/case_037,analyze/ds4_pro/deepseek-v4-pro-0813.zip,True,True
big-open,sast-gap-analyzer,case_038,completed,deepseek-v4-pro,high,training-big-open.zip,train/sast-gap-analyzer/case_038,analyze/ds4_pro/deepseek-v4-pro-0813.zip,True,True
big-open,sast-gap-analyzer,case_039,completed,deepseek-v4-pro,high,training-big-open.zip,train/sast-gap-analyzer/case_039,analyze/ds4_pro/deepseek-v4-pro-0813.zip,True,True
big-open,sast-gap-analyzer,case_040,completed,deepseek-v4-pro,high,training-big-open.zip,train/sast-gap-analyzer/case_040,analyze/ds4_pro/deepseek-v4-pro-0813.zip,True,True
big-open,sast-gap-analyzer,case_041,completed,deepseek-v4-pro,high,training-big-open.zip,train/sast-gap-analyzer/case_041,analyze/ds4_pro/deepseek-v4-pro-0813.zip,True,True
big-open,sast-gap-analyzer,case_042,completed,deepseek-v4-pro,high,training-big-open.zip,train/sast-gap-analyzer/case_042,analyze/ds4_pro/deepseek-v4-pro-0813.zip,True,True
big-open,sast-gap-analyzer,case_043,completed,deepseek-v4-pro,high,training-big-open.zip,train/sast-gap-analyzer/case_043,analyze/ds4_pro/deepseek-v4-pro-0813.zip,True,True
big-open,sast-gap-analyzer,case_044,completed,deepseek-v4-pro,high,training-big-open.zip,train/sast-gap-analyzer/case_044,analyze/ds4_pro/deepseek-v4-pro-0813.zip,True,True
big-open,sast-gap-analyzer,case_045,completed,deepseek-v4-pro,high,training-big-open.zip,train/sast-gap-analyzer/case_045,analyze/ds4_pro/deepseek-v4-pro-0813.zip,True,True
big-open,sast-gap-analyzer,case_046,completed,deepseek-v4-pro,high,training-big-open.zip,train/sast-gap-analyzer/case_046,analyze/ds4_pro/deepseek-v4-pro-0813.zip,True,True
big-open,sast-gap-analyzer,case_047,completed,deepseek-v4-pro,high,training-big-open.zip,train/sast-gap-analyzer/case_047,analyze/ds4_pro/deepseek-v4-pro-0813.zip,True,True
big-open,sast-gap-analyzer,case_048,completed,deepseek-v4-pro,high,training-big-open.zip,train/sast-gap-analyzer/case_048,analyze/ds4_pro/deepseek-v4-pro-0813.zip,True,True
big-open,sast-gap-analyzer,case_049,completed,deepseek-v4-pro,high,training-big-open.zip,train/sast-gap-analyzer/case_049,analyze/ds4_pro/deepseek-v4-pro-0813.zip,True,True
big-open,sast-gap-analyzer,case_050,completed,deepseek-v4-pro,high,training-big-open.zip,train/sast-gap-analyzer/case_050,analyze/ds4_pro/deepseek-v4-pro-0813.zip,True,True
big-open,sast-gap-analyzer,case_051,completed,deepseek-v4-pro,high,training-big-open.zip,train/sast-gap-analyzer/case_051,analyze/ds4_pro/deepseek-v4-pro-0813.zip,True,True
big-open,sast-gap-analyzer,case_052,completed,deepseek-v4-pro,high,training-big-open.zip,train/sast-gap-analyzer/case_052,analyze/ds4_pro/deepseek-v4-pro-0813.zip,True,True
big-open,sast-gap-analyzer,case_053,completed,deepseek-v4-pro,high,training-big-open.zip,train/sast-gap-analyzer/case_053,analyze/ds4_pro/deepseek-v4-pro-0813.zip,True,True
big-open,sast-gap-analyzer,case_054,completed,deepseek-v4-pro,high,training-big-open.zip,train/sast-gap-analyzer/case_054,analyze/ds4_pro/deepseek-v4-pro-0813.zip,True,True
big-open,sast-gap-analyzer,case_055,completed,deepseek-v4-pro,high,training-big-open.zip,train/sast-gap-analyzer/case_055,analyze/ds4_pro/deepseek-v4-pro-0813.zip,True,True
big-open,sast-gap-analyzer,case_056,completed,deepseek-v4-pro,high,training-big-open.zip,train/sast-gap-analyzer/case_056,analyze/ds4_pro/deepseek-v4-pro-0813.zip,True,True
big-open,sast-gap-analyzer,case_057,completed,deepseek-v4-pro,high,training-big-open.zip,train/sast-gap-analyzer/case_057,analyze/ds4_pro/deepseek-v4-pro-0813.zip,True,True
big-open,sast-gap-analyzer,case_058,completed,deepseek-v4-pro,high,training-big-open.zip,train/sast-gap-analyzer/case_058,analyze/ds4_pro/deepseek-v4-pro-0813.zip,True,True
big-open,sast-gap-analyzer,case_059,completed,deepseek-v4-pro,high,training-big-open.zip,train/sast-gap-analyzer/case_059,analyze/ds4_pro/deepseek-v4-pro-0813.zip,True,True
big-open,sast-gap-analyzer,case_060,completed,deepseek-v4-pro,high,training-big-open.zip,train/sast-gap-analyzer/case_060,analyze/ds4_pro/deepseek-v4-pro-0813.zip,True,True
big-open,sast-gap-analyzer,case_061,completed,deepseek-v4-pro,high,training-big-open.zip,train/sast-gap-analyzer/case_061,analyze/ds4_pro/deepseek-v4-pro-0813.zip,True,True
big-open,sast-gap-analyzer,case_062,completed,deepseek-v4-pro,high,training-big-open.zip,train/sast-gap-analyzer/case_062,analyze/ds4_pro/deepseek-v4-pro-0813.zip,True,True
big-open,sast-gap-analyzer,case_063,completed,deepseek-v4-pro,high,training-big-open.zip,train/sast-gap-analyzer/case_063,analyze/ds4_pro/deepseek-v4-pro-0813.zip,True,True
big-open,sast-gap-analyzer,case_064,completed,deepseek-v4-pro,high,training-big-open.zip,train/sast-gap-analyzer/case_064,analyze/ds4_pro/deepseek-v4-pro-0813.zip,True,True
big-open,sast-gap-analyzer,case_065,completed,deepseek-v4-pro,high,training-big-open.zip,train/sast-gap-analyzer/case_065,analyze/ds4_pro/deepseek-v4-pro-0813.zip,True,True
big-open,sast-gap-analyzer,case_066,completed,deepseek-v4-pro,high,training-big-open.zip,train/sast-gap-analyzer/case_066,analyze/ds4_pro/deepseek-v4-pro-0813.zip,True,True
big-open,sast-gap-analyzer,case_067,completed,deepseek-v4-pro,high,training-big-open.zip,train/sast-gap-analyzer/case_067,analyze/ds4_pro/deepseek-v4-pro-0813.zip,True,True
big-open,sast-gap-analyzer,case_068,completed,deepseek-v4-pro,high,training-big-open.zip,train/sast-gap-analyzer/case_068,analyze/ds4_pro/deepseek-v4-pro-0813.zip,True,True
big-open,sast-gap-analyzer,case_069,completed,deepseek-v4-pro,high,training-big-open.zip,train/sast-gap-analyzer/case_069,analyze/ds4_pro/deepseek-v4-pro-0813.zip,True,True
big-open,sast-gap-analyzer,case_070,completed,deepseek-v4-pro,high,training-big-open.zip,train/sast-gap-analyzer/case_070,analyze/ds4_pro/deepseek-v4-pro-0813.zip,True,True
big-open,sast-gap-analyzer,case_071,completed,deepseek-v4-pro,high,training-big-open.zip,train/sast-gap-analyzer/case_071,analyze/ds4_pro/deepseek-v4-pro-0813.zip,True,True
big-open,sast-gap-analyzer,case_072,completed,deepseek-v4-pro,high,training-big-open.zip,train/sast-gap-analyzer/case_072,analyze/ds4_pro/deepseek-v4-pro-0813.zip,True,True
big-open,sast-gap-analyzer,case_073,completed,deepseek-v4-pro,high,training-big-open.zip,train/sast-gap-analyzer/case_073,analyze/ds4_pro/deepseek-v4-pro-0813.zip,True,True
big-open,sast-gap-analyzer,case_074,completed,deepseek-v4-pro,high,training-big-open.zip,train/sast-gap-analyzer/case_074,analyze/ds4_pro/deepseek-v4-pro-0813.zip,True,True
big-open,sast-gap-analyzer,case_075,completed,deepseek-v4-pro,high,training-big-open.zip,train/sast-gap-analyzer/case_075,analyze/ds4_pro/deepseek-v4-pro-0813.zip,True,True
big-open,sast-gap-analyzer,case_076,completed,deepseek-v4-pro,high,training-big-open.zip,train/sast-gap-analyzer/case_076,analyze/ds4_pro/deepseek-v4-pro-0813.zip,True,True
big-open,sast-gap-analyzer,case_077,completed,deepseek-v4-pro,high,training-big-open.zip,train/sast-gap-analyzer/case_077,analyze/ds4_pro/deepseek-v4-pro-0813.zip,True,True
big-open,sast-gap-analyzer,case_078,completed,deepseek-v4-pro,high,training-big-open.zip,train/sast-gap-analyzer/case_078,analyze/ds4_pro/deepseek-v4-pro-0813.zip,True,True
big-open,sast-gap-analyzer,case_079,completed,deepseek-v4-pro,high,training-big-open.zip,train/sast-gap-analyzer/case_079,analyze/ds4_pro/deepseek-v4-pro-0813.zip,True,True
big-open,sast-gap-analyzer,case_080,completed,deepseek-v4-pro,high,training-big-open.zip,train/sast-gap-analyzer/case_080,analyze/ds4_pro/deepseek-v4-pro-0813.zip,True,True
big-open,sast-gap-analyzer,case_081,completed,deepseek-v4-pro,high,training-big-open.zip,train/sast-gap-analyzer/case_081,analyze/ds4_pro/deepseek-v4-pro-0813.zip,True,True
big-open,sast-gap-analyzer,case_082,completed,deepseek-v4-pro,high,training-big-open.zip,train/sast-gap-analyzer/case_082,analyze/ds4_pro/deepseek-v4-pro-0813.zip,True,True
big-open,sast-gap-analyzer,case_083,completed,deepseek-v4-pro,high,training-big-open.zip,train/sast-gap-analyzer/case_083,analyze/ds4_pro/deepseek-v4-pro-0813.zip,True,True
big-open,sast-gap-analyzer,case_084,completed,deepseek-v4-pro,high,training-big-open.zip,train/sast-gap-analyzer/case_084,analyze/ds4_pro/deepseek-v4-pro-0813.zip,True,True
big-open,sast-gap-analyzer,case_085,completed,deepseek-v4-pro,high,training-big-open.zip,train/sast-gap-analyzer/case_085,analyze/ds4_pro/deepseek-v4-pro-0813.zip,True,True
big-open,sast-gap-analyzer,case_086,completed,deepseek-v4-pro,high,training-big-open.zip,train/sast-gap-analyzer/case_086,analyze/ds4_pro/deepseek-v4-pro-0813.zip,True,True
big-open,sast-gap-analyzer,case_087,completed,deepseek-v4-pro,high,training-big-open.zip,train/sast-gap-analyzer/case_087,analyze/ds4_pro/deepseek-v4-pro-0813.zip,True,True
big-open,sast-gap-analyzer,case_088,completed,deepseek-v4-pro,high,training-big-open.zip,train/sast-gap-analyzer/case_088,analyze/ds4_pro/deepseek-v4-pro-0813.zip,True,True
big-open,sast-gap-analyzer,case_089,completed,deepseek-v4-pro,high,training-big-open.zip,train/sast-gap-analyzer/case_089,analyze/ds4_pro/deepseek-v4-pro-0813.zip,True,True
big-open,sast-gap-analyzer,case_090,completed,deepseek-v4-pro,high,training-big-open.zip,train/sast-gap-analyzer/case_090,analyze/ds4_pro/deepseek-v4-pro-0813.zip,True,True
big-open,sast-gap-analyzer,case_091,completed,deepseek-v4-pro,high,training-big-open.zip,train/sast-gap-analyzer/case_091,analyze/ds4_pro/deepseek-v4-pro-0813.zip,True,True
big-open,sast-gap-analyzer,case_092,completed,deepseek-v4-pro,high,training-big-open.zip,train/sast-gap-analyzer/case_092,analyze/ds4_pro/deepseek-v4-pro-0813.zip,True,True
big-open,sast-gap-analyzer,case_093,completed,deepseek-v4-pro,high,training-big-open.zip,train/sast-gap-analyzer/case_093,analyze/ds4_pro/deepseek-v4-pro-0813.zip,True,True
big-open,sast-gap-analyzer,case_094,completed,deepseek-v4-pro,high,training-big-open.zip,train/sast-gap-analyzer/case_094,analyze/ds4_pro/deepseek-v4-pro-0813.zip,True,True
big-open,sast-gap-analyzer,case_095,completed,deepseek-v4-pro,high,training-big-open.zip,train/sast-gap-analyzer/case_095,analyze/ds4_pro/deepseek-v4-pro-0813.zip,True,True
big-open,sast-gap-analyzer,case_096,completed,deepseek-v4-pro,high,training-big-open.zip,train/sast-gap-analyzer/case_096,analyze/ds4_pro/deepseek-v4-pro-0813.zip,True,True
big-open,sast-gap-analyzer,case_097,completed,deepseek-v4-pro,high,training-big-open.zip,train/sast-gap-analyzer/case_097,analyze/ds4_pro/deepseek-v4-pro-0813.zip,True,True
big-open,sast-gap-analyzer,case_098,completed,deepseek-v4-pro,high,training-big-open.zip,train/sast-gap-analyzer/case_098,analyze/ds4_pro/deepseek-v4-pro-0813.zip,True,True
big-open,sast-gap-analyzer,case_099,completed,deepseek-v4-pro,high,training-big-open.zip,train/sast-gap-analyzer/case_099,analyze/ds4_pro/deepseek-v4-pro-0813.zip,True,True
big-open,sast-gap-analyzer,case_100,completed,deepseek-v4-pro,high,training-big-open.zip,train/sast-gap-analyzer/case_100,analyze/ds4_pro/deepseek-v4-pro-0813.zip,True,True
big-open,sc-race-condition,case_001,completed,deepseek-v4-pro,high,training-big-open.zip,train/sc-race-condition/case_001,analyze/ds4_pro/deepseek-v4-pro-0813.zip,True,True
big-open,sc-race-condition,case_002,completed,deepseek-v4-pro,high,training-big-open.zip,train/sc-race-condition/case_002,analyze/ds4_pro/deepseek-v4-pro-0813.zip,True,True
big-open,sc-race-condition,case_003,completed,deepseek-v4-pro,high,training-big-open.zip,train/sc-race-condition/case_003,analyze/ds4_pro/deepseek-v4-pro-0813.zip,True,True
big-open,sc-race-condition,case_004,completed,deepseek-v4-pro,high,training-big-open.zip,train/sc-race-condition/case_004,analyze/ds4_pro/deepseek-v4-pro-0813.zip,True,True
big-open,sc-race-condition,case_005,completed,deepseek-v4-pro,high,training-big-open.zip,train/sc-race-condition/case_005,analyze/ds4_pro/deepseek-v4-pro-0813.zip,True,True
big-open,sc-race-condition,case_006,completed,deepseek-v4-pro,high,training-big-open.zip,train/sc-race-condition/case_006,analyze/ds4_pro/deepseek-v4-pro-0813.zip,True,True
big-open,sc-race-condition,case_007,completed,deepseek-v4-pro,high,training-big-open.zip,train/sc-race-condition/case_007,analyze/ds4_pro/deepseek-v4-pro-0813.zip,True,True
big-open,sc-race-condition,case_008,completed,deepseek-v4-pro,high,training-big-open.zip,train/sc-race-condition/case_008,analyze/ds4_pro/deepseek-v4-pro-0813.zip,True,True
big-open,sc-race-condition,case_009,completed,deepseek-v4-pro,high,training-big-open.zip,train/sc-race-condition/case_009,analyze/ds4_pro/deepseek-v4-pro-0813.zip,True,True
big-open,sc-race-condition,case_010,completed,deepseek-v4-pro,high,training-big-open.zip,train/sc-race-condition/case_010,analyze/ds4_pro/deepseek-v4-pro-0813.zip,True,True
big-open,sc-race-condition,case_011,completed,deepseek-v4-pro,high,training-big-open.zip,train/sc-race-condition/case_011,analyze/ds4_pro/deepseek-v4-pro-0813.zip,True,True
big-open,sc-race-condition,case_012,completed,deepseek-v4-pro,high,training-big-open.zip,train/sc-race-condition/case_012,analyze/ds4_pro/deepseek-v4-pro-0813.zip,True,True
big-open,sc-race-condition,case_013,completed,deepseek-v4-pro,high,training-big-open.zip,train/sc-race-condition/case_013,analyze/ds4_pro/deepseek-v4-pro-0813.zip,True,True
big-open,sc-race-condition,case_014,completed,deepseek-v4-pro,high,training-big-open.zip,train/sc-race-condition/case_014,analyze/ds4_pro/deepseek-v4-pro-0813.zip,True,True
big-open,sc-race-condition,case_015,completed,deepseek-v4-pro,high,training-big-open.zip,train/sc-race-condition/case_015,analyze/ds4_pro/deepseek-v4-pro-0813.zip,True,True
big-open,sc-race-condition,case_016,completed,deepseek-v4-pro,high,training-big-open.zip,train/sc-race-condition/case_016,analyze/ds4_pro/deepseek-v4-pro-0813.zip,True,True
big-open,sc-race-condition,case_017,completed,deepseek-v4-pro,high,training-big-open.zip,train/sc-race-condition/case_017,analyze/ds4_pro/deepseek-v4-pro-0813.zip,True,True
big-open,sc-race-condition,case_018,completed,deepseek-v4-pro,high,training-big-open.zip,train/sc-race-condition/case_018,analyze/ds4_pro/deepseek-v4-pro-0813.zip,True,True
big-open,sc-race-condition,case_019,completed,deepseek-v4-pro,high,training-big-open.zip,train/sc-race-condition/case_019,analyze/ds4_pro/deepseek-v4-pro-0813.zip,True,True
big-open,sc-race-condition,case_020,completed,deepseek-v4-pro,high,training-big-open.zip,train/sc-race-condition/case_020,analyze/ds4_pro/deepseek-v4-pro-0813.zip,True,True
big-open,sc-race-condition,case_021,completed,deepseek-v4-pro,high,training-big-open.zip,train/sc-race-condition/case_021,analyze/ds4_pro/deepseek-v4-pro-0813.zip,True,True
big-open,sc-race-condition,case_022,completed,deepseek-v4-pro,high,training-big-open.zip,train/sc-race-condition/case_022,analyze/ds4_pro/deepseek-v4-pro-0813.zip,True,True
big-open,sc-race-condition,case_023,completed,deepseek-v4-pro,high,training-big-open.zip,train/sc-race-condition/case_023,analyze/ds4_pro/deepseek-v4-pro-0813.zip,True,True
big-open,sc-race-condition,case_024,completed,deepseek-v4-pro,high,training-big-open.zip,train/sc-race-condition/case_024,analyze/ds4_pro/deepseek-v4-pro-0813.zip,True,True
big-open,sc-race-condition,case_025,completed,deepseek-v4-pro,high,training-big-open.zip,train/sc-race-condition/case_025,analyze/ds4_pro/deepseek-v4-pro-0813.zip,True,True
big-open,sc-race-condition,case_026,completed,deepseek-v4-pro,high,training-big-open.zip,train/sc-race-condition/case_026,analyze/ds4_pro/deepseek-v4-pro-0813.zip,True,True
big-open,sc-race-condition,case_027,completed,deepseek-v4-pro,high,training-big-open.zip,train/sc-race-condition/case_027,analyze/ds4_pro/deepseek-v4-pro-0813.zip,True,True
big-open,sc-race-condition,case_028,completed,deepseek-v4-pro,high,training-big-open.zip,train/sc-race-condition/case_028,analyze/ds4_pro/deepseek-v4-pro-0813.zip,True,True
big-open,sc-race-condition,case_029,completed,deepseek-v4-pro,high,training-big-open.zip,train/sc-race-condition/case_029,analyze/ds4_pro/deepseek-v4-pro-0813.zip,True,True
big-open,sc-race-condition,case_030,completed,deepseek-v4-pro,high,training-big-open.zip,train/sc-race-condition/case_030,analyze/ds4_pro/deepseek-v4-pro-0813.zip,True,True
big-open,sc-race-condition,case_031,completed,deepseek-v4-pro,high,training-big-open.zip,train/sc-race-condition/case_031,analyze/ds4_pro/deepseek-v4-pro-0813.zip,True,True
big-open,sc-race-condition,case_032,completed,deepseek-v4-pro,high,training-big-open.zip,train/sc-race-condition/case_032,analyze/ds4_pro/deepseek-v4-pro-0813.zip,True,True
big-open,sc-race-condition,case_033,completed,deepseek-v4-pro,high,training-big-open.zip,train/sc-race-condition/case_033,analyze/ds4_pro/deepseek-v4-pro-0813.zip,True,True
big-open,sc-race-condition,case_034,completed,deepseek-v4-pro,high,training-big-open.zip,train/sc-race-condition/case_034,analyze/ds4_pro/deepseek-v4-pro-0813.zip,True,True
big-open,sc-race-condition,case_035,completed,deepseek-v4-pro,high,training-big-open.zip,train/sc-race-condition/case_035,analyze/ds4_pro/deepseek-v4-pro-0813.zip,True,True
big-open,sc-race-condition,case_036,completed,deepseek-v4-pro,high,training-big-open.zip,train/sc-race-condition/case_036,analyze/ds4_pro/deepseek-v4-pro-0813.zip,True,True
big-open,sc-race-condition,case_037,completed,deepseek-v4-pro,high,training-big-open.zip,train/sc-race-condition/case_037,analyze/ds4_pro/deepseek-v4-pro-0813.zip,True,True
big-open,sc-race-condition,case_038,completed,deepseek-v4-pro,high,training-big-open.zip,train/sc-race-condition/case_038,analyze/ds4_pro/deepseek-v4-pro-0813.zip,True,True
big-open,sc-race-condition,case_039,completed,deepseek-v4-pro,high,training-big-open.zip,train/sc-race-condition/case_039,analyze/ds4_pro/deepseek-v4-pro-0813.zip,True,True
big-open,sc-race-condition,case_040,completed,deepseek-v4-pro,high,training-big-open.zip,train/sc-race-condition/case_040,analyze/ds4_pro/deepseek-v4-pro-0813.zip,True,True
big-open,sc-race-condition,case_041,completed,deepseek-v4-pro,high,training-big-open.zip,train/sc-race-condition/case_041,analyze/ds4_pro/deepseek-v4-pro-0813.zip,True,True
big-open,sc-race-condition,case_042,completed,deepseek-v4-pro,high,training-big-open.zip,train/sc-race-condition/case_042,analyze/ds4_pro/deepseek-v4-pro-0813.zip,True,True
big-open,sc-race-condition,case_043,completed,deepseek-v4-pro,high,training-big-open.zip,train/sc-race-condition/case_043,analyze/ds4_pro/deepseek-v4-pro-0813.zip,True,True
big-open,sc-race-condition,case_044,completed,deepseek-v4-pro,high,training-big-open.zip,train/sc-race-condition/case_044,analyze/ds4_pro/deepseek-v4-pro-0813.zip,True,True
big-open,sc-race-condition,case_045,completed,deepseek-v4-pro,high,training-big-open.zip,train/sc-race-condition/case_045,analyze/ds4_pro/deepseek-v4-pro-0813.zip,True,True
big-open,sc-race-condition,case_046,completed,deepseek-v4-pro,high,training-big-open.zip,train/sc-race-condition/case_046,analyze/ds4_pro/deepseek-v4-pro-0813.zip,True,True
big-open,sc-race-condition,case_047,completed,deepseek-v4-pro,high,training-big-open.zip,train/sc-race-condition/case_047,analyze/ds4_pro/deepseek-v4-pro-0813.zip,True,True
big-open,sc-race-condition,case_048,completed,deepseek-v4-pro,high,training-big-open.zip,train/sc-race-condition/case_048,analyze/ds4_pro/deepseek-v4-pro-0813.zip,True,True
big-open,sc-race-condition,case_049,completed,deepseek-v4-pro,high,training-big-open.zip,train/sc-race-condition/case_049,analyze/ds4_pro/deepseek-v4-pro-0813.zip,True,True
big-open,sc-race-condition,case_050,completed,deepseek-v4-pro,high,training-big-open.zip,train/sc-race-condition/case_050,analyze/ds4_pro/deepseek-v4-pro-0813.zip,True,True
big-open,sc-race-condition,case_051,completed,deepseek-v4-pro,high,training-big-open.zip,train/sc-race-condition/case_051,analyze/ds4_pro/deepseek-v4-pro-0813.zip,True,True
big-open,sc-race-condition,case_052,completed,deepseek-v4-pro,high,training-big-open.zip,train/sc-race-condition/case_052,analyze/ds4_pro/deepseek-v4-pro-0813.zip,True,True
big-open,sc-race-condition,case_053,completed,deepseek-v4-pro,high,training-big-open.zip,train/sc-race-condition/case_053,analyze/ds4_pro/deepseek-v4-pro-0813.zip,True,True
big-open,sc-race-condition,case_054,completed,deepseek-v4-pro,high,training-big-open.zip,train/sc-race-condition/case_054,analyze/ds4_pro/deepseek-v4-pro-0813.zip,True,True
big-open,sc-race-condition,case_055,completed,deepseek-v4-pro,high,training-big-open.zip,train/sc-race-condition/case_055,analyze/ds4_pro/deepseek-v4-pro-0813.zip,True,True
big-open,sc-race-condition,case_056,completed,deepseek-v4-pro,high,training-big-open.zip,train/sc-race-condition/case_056,analyze/ds4_pro/deepseek-v4-pro-0813.zip,True,True
big-open,sc-race-condition,case_057,completed,deepseek-v4-pro,high,training-big-open.zip,train/sc-race-condition/case_057,analyze/ds4_pro/deepseek-v4-pro-0813.zip,True,True
big-open,sc-race-condition,case_058,completed,deepseek-v4-pro,high,training-big-open.zip,train/sc-race-condition/case_058,analyze/ds4_pro/deepseek-v4-pro-0813.zip,True,True
big-open,sc-race-condition,case_059,completed,deepseek-v4-pro,high,training-big-open.zip,train/sc-race-condition/case_059,analyze/ds4_pro/deepseek-v4-pro-0813.zip,True,True
big-open,sc-race-condition,case_060,completed,deepseek-v4-pro,high,training-big-open.zip,train/sc-race-condition/case_060,analyze/ds4_pro/deepseek-v4-pro-0813.zip,True,True
big-open,sc-race-condition,case_061,completed,deepseek-v4-pro,high,training-big-open.zip,train/sc-race-condition/case_061,analyze/ds4_pro/deepseek-v4-pro-0813.zip,True,True
big-open,sc-race-condition,case_062,completed,deepseek-v4-pro,high,training-big-open.zip,train/sc-race-condition/case_062,analyze/ds4_pro/deepseek-v4-pro-0813.zip,True,True
big-open,sc-race-condition,case_063,completed,deepseek-v4-pro,high,training-big-open.zip,train/sc-race-condition/case_063,analyze/ds4_pro/deepseek-v4-pro-0813.zip,True,True
big-open,sc-race-condition,case_064,completed,deepseek-v4-pro,high,training-big-open.zip,train/sc-race-condition/case_064,analyze/ds4_pro/deepseek-v4-pro-0813.zip,True,True
big-open,sc-race-condition,case_065,completed,deepseek-v4-pro,high,training-big-open.zip,train/sc-race-condition/case_065,analyze/ds4_pro/deepseek-v4-pro-0813.zip,True,True
big-open,sc-race-condition,case_066,completed,deepseek-v4-pro,high,training-big-open.zip,train/sc-race-condition/case_066,analyze/ds4_pro/deepseek-v4-pro-0813.zip,True,True
big-open,sc-race-condition,case_067,completed,deepseek-v4-pro,high,training-big-open.zip,train/sc-race-condition/case_067,analyze/ds4_pro/deepseek-v4-pro-0813.zip,True,True
big-open,sc-race-condition,case_068,completed,deepseek-v4-pro,high,training-big-open.zip,train/sc-race-condition/case_068,analyze/ds4_pro/deepseek-v4-pro-0813.zip,True,True
big-open,sc-race-condition,case_069,completed,deepseek-v4-pro,high,training-big-open.zip,train/sc-race-condition/case_069,analyze/ds4_pro/deepseek-v4-pro-0813.zip,True,True
big-open,sc-race-condition,case_070,completed,deepseek-v4-pro,high,training-big-open.zip,train/sc-race-condition/case_070,analyze/ds4_pro/deepseek-v4-pro-0813.zip,True,True
big-open,sc-race-condition,case_071,completed,deepseek-v4-pro,high,training-big-open.zip,train/sc-race-condition/case_071,analyze/ds4_pro/deepseek-v4-pro-0813.zip,True,True
big-open,sc-race-condition,case_072,completed,deepseek-v4-pro,high,training-big-open.zip,train/sc-race-condition/case_072,analyze/ds4_pro/deepseek-v4-pro-0813.zip,True,True
big-open,sc-race-condition,case_073,completed,deepseek-v4-pro,high,training-big-open.zip,train/sc-race-condition/case_073,analyze/ds4_pro/deepseek-v4-pro-0813.zip,True,True
big-open,sc-race-condition,case_074,completed,deepseek-v4-pro,high,training-big-open.zip,train/sc-race-condition/case_074,analyze/ds4_pro/deepseek-v4-pro-0813.zip,True,True
big-open,sc-race-condition,case_075,completed,deepseek-v4-pro,high,training-big-open.zip,train/sc-race-condition/case_075,analyze/ds4_pro/deepseek-v4-pro-0813.zip,True,True
big-open,sc-race-condition,case_076,completed,deepseek-v4-pro,high,training-big-open.zip,train/sc-race-condition/case_076,analyze/ds4_pro/deepseek-v4-pro-0813.zip,True,True
big-open,sc-race-condition,case_077,completed,deepseek-v4-pro,high,training-big-open.zip,train/sc-race-condition/case_077,analyze/ds4_pro/deepseek-v4-pro-0813.zip,True,True
big-open,sc-race-condition,case_078,completed,deepseek-v4-pro,high,training-big-open.zip,train/sc-race-condition/case_078,analyze/ds4_pro/deepseek-v4-pro-0813.zip,True,True
big-open,sc-race-condition,case_079,completed,deepseek-v4-pro,high,training-big-open.zip,train/sc-race-condition/case_079,analyze/ds4_pro/deepseek-v4-pro-0813.zip,True,True
big-open,sc-race-condition,case_080,completed,deepseek-v4-pro,high,training-big-open.zip,train/sc-race-condition/case_080,analyze/ds4_pro/deepseek-v4-pro-0813.zip,True,True
big-open,sc-race-condition,case_081,completed,deepseek-v4-pro,high,training-big-open.zip,train/sc-race-condition/case_081,analyze/ds4_pro/deepseek-v4-pro-0813.zip,True,True
big-open,sc-race-condition,case_082,completed,deepseek-v4-pro,high,training-big-open.zip,train/sc-race-condition/case_082,analyze/ds4_pro/deepseek-v4-pro-0813.zip,True,True
big-open,sc-race-condition,case_083,completed,deepseek-v4-pro,high,training-big-open.zip,train/sc-race-condition/case_083,analyze/ds4_pro/deepseek-v4-pro-0813.zip,True,True
big-open,sc-race-condition,case_084,completed,deepseek-v4-pro,high,training-big-open.zip,train/sc-race-condition/case_084,analyze/ds4_pro/deepseek-v4-pro-0813.zip,True,True
big-open,sc-race-condition,case_085,completed,deepseek-v4-pro,high,training-big-open.zip,train/sc-race-condition/case_085,analyze/ds4_pro/deepseek-v4-pro-0813.zip,True,True
big-open,sc-race-condition,case_086,completed,deepseek-v4-pro,high,training-big-open.zip,train/sc-race-condition/case_086,analyze/ds4_pro/deepseek-v4-pro-0813.zip,True,True
big-open,sc-race-condition,case_087,completed,deepseek-v4-pro,high,training-big-open.zip,train/sc-race-condition/case_087,analyze/ds4_pro/deepseek-v4-pro-0813.zip,True,True
big-open,sc-race-condition,case_088,completed,deepseek-v4-pro,high,training-big-open.zip,train/sc-race-condition/case_088,analyze/ds4_pro/deepseek-v4-pro-0813.zip,True,True
big-open,sc-race-condition,case_089,completed,deepseek-v4-pro,high,training-big-open.zip,train/sc-race-condition/case_089,analyze/ds4_pro/deepseek-v4-pro-0813.zip,True,True
big-open,sc-race-condition,case_090,completed,deepseek-v4-pro,high,training-big-open.zip,train/sc-race-condition/case_090,analyze/ds4_pro/deepseek-v4-pro-0813.zip,True,True
big-open,sc-race-condition,case_091,completed,deepseek-v4-pro,high,training-big-open.zip,train/sc-race-condition/case_091,analyze/ds4_pro/deepseek-v4-pro-0813.zip,True,True
big-open,sc-race-condition,case_092,completed,deepseek-v4-pro,high,training-big-open.zip,train/sc-race-condition/case_092,analyze/ds4_pro/deepseek-v4-pro-0813.zip,True,True
big-open,sc-race-condition,case_093,completed,deepseek-v4-pro,high,training-big-open.zip,train/sc-race-condition/case_093,analyze/ds4_pro/deepseek-v4-pro-0813.zip,True,True
big-open,sc-race-condition,case_094,completed,deepseek-v4-pro,high,training-big-open.zip,train/sc-race-condition/case_094,analyze/ds4_pro/deepseek-v4-pro-0813.zip,True,True
big-open,sc-race-condition,case_095,completed,deepseek-v4-pro,high,training-big-open.zip,train/sc-race-condition/case_095,analyze/ds4_pro/deepseek-v4-pro-0813.zip,True,True
big-open,sc-race-condition,case_096,completed,deepseek-v4-pro,high,training-big-open.zip,train/sc-race-condition/case_096,analyze/ds4_pro/deepseek-v4-pro-0813.zip,True,True
big-open,sc-race-condition,case_097,completed,deepseek-v4-pro,high,training-big-open.zip,train/sc-race-condition/case_097,analyze/ds4_pro/deepseek-v4-pro-0813.zip,True,True
big-open,sc-race-condition,case_098,completed,deepseek-v4-pro,high,training-big-open.zip,train/sc-race-condition/case_098,analyze/ds4_pro/deepseek-v4-pro-0813.zip,True,True
big-open,sc-race-condition,case_099,completed,deepseek-v4-pro,high,training-big-open.zip,train/sc-race-condition/case_099,analyze/ds4_pro/deepseek-v4-pro-0813.zip,True,True
big-open,sc-race-condition,case_100,completed,deepseek-v4-pro,high,training-big-open.zip,train/sc-race-condition/case_100,analyze/ds4_pro/deepseek-v4-pro-0813.zip,True,True
big-open,scrutineer-vuln-scan,case_001,completed,deepseek-v4-pro,high,training-big-open.zip,train/scrutineer-vuln-scan/case_001,analyze/ds4_pro/deepseek-v4-pro-0813.zip,True,True
big-open,scrutineer-vuln-scan,case_002,completed,deepseek-v4-pro,high,training-big-open.zip,train/scrutineer-vuln-scan/case_002,analyze/ds4_pro/deepseek-v4-pro-0813.zip,True,True
big-open,scrutineer-vuln-scan,case_003,completed,deepseek-v4-pro,high,training-big-open.zip,train/scrutineer-vuln-scan/case_003,analyze/ds4_pro/deepseek-v4-pro-0813.zip,True,True
big-open,scrutineer-vuln-scan,case_004,completed,deepseek-v4-pro,high,training-big-open.zip,train/scrutineer-vuln-scan/case_004,analyze/ds4_pro/deepseek-v4-pro-0813.zip,True,True
big-open,scrutineer-vuln-scan,case_005,completed,deepseek-v4-pro,high,training-big-open.zip,train/scrutineer-vuln-scan/case_005,analyze/ds4_pro/deepseek-v4-pro-0813.zip,True,True
big-open,scrutineer-vuln-scan,case_006,completed,deepseek-v4-pro,high,training-big-open.zip,train/scrutineer-vuln-scan/case_006,analyze/ds4_pro/deepseek-v4-pro-0813.zip,True,True
big-open,scrutineer-vuln-scan,case_007,completed,deepseek-v4-pro,high,training-big-open.zip,train/scrutineer-vuln-scan/case_007,analyze/ds4_pro/deepseek-v4-pro-0813.zip,True,True
big-open,scrutineer-vuln-scan,case_008,completed,deepseek-v4-pro,high,training-big-open.zip,train/scrutineer-vuln-scan/case_008,analyze/ds4_pro/deepseek-v4-pro-0813.zip,True,True
big-open,scrutineer-vuln-scan,case_009,completed,deepseek-v4-pro,high,training-big-open.zip,train/scrutineer-vuln-scan/case_009,analyze/ds4_pro/deepseek-v4-pro-0813.zip,True,True
big-open,scrutineer-vuln-scan,case_010,completed,deepseek-v4-pro,high,training-big-open.zip,train/scrutineer-vuln-scan/case_010,analyze/ds4_pro/deepseek-v4-pro-0813.zip,True,True
big-open,scrutineer-vuln-scan,case_011,completed,deepseek-v4-pro,high,training-big-open.zip,train/scrutineer-vuln-scan/case_011,analyze/ds4_pro/deepseek-v4-pro-0813.zip,True,True
big-open,scrutineer-vuln-scan,case_012,completed,deepseek-v4-pro,high,training-big-open.zip,train/scrutineer-vuln-scan/case_012,analyze/ds4_pro/deepseek-v4-pro-0813.zip,True,True
big-open,scrutineer-vuln-scan,case_013,completed,deepseek-v4-pro,high,training-big-open.zip,train/scrutineer-vuln-scan/case_013,analyze/ds4_pro/deepseek-v4-pro-0813.zip,True,True
big-open,scrutineer-vuln-scan,case_014,completed,deepseek-v4-pro,high,training-big-open.zip,train/scrutineer-vuln-scan/case_014,analyze/ds4_pro/deepseek-v4-pro-0813.zip,True,True
big-open,scrutineer-vuln-scan,case_015,completed,deepseek-v4-pro,high,training-big-open.zip,train/scrutineer-vuln-scan/case_015,analyze/ds4_pro/deepseek-v4-pro-0813.zip,True,True
big-open,scrutineer-vuln-scan,case_016,completed,deepseek-v4-pro,high,training-big-open.zip,train/scrutineer-vuln-scan/case_016,analyze/ds4_pro/deepseek-v4-pro-0813.zip,True,True
big-open,scrutineer-vuln-scan,case_017,completed,deepseek-v4-pro,high,training-big-open.zip,train/scrutineer-vuln-scan/case_017,analyze/ds4_pro/deepseek-v4-pro-0813.zip,True,True
big-open,scrutineer-vuln-scan,case_018,completed,deepseek-v4-pro,high,training-big-open.zip,train/scrutineer-vuln-scan/case_018,analyze/ds4_pro/deepseek-v4-pro-0813.zip,True,True
big-open,scrutineer-vuln-scan,case_019,completed,deepseek-v4-pro,high,training-big-open.zip,train/scrutineer-vuln-scan/case_019,analyze/ds4_pro/deepseek-v4-pro-0813.zip,True,True
big-open,scrutineer-vuln-scan,case_020,completed,deepseek-v4-pro,high,training-big-open.zip,train/scrutineer-vuln-scan/case_020,analyze/ds4_pro/deepseek-v4-pro-0813.zip,True,True
big-open,scrutineer-vuln-scan,case_021,completed,deepseek-v4-pro,high,training-big-open.zip,train/scrutineer-vuln-scan/case_021,analyze/ds4_pro/deepseek-v4-pro-0813.zip,True,True
big-open,scrutineer-vuln-scan,case_022,completed,deepseek-v4-pro,high,training-big-open.zip,train/scrutineer-vuln-scan/case_022,analyze/ds4_pro/deepseek-v4-pro-0813.zip,True,True
big-open,scrutineer-vuln-scan,case_023,completed,deepseek-v4-pro,high,training-big-open.zip,train/scrutineer-vuln-scan/case_023,analyze/ds4_pro/deepseek-v4-pro-0813.zip,True,True
big-open,scrutineer-vuln-scan,case_024,completed,deepseek-v4-pro,high,training-big-open.zip,train/scrutineer-vuln-scan/case_024,analyze/ds4_pro/deepseek-v4-pro-0813.zip,True,True
big-open,scrutineer-vuln-scan,case_025,completed,deepseek-v4-pro,high,training-big-open.zip,train/scrutineer-vuln-scan/case_025,analyze/ds4_pro/deepseek-v4-pro-0813.zip,True,True
big-open,scrutineer-vuln-scan,case_026,completed,deepseek-v4-pro,high,training-big-open.zip,train/scrutineer-vuln-scan/case_026,analyze/ds4_pro/deepseek-v4-pro-0813.zip,True,True
big-open,scrutineer-vuln-scan,case_027,completed,deepseek-v4-pro,high,training-big-open.zip,train/scrutineer-vuln-scan/case_027,analyze/ds4_pro/deepseek-v4-pro-0813.zip,True,True
big-open,scrutineer-vuln-scan,case_028,completed,deepseek-v4-pro,high,training-big-open.zip,train/scrutineer-vuln-scan/case_028,analyze/ds4_pro/deepseek-v4-pro-0813.zip,True,True
big-open,scrutineer-vuln-scan,case_029,completed,deepseek-v4-pro,high,training-big-open.zip,train/scrutineer-vuln-scan/case_029,analyze/ds4_pro/deepseek-v4-pro-0813.zip,True,True
big-open,scrutineer-vuln-scan,case_030,completed,deepseek-v4-pro,high,training-big-open.zip,train/scrutineer-vuln-scan/case_030,analyze/ds4_pro/deepseek-v4-pro-0813.zip,True,True
big-open,scrutineer-vuln-scan,case_031,completed,deepseek-v4-pro,high,training-big-open.zip,train/scrutineer-vuln-scan/case_031,analyze/ds4_pro/deepseek-v4-pro-0813.zip,True,True
big-open,scrutineer-vuln-scan,case_032,completed,deepseek-v4-pro,high,training-big-open.zip,train/scrutineer-vuln-scan/case_032,analyze/ds4_pro/deepseek-v4-pro-0813.zip,True,True
big-open,scrutineer-vuln-scan,case_033,completed,deepseek-v4-pro,high,training-big-open.zip,train/scrutineer-vuln-scan/case_033,analyze/ds4_pro/deepseek-v4-pro-0813.zip,True,True
big-open,scrutineer-vuln-scan,case_034,completed,deepseek-v4-pro,high,training-big-open.zip,train/scrutineer-vuln-scan/case_034,analyze/ds4_pro/deepseek-v4-pro-0813.zip,True,True
big-open,scrutineer-vuln-scan,case_035,completed,deepseek-v4-pro,high,training-big-open.zip,train/scrutineer-vuln-scan/case_035,analyze/ds4_pro/deepseek-v4-pro-0813.zip,True,True
big-open,scrutineer-vuln-scan,case_036,completed,deepseek-v4-pro,high,training-big-open.zip,train/scrutineer-vuln-scan/case_036,analyze/ds4_pro/deepseek-v4-pro-0813.zip,True,True
big-open,scrutineer-vuln-scan,case_037,completed,deepseek-v4-pro,high,training-big-open.zip,train/scrutineer-vuln-scan/case_037,analyze/ds4_pro/deepseek-v4-pro-0813.zip,True,True
big-open,scrutineer-vuln-scan,case_038,completed,deepseek-v4-pro,high,training-big-open.zip,train/scrutineer-vuln-scan/case_038,analyze/ds4_pro/deepseek-v4-pro-0813.zip,True,True
big-open,scrutineer-vuln-scan,case_039,completed,deepseek-v4-pro,high,training-big-open.zip,train/scrutineer-vuln-scan/case_039,analyze/ds4_pro/deepseek-v4-pro-0813.zip,True,True
big-open,scrutineer-vuln-scan,case_040,completed,deepseek-v4-pro,high,training-big-open.zip,train/scrutineer-vuln-scan/case_040,analyze/ds4_pro/deepseek-v4-pro-0813.zip,True,True
big-open,scrutineer-vuln-scan,case_041,completed,deepseek-v4-pro,high,training-big-open.zip,train/scrutineer-vuln-scan/case_041,analyze/ds4_pro/deepseek-v4-pro-0813.zip,True,True
big-open,scrutineer-vuln-scan,case_042,completed,deepseek-v4-pro,high,training-big-open.zip,train/scrutineer-vuln-scan/case_042,analyze/ds4_pro/deepseek-v4-pro-0813.zip,True,True
big-open,scrutineer-vuln-scan,case_043,completed,deepseek-v4-pro,high,training-big-open.zip,train/scrutineer-vuln-scan/case_043,analyze/ds4_pro/deepseek-v4-pro-0813.zip,True,True
big-open,scrutineer-vuln-scan,case_044,completed,deepseek-v4-pro,high,training-big-open.zip,train/scrutineer-vuln-scan/case_044,analyze/ds4_pro/deepseek-v4-pro-0813.zip,True,True
big-open,scrutineer-vuln-scan,case_045,completed,deepseek-v4-pro,high,training-big-open.zip,train/scrutineer-vuln-scan/case_045,analyze/ds4_pro/deepseek-v4-pro-0813.zip,True,True
big-open,scrutineer-vuln-scan,case_046,completed,deepseek-v4-pro,high,training-big-open.zip,train/scrutineer-vuln-scan/case_046,analyze/ds4_pro/deepseek-v4-pro-0813.zip,True,True
big-open,scrutineer-vuln-scan,case_047,completed,deepseek-v4-pro,high,training-big-open.zip,train/scrutineer-vuln-scan/case_047,analyze/ds4_pro/deepseek-v4-pro-0813.zip,True,True
big-open,scrutineer-vuln-scan,case_048,completed,deepseek-v4-pro,high,training-big-open.zip,train/scrutineer-vuln-scan/case_048,analyze/ds4_pro/deepseek-v4-pro-0813.zip,True,True
big-open,scrutineer-vuln-scan,case_049,completed,deepseek-v4-pro,high,training-big-open.zip,train/scrutineer-vuln-scan/case_049,analyze/ds4_pro/deepseek-v4-pro-0813.zip,True,True
big-open,scrutineer-vuln-scan,case_050,completed,deepseek-v4-pro,high,training-big-open.zip,train/scrutineer-vuln-scan/case_050,analyze/ds4_pro/deepseek-v4-pro-0813.zip,True,True
big-open,scrutineer-vuln-scan,case_051,completed,deepseek-v4-pro,high,training-big-open.zip,train/scrutineer-vuln-scan/case_051,analyze/ds4_pro/deepseek-v4-pro-0813.zip,True,True
big-open,scrutineer-vuln-scan,case_052,completed,deepseek-v4-pro,high,training-big-open.zip,train/scrutineer-vuln-scan/case_052,analyze/ds4_pro/deepseek-v4-pro-0813.zip,True,True
big-open,scrutineer-vuln-scan,case_053,completed,deepseek-v4-pro,high,training-big-open.zip,train/scrutineer-vuln-scan/case_053,analyze/ds4_pro/deepseek-v4-pro-0813.zip,True,True
big-open,scrutineer-vuln-scan,case_054,completed,deepseek-v4-pro,high,training-big-open.zip,train/scrutineer-vuln-scan/case_054,analyze/ds4_pro/deepseek-v4-pro-0813.zip,True,True
big-open,scrutineer-vuln-scan,case_055,completed,deepseek-v4-pro,high,training-big-open.zip,train/scrutineer-vuln-scan/case_055,analyze/ds4_pro/deepseek-v4-pro-0813.zip,True,True
big-open,scrutineer-vuln-scan,case_056,completed,deepseek-v4-pro,high,training-big-open.zip,train/scrutineer-vuln-scan/case_056,analyze/ds4_pro/deepseek-v4-pro-0813.zip,True,True
big-open,scrutineer-vuln-scan,case_057,completed,deepseek-v4-pro,high,training-big-open.zip,train/scrutineer-vuln-scan/case_057,analyze/ds4_pro/deepseek-v4-pro-0813.zip,True,True
big-open,scrutineer-vuln-scan,case_058,completed,deepseek-v4-pro,high,training-big-open.zip,train/scrutineer-vuln-scan/case_058,analyze/ds4_pro/deepseek-v4-pro-0813.zip,True,True
big-open,scrutineer-vuln-scan,case_059,completed,deepseek-v4-pro,high,training-big-open.zip,train/scrutineer-vuln-scan/case_059,analyze/ds4_pro/deepseek-v4-pro-0813.zip,True,True
big-open,scrutineer-vuln-scan,case_060,completed,deepseek-v4-pro,high,training-big-open.zip,train/scrutineer-vuln-scan/case_060,analyze/ds4_pro/deepseek-v4-pro-0813.zip,True,True
big-open,scrutineer-vuln-scan,case_061,completed,deepseek-v4-pro,high,training-big-open.zip,train/scrutineer-vuln-scan/case_061,analyze/ds4_pro/deepseek-v4-pro-0813.zip,True,True
big-open,scrutineer-vuln-scan,case_062,completed,deepseek-v4-pro,high,training-big-open.zip,train/scrutineer-vuln-scan/case_062,analyze/ds4_pro/deepseek-v4-pro-0813.zip,True,True
big-open,scrutineer-vuln-scan,case_063,completed,deepseek-v4-pro,high,training-big-open.zip,train/scrutineer-vuln-scan/case_063,analyze/ds4_pro/deepseek-v4-pro-0813.zip,True,True
big-open,scrutineer-vuln-scan,case_064,completed,deepseek-v4-pro,high,training-big-open.zip,train/scrutineer-vuln-scan/case_064,analyze/ds4_pro/deepseek-v4-pro-0813.zip,True,True
big-open,scrutineer-vuln-scan,case_065,completed,deepseek-v4-pro,high,training-big-open.zip,train/scrutineer-vuln-scan/case_065,analyze/ds4_pro/deepseek-v4-pro-0813.zip,True,True
big-open,scrutineer-vuln-scan,case_066,completed,deepseek-v4-pro,high,training-big-open.zip,train/scrutineer-vuln-scan/case_066,analyze/ds4_pro/deepseek-v4-pro-0813.zip,True,True
big-open,scrutineer-vuln-scan,case_067,completed,deepseek-v4-pro,high,training-big-open.zip,train/scrutineer-vuln-scan/case_067,analyze/ds4_pro/deepseek-v4-pro-0813.zip,True,True
big-open,scrutineer-vuln-scan,case_068,completed,deepseek-v4-pro,high,training-big-open.zip,train/scrutineer-vuln-scan/case_068,analyze/ds4_pro/deepseek-v4-pro-0813.zip,True,True
big-open,scrutineer-vuln-scan,case_069,completed,deepseek-v4-pro,high,training-big-open.zip,train/scrutineer-vuln-scan/case_069,analyze/ds4_pro/deepseek-v4-pro-0813.zip,True,True
big-open,scrutineer-vuln-scan,case_070,completed,deepseek-v4-pro,high,training-big-open.zip,train/scrutineer-vuln-scan/case_070,analyze/ds4_pro/deepseek-v4-pro-0813.zip,True,True
big-open,scrutineer-vuln-scan,case_071,completed,deepseek-v4-pro,high,training-big-open.zip,train/scrutineer-vuln-scan/case_071,analyze/ds4_pro/deepseek-v4-pro-0813.zip,True,True
big-open,scrutineer-vuln-scan,case_072,completed,deepseek-v4-pro,high,training-big-open.zip,train/scrutineer-vuln-scan/case_072,analyze/ds4_pro/deepseek-v4-pro-0813.zip,True,True
big-open,scrutineer-vuln-scan,case_073,completed,deepseek-v4-pro,high,training-big-open.zip,train/scrutineer-vuln-scan/case_073,analyze/ds4_pro/deepseek-v4-pro-0813.zip,True,True
big-open,scrutineer-vuln-scan,case_074,completed,deepseek-v4-pro,high,training-big-open.zip,train/scrutineer-vuln-scan/case_074,analyze/ds4_pro/deepseek-v4-pro-0813.zip,True,True
big-open,scrutineer-vuln-scan,case_075,completed,deepseek-v4-pro,high,training-big-open.zip,train/scrutineer-vuln-scan/case_075,analyze/ds4_pro/deepseek-v4-pro-0813.zip,True,True
big-open,scrutineer-vuln-scan,case_076,completed,deepseek-v4-pro,high,training-big-open.zip,train/scrutineer-vuln-scan/case_076,analyze/ds4_pro/deepseek-v4-pro-0813.zip,True,True
big-open,scrutineer-vuln-scan,case_077,completed,deepseek-v4-pro,high,training-big-open.zip,train/scrutineer-vuln-scan/case_077,analyze/ds4_pro/deepseek-v4-pro-0813.zip,True,True
big-open,scrutineer-vuln-scan,case_078,completed,deepseek-v4-pro,high,training-big-open.zip,train/scrutineer-vuln-scan/case_078,analyze/ds4_pro/deepseek-v4-pro-0813.zip,True,True
big-open,scrutineer-vuln-scan,case_079,completed,deepseek-v4-pro,high,training-big-open.zip,train/scrutineer-vuln-scan/case_079,analyze/ds4_pro/deepseek-v4-pro-0813.zip,True,True
big-open,scrutineer-vuln-scan,case_080,completed,deepseek-v4-pro,high,training-big-open.zip,train/scrutineer-vuln-scan/case_080,analyze/ds4_pro/deepseek-v4-pro-0813.zip,True,True
big-open,scrutineer-vuln-scan,case_081,completed,deepseek-v4-pro,high,training-big-open.zip,train/scrutineer-vuln-scan/case_081,analyze/ds4_pro/deepseek-v4-pro-0813.zip,True,True
big-open,scrutineer-vuln-scan,case_082,completed,deepseek-v4-pro,high,training-big-open.zip,train/scrutineer-vuln-scan/case_082,analyze/ds4_pro/deepseek-v4-pro-0813.zip,True,True
big-open,scrutineer-vuln-scan,case_083,completed,deepseek-v4-pro,high,training-big-open.zip,train/scrutineer-vuln-scan/case_083,analyze/ds4_pro/deepseek-v4-pro-0813.zip,True,True
big-open,scrutineer-vuln-scan,case_084,completed,deepseek-v4-pro,high,training-big-open.zip,train/scrutineer-vuln-scan/case_084,analyze/ds4_pro/deepseek-v4-pro-0813.zip,True,True
big-open,scrutineer-vuln-scan,case_085,completed,deepseek-v4-pro,high,training-big-open.zip,train/scrutineer-vuln-scan/case_085,analyze/ds4_pro/deepseek-v4-pro-0813.zip,True,True
big-open,scrutineer-vuln-scan,case_086,completed,deepseek-v4-pro,high,training-big-open.zip,train/scrutineer-vuln-scan/case_086,analyze/ds4_pro/deepseek-v4-pro-0813.zip,True,True
big-open,scrutineer-vuln-scan,case_087,completed,deepseek-v4-pro,high,training-big-open.zip,train/scrutineer-vuln-scan/case_087,analyze/ds4_pro/deepseek-v4-pro-0813.zip,True,True
big-open,scrutineer-vuln-scan,case_088,completed,deepseek-v4-pro,high,training-big-open.zip,train/scrutineer-vuln-scan/case_088,analyze/ds4_pro/deepseek-v4-pro-0813.zip,True,True
big-open,scrutineer-vuln-scan,case_089,completed,deepseek-v4-pro,high,training-big-open.zip,train/scrutineer-vuln-scan/case_089,analyze/ds4_pro/deepseek-v4-pro-0813.zip,True,True
big-open,scrutineer-vuln-scan,case_090,completed,deepseek-v4-pro,high,training-big-open.zip,train/scrutineer-vuln-scan/case_090,analyze/ds4_pro/deepseek-v4-pro-0813.zip,True,True
big-open,scrutineer-vuln-scan,case_091,completed,deepseek-v4-pro,high,training-big-open.zip,train/scrutineer-vuln-scan/case_091,analyze/ds4_pro/deepseek-v4-pro-0813.zip,True,True
big-open,scrutineer-vuln-scan,case_092,completed,deepseek-v4-pro,high,training-big-open.zip,train/scrutineer-vuln-scan/case_092,analyze/ds4_pro/deepseek-v4-pro-0813.zip,True,True
big-open,scrutineer-vuln-scan,case_093,completed,deepseek-v4-pro,high,training-big-open.zip,train/scrutineer-vuln-scan/case_093,analyze/ds4_pro/deepseek-v4-pro-0813.zip,True,True
big-open,scrutineer-vuln-scan,case_094,completed,deepseek-v4-pro,high,training-big-open.zip,train/scrutineer-vuln-scan/case_094,analyze/ds4_pro/deepseek-v4-pro-0813.zip,True,True
big-open,scrutineer-vuln-scan,case_095,completed,deepseek-v4-pro,high,training-big-open.zip,train/scrutineer-vuln-scan/case_095,analyze/ds4_pro/deepseek-v4-pro-0813.zip,True,True
big-open,scrutineer-vuln-scan,case_096,completed,deepseek-v4-pro,high,training-big-open.zip,train/scrutineer-vuln-scan/case_096,analyze/ds4_pro/deepseek-v4-pro-0813.zip,True,True
big-open,scrutineer-vuln-scan,case_097,completed,deepseek-v4-pro,high,training-big-open.zip,train/scrutineer-vuln-scan/case_097,analyze/ds4_pro/deepseek-v4-pro-0813.zip,True,True
big-open,scrutineer-vuln-scan,case_098,completed,deepseek-v4-pro,high,training-big-open.zip,train/scrutineer-vuln-scan/case_098,analyze/ds4_pro/deepseek-v4-pro-0813.zip,True,True
big-open,scrutineer-vuln-scan,case_099,completed,deepseek-v4-pro,high,training-big-open.zip,train/scrutineer-vuln-scan/case_099,analyze/ds4_pro/deepseek-v4-pro-0813.zip,True,True
big-open,scrutineer-vuln-scan,case_100,completed,deepseek-v4-pro,high,training-big-open.zip,train/scrutineer-vuln-scan/case_100,analyze/ds4_pro/deepseek-v4-pro-0813.zip,True,True
big-open,secure-code-review,case_001,completed,deepseek-v4-pro,high,training-big-open.zip,train/secure-code-review/case_001,analyze/ds4_pro/deepseek-v4-pro-0813.zip,True,True
big-open,secure-code-review,case_002,completed,deepseek-v4-pro,high,training-big-open.zip,train/secure-code-review/case_002,analyze/ds4_pro/deepseek-v4-pro-0813.zip,True,True
big-open,secure-code-review,case_003,completed,deepseek-v4-pro,high,training-big-open.zip,train/secure-code-review/case_003,analyze/ds4_pro/deepseek-v4-pro-0813.zip,True,True
big-open,secure-code-review,case_004,completed,deepseek-v4-pro,high,training-big-open.zip,train/secure-code-review/case_004,analyze/ds4_pro/deepseek-v4-pro-0813.zip,True,True
big-open,secure-code-review,case_005,completed,deepseek-v4-pro,high,training-big-open.zip,train/secure-code-review/case_005,analyze/ds4_pro/deepseek-v4-pro-0813.zip,True,True
big-open,secure-code-review,case_006,completed,deepseek-v4-pro,high,training-big-open.zip,train/secure-code-review/case_006,analyze/ds4_pro/deepseek-v4-pro-0813.zip,True,True
big-open,secure-code-review,case_007,completed,deepseek-v4-pro,high,training-big-open.zip,train/secure-code-review/case_007,analyze/ds4_pro/deepseek-v4-pro-0813.zip,True,True
big-open,secure-code-review,case_008,completed,deepseek-v4-pro,high,training-big-open.zip,train/secure-code-review/case_008,analyze/ds4_pro/deepseek-v4-pro-0813.zip,True,True
big-open,secure-code-review,case_009,completed,deepseek-v4-pro,high,training-big-open.zip,train/secure-code-review/case_009,analyze/ds4_pro/deepseek-v4-pro-0813.zip,True,True
big-open,secure-code-review,case_010,completed,deepseek-v4-pro,high,training-big-open.zip,train/secure-code-review/case_010,analyze/ds4_pro/deepseek-v4-pro-0813.zip,True,True
big-open,secure-code-review,case_011,completed,deepseek-v4-pro,high,training-big-open.zip,train/secure-code-review/case_011,analyze/ds4_pro/deepseek-v4-pro-0813.zip,True,True
big-open,secure-code-review,case_012,completed,deepseek-v4-pro,high,training-big-open.zip,train/secure-code-review/case_012,analyze/ds4_pro/deepseek-v4-pro-0813.zip,True,True
big-open,secure-code-review,case_013,completed,deepseek-v4-pro,high,training-big-open.zip,train/secure-code-review/case_013,analyze/ds4_pro/deepseek-v4-pro-0813.zip,True,True
big-open,secure-code-review,case_014,completed,deepseek-v4-pro,high,training-big-open.zip,train/secure-code-review/case_014,analyze/ds4_pro/deepseek-v4-pro-0813.zip,True,True
big-open,secure-code-review,case_015,completed,deepseek-v4-pro,high,training-big-open.zip,train/secure-code-review/case_015,analyze/ds4_pro/deepseek-v4-pro-0813.zip,True,True
big-open,secure-code-review,case_016,completed,deepseek-v4-pro,high,training-big-open.zip,train/secure-code-review/case_016,analyze/ds4_pro/deepseek-v4-pro-0813.zip,True,True
big-open,secure-code-review,case_017,completed,deepseek-v4-pro,high,training-big-open.zip,train/secure-code-review/case_017,analyze/ds4_pro/deepseek-v4-pro-0813.zip,True,True
big-open,secure-code-review,case_018,completed,deepseek-v4-pro,high,training-big-open.zip,train/secure-code-review/case_018,analyze/ds4_pro/deepseek-v4-pro-0813.zip,True,True
big-open,secure-code-review,case_019,completed,deepseek-v4-pro,high,training-big-open.zip,train/secure-code-review/case_019,analyze/ds4_pro/deepseek-v4-pro-0813.zip,True,True
big-open,secure-code-review,case_020,completed,deepseek-v4-pro,high,training-big-open.zip,train/secure-code-review/case_020,analyze/ds4_pro/deepseek-v4-pro-0813.zip,True,True
big-open,secure-code-review,case_021,completed,deepseek-v4-pro,high,training-big-open.zip,train/secure-code-review/case_021,analyze/ds4_pro/deepseek-v4-pro-0813.zip,True,True
big-open,secure-code-review,case_022,completed,deepseek-v4-pro,high,training-big-open.zip,train/secure-code-review/case_022,analyze/ds4_pro/deepseek-v4-pro-0813.zip,True,True
big-open,secure-code-review,case_023,completed,deepseek-v4-pro,high,training-big-open.zip,train/secure-code-review/case_023,analyze/ds4_pro/deepseek-v4-pro-0813.zip,True,True
big-open,secure-code-review,case_024,completed,deepseek-v4-pro,high,training-big-open.zip,train/secure-code-review/case_024,analyze/ds4_pro/deepseek-v4-pro-0813.zip,True,True
big-open,secure-code-review,case_025,completed,deepseek-v4-pro,high,training-big-open.zip,train/secure-code-review/case_025,analyze/ds4_pro/deepseek-v4-pro-0813.zip,True,True
big-open,secure-code-review,case_026,completed,deepseek-v4-pro,high,training-big-open.zip,train/secure-code-review/case_026,analyze/ds4_pro/deepseek-v4-pro-0813.zip,True,True
big-open,secure-code-review,case_027,completed,deepseek-v4-pro,high,training-big-open.zip,train/secure-code-review/case_027,analyze/ds4_pro/deepseek-v4-pro-0813.zip,True,True
big-open,secure-code-review,case_028,completed,deepseek-v4-pro,high,training-big-open.zip,train/secure-code-review/case_028,analyze/ds4_pro/deepseek-v4-pro-0813.zip,True,True
big-open,secure-code-review,case_029,completed,deepseek-v4-pro,high,training-big-open.zip,train/secure-code-review/case_029,analyze/ds4_pro/deepseek-v4-pro-0813.zip,True,True
big-open,secure-code-review,case_030,completed,deepseek-v4-pro,high,training-big-open.zip,train/secure-code-review/case_030,analyze/ds4_pro/deepseek-v4-pro-0813.zip,True,True
big-open,secure-code-review,case_031,completed,deepseek-v4-pro,high,training-big-open.zip,train/secure-code-review/case_031,analyze/ds4_pro/deepseek-v4-pro-0813.zip,True,True
big-open,secure-code-review,case_032,completed,deepseek-v4-pro,high,training-big-open.zip,train/secure-code-review/case_032,analyze/ds4_pro/deepseek-v4-pro-0813.zip,True,True
big-open,secure-code-review,case_033,completed,deepseek-v4-pro,high,training-big-open.zip,train/secure-code-review/case_033,analyze/ds4_pro/deepseek-v4-pro-0813.zip,True,True
big-open,secure-code-review,case_034,completed,deepseek-v4-pro,high,training-big-open.zip,train/secure-code-review/case_034,analyze/ds4_pro/deepseek-v4-pro-0813.zip,True,True
big-open,secure-code-review,case_035,completed,deepseek-v4-pro,high,training-big-open.zip,train/secure-code-review/case_035,analyze/ds4_pro/deepseek-v4-pro-0813.zip,True,True
big-open,secure-code-review,case_036,completed,deepseek-v4-pro,high,training-big-open.zip,train/secure-code-review/case_036,analyze/ds4_pro/deepseek-v4-pro-0813.zip,True,True
big-open,secure-code-review,case_037,completed,deepseek-v4-pro,high,training-big-open.zip,train/secure-code-review/case_037,analyze/ds4_pro/deepseek-v4-pro-0813.zip,True,True
big-open,secure-code-review,case_038,completed,deepseek-v4-pro,high,training-big-open.zip,train/secure-code-review/case_038,analyze/ds4_pro/deepseek-v4-pro-0813.zip,True,True
big-open,secure-code-review,case_039,completed,deepseek-v4-pro,high,training-big-open.zip,train/secure-code-review/case_039,analyze/ds4_pro/deepseek-v4-pro-0813.zip,True,True
big-open,secure-code-review,case_040,completed,deepseek-v4-pro,high,training-big-open.zip,train/secure-code-review/case_040,analyze/ds4_pro/deepseek-v4-pro-0813.zip,True,True
big-open,secure-code-review,case_041,completed,deepseek-v4-pro,high,training-big-open.zip,train/secure-code-review/case_041,analyze/ds4_pro/deepseek-v4-pro-0813.zip,True,True
big-open,secure-code-review,case_042,completed,deepseek-v4-pro,high,training-big-open.zip,train/secure-code-review/case_042,analyze/ds4_pro/deepseek-v4-pro-0813.zip,True,True
big-open,secure-code-review,case_043,completed,deepseek-v4-pro,high,training-big-open.zip,train/secure-code-review/case_043,analyze/ds4_pro/deepseek-v4-pro-0813.zip,True,True
big-open,secure-code-review,case_044,completed,deepseek-v4-pro,high,training-big-open.zip,train/secure-code-review/case_044,analyze/ds4_pro/deepseek-v4-pro-0813.zip,True,True
big-open,secure-code-review,case_045,completed,deepseek-v4-pro,high,training-big-open.zip,train/secure-code-review/case_045,analyze/ds4_pro/deepseek-v4-pro-0813.zip,True,True
big-open,secure-code-review,case_046,completed,deepseek-v4-pro,high,training-big-open.zip,train/secure-code-review/case_046,analyze/ds4_pro/deepseek-v4-pro-0813.zip,True,True
big-open,secure-code-review,case_047,completed,deepseek-v4-pro,high,training-big-open.zip,train/secure-code-review/case_047,analyze/ds4_pro/deepseek-v4-pro-0813.zip,True,True
big-open,secure-code-review,case_048,completed,deepseek-v4-pro,high,training-big-open.zip,train/secure-code-review/case_048,analyze/ds4_pro/deepseek-v4-pro-0813.zip,True,True
big-open,secure-code-review,case_049,completed,deepseek-v4-pro,high,training-big-open.zip,train/secure-code-review/case_049,analyze/ds4_pro/deepseek-v4-pro-0813.zip,True,True
big-open,secure-code-review,case_050,completed,deepseek-v4-pro,high,training-big-open.zip,train/secure-code-review/case_050,analyze/ds4_pro/deepseek-v4-pro-0813.zip,True,True
big-open,secure-code-review,case_051,completed,deepseek-v4-pro,high,training-big-open.zip,train/secure-code-review/case_051,analyze/ds4_pro/deepseek-v4-pro-0813.zip,True,True
big-open,secure-code-review,case_052,completed,deepseek-v4-pro,high,training-big-open.zip,train/secure-code-review/case_052,analyze/ds4_pro/deepseek-v4-pro-0813.zip,True,True
big-open,secure-code-review,case_053,completed,deepseek-v4-pro,high,training-big-open.zip,train/secure-code-review/case_053,analyze/ds4_pro/deepseek-v4-pro-0813.zip,True,True
big-open,secure-code-review,case_054,completed,deepseek-v4-pro,high,training-big-open.zip,train/secure-code-review/case_054,analyze/ds4_pro/deepseek-v4-pro-0813.zip,True,True
big-open,secure-code-review,case_055,completed,deepseek-v4-pro,high,training-big-open.zip,train/secure-code-review/case_055,analyze/ds4_pro/deepseek-v4-pro-0813.zip,True,True
big-open,secure-code-review,case_056,completed,deepseek-v4-pro,high,training-big-open.zip,train/secure-code-review/case_056,analyze/ds4_pro/deepseek-v4-pro-0813.zip,True,True
big-open,secure-code-review,case_057,completed,deepseek-v4-pro,high,training-big-open.zip,train/secure-code-review/case_057,analyze/ds4_pro/deepseek-v4-pro-0813.zip,True,True
big-open,secure-code-review,case_058,completed,deepseek-v4-pro,high,training-big-open.zip,train/secure-code-review/case_058,analyze/ds4_pro/deepseek-v4-pro-0813.zip,True,True
big-open,secure-code-review,case_059,completed,deepseek-v4-pro,high,training-big-open.zip,train/secure-code-review/case_059,analyze/ds4_pro/deepseek-v4-pro-0813.zip,True,True
big-open,secure-code-review,case_060,completed,deepseek-v4-pro,high,training-big-open.zip,train/secure-code-review/case_060,analyze/ds4_pro/deepseek-v4-pro-0813.zip,True,True
big-open,secure-code-review,case_061,completed,deepseek-v4-pro,high,training-big-open.zip,train/secure-code-review/case_061,analyze/ds4_pro/deepseek-v4-pro-0813.zip,True,True
big-open,secure-code-review,case_062,completed,deepseek-v4-pro,high,training-big-open.zip,train/secure-code-review/case_062,analyze/ds4_pro/deepseek-v4-pro-0813.zip,True,True
big-open,secure-code-review,case_063,completed,deepseek-v4-pro,high,training-big-open.zip,train/secure-code-review/case_063,analyze/ds4_pro/deepseek-v4-pro-0813.zip,True,True
big-open,secure-code-review,case_064,completed,deepseek-v4-pro,high,training-big-open.zip,train/secure-code-review/case_064,analyze/ds4_pro/deepseek-v4-pro-0813.zip,True,True
big-open,secure-code-review,case_065,completed,deepseek-v4-pro,high,training-big-open.zip,train/secure-code-review/case_065,analyze/ds4_pro/deepseek-v4-pro-0813.zip,True,True
big-open,secure-code-review,case_066,completed,deepseek-v4-pro,high,training-big-open.zip,train/secure-code-review/case_066,analyze/ds4_pro/deepseek-v4-pro-0813.zip,True,True
big-open,secure-code-review,case_067,completed,deepseek-v4-pro,high,training-big-open.zip,train/secure-code-review/case_067,analyze/ds4_pro/deepseek-v4-pro-0813.zip,True,True
big-open,secure-code-review,case_068,completed,deepseek-v4-pro,high,training-big-open.zip,train/secure-code-review/case_068,analyze/ds4_pro/deepseek-v4-pro-0813.zip,True,True
big-open,secure-code-review,case_069,completed,deepseek-v4-pro,high,training-big-open.zip,train/secure-code-review/case_069,analyze/ds4_pro/deepseek-v4-pro-0813.zip,True,True
big-open,secure-code-review,case_070,completed,deepseek-v4-pro,high,training-big-open.zip,train/secure-code-review/case_070,analyze/ds4_pro/deepseek-v4-pro-0813.zip,True,True
big-open,secure-code-review,case_071,completed,deepseek-v4-pro,high,training-big-open.zip,train/secure-code-review/case_071,analyze/ds4_pro/deepseek-v4-pro-0813.zip,True,True
big-open,secure-code-review,case_072,completed,deepseek-v4-pro,high,training-big-open.zip,train/secure-code-review/case_072,analyze/ds4_pro/deepseek-v4-pro-0813.zip,True,True
big-open,secure-code-review,case_073,completed,deepseek-v4-pro,high,training-big-open.zip,train/secure-code-review/case_073,analyze/ds4_pro/deepseek-v4-pro-0813.zip,True,True
big-open,secure-code-review,case_074,completed,deepseek-v4-pro,high,training-big-open.zip,train/secure-code-review/case_074,analyze/ds4_pro/deepseek-v4-pro-0813.zip,True,True
big-open,secure-code-review,case_075,completed,deepseek-v4-pro,high,training-big-open.zip,train/secure-code-review/case_075,analyze/ds4_pro/deepseek-v4-pro-0813.zip,True,True
big-open,secure-code-review,case_076,completed,deepseek-v4-pro,high,training-big-open.zip,train/secure-code-review/case_076,analyze/ds4_pro/deepseek-v4-pro-0813.zip,True,True
big-open,secure-code-review,case_077,completed,deepseek-v4-pro,high,training-big-open.zip,train/secure-code-review/case_077,analyze/ds4_pro/deepseek-v4-pro-0813.zip,True,True
big-open,secure-code-review,case_078,completed,deepseek-v4-pro,high,training-big-open.zip,train/secure-code-review/case_078,analyze/ds4_pro/deepseek-v4-pro-0813.zip,True,True
big-open,secure-code-review,case_079,completed,deepseek-v4-pro,high,training-big-open.zip,train/secure-code-review/case_079,analyze/ds4_pro/deepseek-v4-pro-0813.zip,True,True
big-open,secure-code-review,case_080,completed,deepseek-v4-pro,high,training-big-open.zip,train/secure-code-review/case_080,analyze/ds4_pro/deepseek-v4-pro-0813.zip,True,True
big-open,secure-code-review,case_081,completed,deepseek-v4-pro,high,training-big-open.zip,train/secure-code-review/case_081,analyze/ds4_pro/deepseek-v4-pro-0813.zip,True,True
big-open,secure-code-review,case_082,completed,deepseek-v4-pro,high,training-big-open.zip,train/secure-code-review/case_082,analyze/ds4_pro/deepseek-v4-pro-0813.zip,True,True
big-open,secure-code-review,case_083,completed,deepseek-v4-pro,high,training-big-open.zip,train/secure-code-review/case_083,analyze/ds4_pro/deepseek-v4-pro-0813.zip,True,True
big-open,secure-code-review,case_084,completed,deepseek-v4-pro,high,training-big-open.zip,train/secure-code-review/case_084,analyze/ds4_pro/deepseek-v4-pro-0813.zip,True,True
big-open,secure-code-review,case_085,completed,deepseek-v4-pro,high,training-big-open.zip,train/secure-code-review/case_085,analyze/ds4_pro/deepseek-v4-pro-0813.zip,True,True
big-open,secure-code-review,case_086,completed,deepseek-v4-pro,high,training-big-open.zip,train/secure-code-review/case_086,analyze/ds4_pro/deepseek-v4-pro-0813.zip,True,True
big-open,secure-code-review,case_087,completed,deepseek-v4-pro,high,training-big-open.zip,train/secure-code-review/case_087,analyze/ds4_pro/deepseek-v4-pro-0813.zip,True,True
big-open,secure-code-review,case_088,completed,deepseek-v4-pro,high,training-big-open.zip,train/secure-code-review/case_088,analyze/ds4_pro/deepseek-v4-pro-0813.zip,True,True
big-open,secure-code-review,case_089,completed,deepseek-v4-pro,high,training-big-open.zip,train/secure-code-review/case_089,analyze/ds4_pro/deepseek-v4-pro-0813.zip,True,True
big-open,secure-code-review,case_090,completed,deepseek-v4-pro,high,training-big-open.zip,train/secure-code-review/case_090,analyze/ds4_pro/deepseek-v4-pro-0813.zip,True,True
big-open,secure-code-review,case_091,completed,deepseek-v4-pro,high,training-big-open.zip,train/secure-code-review/case_091,analyze/ds4_pro/deepseek-v4-pro-0813.zip,True,True
big-open,secure-code-review,case_092,completed,deepseek-v4-pro,high,training-big-open.zip,train/secure-code-review/case_092,analyze/ds4_pro/deepseek-v4-pro-0813.zip,True,True
big-open,secure-code-review,case_093,completed,deepseek-v4-pro,high,training-big-open.zip,train/secure-code-review/case_093,analyze/ds4_pro/deepseek-v4-pro-0813.zip,True,True
big-open,secure-code-review,case_094,completed,deepseek-v4-pro,high,training-big-open.zip,train/secure-code-review/case_094,analyze/ds4_pro/deepseek-v4-pro-0813.zip,True,True
big-open,secure-code-review,case_095,completed,deepseek-v4-pro,high,training-big-open.zip,train/secure-code-review/case_095,analyze/ds4_pro/deepseek-v4-pro-0813.zip,True,True
big-open,secure-code-review,case_096,completed,deepseek-v4-pro,high,training-big-open.zip,train/secure-code-review/case_096,analyze/ds4_pro/deepseek-v4-pro-0813.zip,True,True
big-open,secure-code-review,case_097,completed,deepseek-v4-pro,high,training-big-open.zip,train/secure-code-review/case_097,analyze/ds4_pro/deepseek-v4-pro-0813.zip,True,True
big-open,secure-code-review,case_098,completed,deepseek-v4-pro,high,training-big-open.zip,train/secure-code-review/case_098,analyze/ds4_pro/deepseek-v4-pro-0813.zip,True,True
big-open,secure-code-review,case_099,completed,deepseek-v4-pro,high,training-big-open.zip,train/secure-code-review/case_099,analyze/ds4_pro/deepseek-v4-pro-0813.zip,True,True
big-open,secure-code-review,case_100,completed,deepseek-v4-pro,high,training-big-open.zip,train/secure-code-review/case_100,analyze/ds4_pro/deepseek-v4-pro-0813.zip,True,True
big-open,security-auditor,case_001,completed,deepseek/deepseek-v4-pro-0813,high,training-big-open.zip,train/security-auditor/case_001,analyze/ds4_pro/deepseek-v4-pro-0813.zip,True,True
big-open,security-auditor,case_002,completed,deepseek/deepseek-v4-pro-0813,high,training-big-open.zip,train/security-auditor/case_002,analyze/ds4_pro/deepseek-v4-pro-0813.zip,True,True
big-open,security-auditor,case_003,completed,deepseek/deepseek-v4-pro-0813,high,training-big-open.zip,train/security-auditor/case_003,analyze/ds4_pro/deepseek-v4-pro-0813.zip,True,True
big-open,security-auditor,case_004,completed,deepseek/deepseek-v4-pro-0813,high,training-big-open.zip,train/security-auditor/case_004,analyze/ds4_pro/deepseek-v4-pro-0813.zip,True,True
big-open,security-auditor,case_005,completed,deepseek/deepseek-v4-pro-0813,high,training-big-open.zip,train/security-auditor/case_005,analyze/ds4_pro/deepseek-v4-pro-0813.zip,True,True
big-open,security-auditor,case_006,completed,deepseek/deepseek-v4-pro-0813,high,training-big-open.zip,train/security-auditor/case_006,analyze/ds4_pro/deepseek-v4-pro-0813.zip,True,True
big-open,security-auditor,case_007,completed,deepseek/deepseek-v4-pro-0813,high,training-big-open.zip,train/security-auditor/case_007,analyze/ds4_pro/deepseek-v4-pro-0813.zip,True,True
big-open,security-auditor,case_008,completed,deepseek/deepseek-v4-pro-0813,high,training-big-open.zip,train/security-auditor/case_008,analyze/ds4_pro/deepseek-v4-pro-0813.zip,True,True
big-open,security-auditor,case_009,completed,deepseek/deepseek-v4-pro-0813,high,training-big-open.zip,train/security-auditor/case_009,analyze/ds4_pro/deepseek-v4-pro-0813.zip,True,True
big-open,security-auditor,case_010,completed,deepseek/deepseek-v4-pro-0813,high,training-big-open.zip,train/security-auditor/case_010,analyze/ds4_pro/deepseek-v4-pro-0813.zip,True,True
big-open,security-auditor,case_011,completed,deepseek/deepseek-v4-pro-0813,high,training-big-open.zip,train/security-auditor/case_011,analyze/ds4_pro/deepseek-v4-pro-0813.zip,True,True
big-open,security-auditor,case_012,completed,deepseek/deepseek-v4-pro-0813,high,training-big-open.zip,train/security-auditor/case_012,analyze/ds4_pro/deepseek-v4-pro-0813.zip,True,True
big-open,security-auditor,case_013,completed,deepseek/deepseek-v4-pro-0813,high,training-big-open.zip,train/security-auditor/case_013,analyze/ds4_pro/deepseek-v4-pro-0813.zip,True,True
big-open,security-auditor,case_014,completed,deepseek/deepseek-v4-pro-0813,high,training-big-open.zip,train/security-auditor/case_014,analyze/ds4_pro/deepseek-v4-pro-0813.zip,True,True
big-open,security-auditor,case_015,completed,deepseek/deepseek-v4-pro-0813,high,training-big-open.zip,train/security-auditor/case_015,analyze/ds4_pro/deepseek-v4-pro-0813.zip,True,True
big-open,security-auditor,case_016,completed,deepseek/deepseek-v4-pro-0813,high,training-big-open.zip,train/security-auditor/case_016,analyze/ds4_pro/deepseek-v4-pro-0813.zip,True,True
big-open,security-auditor,case_017,completed,deepseek/deepseek-v4-pro-0813,high,training-big-open.zip,train/security-auditor/case_017,analyze/ds4_pro/deepseek-v4-pro-0813.zip,True,True
big-open,security-auditor,case_018,completed,deepseek/deepseek-v4-pro-0813,high,training-big-open.zip,train/security-auditor/case_018,analyze/ds4_pro/deepseek-v4-pro-0813.zip,True,True
big-open,security-auditor,case_019,completed,deepseek/deepseek-v4-pro-0813,high,training-big-open.zip,train/security-auditor/case_019,analyze/ds4_pro/deepseek-v4-pro-0813.zip,True,True
big-open,security-auditor,case_020,completed,deepseek/deepseek-v4-pro-0813,high,training-big-open.zip,train/security-auditor/case_020,analyze/ds4_pro/deepseek-v4-pro-0813.zip,True,True
big-open,security-auditor,case_021,completed,deepseek/deepseek-v4-pro-0813,high,training-big-open.zip,train/security-auditor/case_021,analyze/ds4_pro/deepseek-v4-pro-0813.zip,True,True
big-open,security-auditor,case_022,completed,deepseek/deepseek-v4-pro-0813,high,training-big-open.zip,train/security-auditor/case_022,analyze/ds4_pro/deepseek-v4-pro-0813.zip,True,True
big-open,security-auditor,case_023,completed,deepseek/deepseek-v4-pro-0813,high,training-big-open.zip,train/security-auditor/case_023,analyze/ds4_pro/deepseek-v4-pro-0813.zip,True,True
big-open,security-auditor,case_024,completed,deepseek/deepseek-v4-pro-0813,high,training-big-open.zip,train/security-auditor/case_024,analyze/ds4_pro/deepseek-v4-pro-0813.zip,True,True
big-open,security-auditor,case_025,completed,deepseek/deepseek-v4-pro-0813,high,training-big-open.zip,train/security-auditor/case_025,analyze/ds4_pro/deepseek-v4-pro-0813.zip,True,True
big-open,security-auditor,case_026,completed,deepseek/deepseek-v4-pro-0813,high,training-big-open.zip,train/security-auditor/case_026,analyze/ds4_pro/deepseek-v4-pro-0813.zip,True,True
big-open,security-auditor,case_027,completed,deepseek/deepseek-v4-pro-0813,high,training-big-open.zip,train/security-auditor/case_027,analyze/ds4_pro/deepseek-v4-pro-0813.zip,True,True
big-open,security-auditor,case_028,completed,deepseek/deepseek-v4-pro-0813,high,training-big-open.zip,train/security-auditor/case_028,analyze/ds4_pro/deepseek-v4-pro-0813.zip,True,True
big-open,security-auditor,case_029,completed,deepseek/deepseek-v4-pro-0813,high,training-big-open.zip,train/security-auditor/case_029,analyze/ds4_pro/deepseek-v4-pro-0813.zip,True,True
big-open,security-auditor,case_030,completed,deepseek/deepseek-v4-pro-0813,high,training-big-open.zip,train/security-auditor/case_030,analyze/ds4_pro/deepseek-v4-pro-0813.zip,True,True
big-open,security-auditor,case_031,completed,deepseek/deepseek-v4-pro-0813,high,training-big-open.zip,train/security-auditor/case_031,analyze/ds4_pro/deepseek-v4-pro-0813.zip,True,True
big-open,security-auditor,case_032,completed,deepseek/deepseek-v4-pro-0813,high,training-big-open.zip,train/security-auditor/case_032,analyze/ds4_pro/deepseek-v4-pro-0813.zip,True,True
big-open,security-auditor,case_033,completed,deepseek/deepseek-v4-pro-0813,high,training-big-open.zip,train/security-auditor/case_033,analyze/ds4_pro/deepseek-v4-pro-0813.zip,True,True
big-open,security-auditor,case_034,completed,deepseek/deepseek-v4-pro-0813,high,training-big-open.zip,train/security-auditor/case_034,analyze/ds4_pro/deepseek-v4-pro-0813.zip,True,True
big-open,security-auditor,case_035,completed,deepseek/deepseek-v4-pro-0813,high,training-big-open.zip,train/security-auditor/case_035,analyze/ds4_pro/deepseek-v4-pro-0813.zip,True,True
big-open,security-auditor,case_036,completed,deepseek/deepseek-v4-pro-0813,high,training-big-open.zip,train/security-auditor/case_036,analyze/ds4_pro/deepseek-v4-pro-0813.zip,True,True
big-open,security-auditor,case_037,completed,deepseek/deepseek-v4-pro-0813,high,training-big-open.zip,train/security-auditor/case_037,analyze/ds4_pro/deepseek-v4-pro-0813.zip,True,True
big-open,security-auditor,case_038,completed,deepseek/deepseek-v4-pro-0813,high,training-big-open.zip,train/security-auditor/case_038,analyze/ds4_pro/deepseek-v4-pro-0813.zip,True,True
big-open,security-auditor,case_039,completed,deepseek/deepseek-v4-pro-0813,high,training-big-open.zip,train/security-auditor/case_039,analyze/ds4_pro/deepseek-v4-pro-0813.zip,True,True
big-open,security-auditor,case_040,completed,deepseek/deepseek-v4-pro-0813,high,training-big-open.zip,train/security-auditor/case_040,analyze/ds4_pro/deepseek-v4-pro-0813.zip,True,True
big-open,security-auditor,case_041,completed,deepseek/deepseek-v4-pro-0813,high,training-big-open.zip,train/security-auditor/case_041,analyze/ds4_pro/deepseek-v4-pro-0813.zip,True,True
big-open,security-auditor,case_042,completed,deepseek/deepseek-v4-pro-0813,high,training-big-open.zip,train/security-auditor/case_042,analyze/ds4_pro/deepseek-v4-pro-0813.zip,True,True
big-open,security-auditor,case_043,completed,deepseek/deepseek-v4-pro-0813,high,training-big-open.zip,train/security-auditor/case_043,analyze/ds4_pro/deepseek-v4-pro-0813.zip,True,True
big-open,security-auditor,case_044,completed,deepseek/deepseek-v4-pro-0813,high,training-big-open.zip,train/security-auditor/case_044,analyze/ds4_pro/deepseek-v4-pro-0813.zip,True,True
big-open,security-auditor,case_045,completed,deepseek/deepseek-v4-pro-0813,high,training-big-open.zip,train/security-auditor/case_045,analyze/ds4_pro/deepseek-v4-pro-0813.zip,True,True
big-open,security-auditor,case_046,completed,deepseek/deepseek-v4-pro-0813,high,training-big-open.zip,train/security-auditor/case_046,analyze/ds4_pro/deepseek-v4-pro-0813.zip,True,True
big-open,security-auditor,case_047,completed,deepseek/deepseek-v4-pro-0813,high,training-big-open.zip,train/security-auditor/case_047,analyze/ds4_pro/deepseek-v4-pro-0813.zip,True,True
big-open,security-auditor,case_048,completed,deepseek/deepseek-v4-pro-0813,high,training-big-open.zip,train/security-auditor/case_048,analyze/ds4_pro/deepseek-v4-pro-0813.zip,True,True
big-open,security-auditor,case_049,completed,deepseek/deepseek-v4-pro-0813,high,training-big-open.zip,train/security-auditor/case_049,analyze/ds4_pro/deepseek-v4-pro-0813.zip,True,True
big-open,security-auditor,case_050,completed,deepseek/deepseek-v4-pro-0813,high,training-big-open.zip,train/security-auditor/case_050,analyze/ds4_pro/deepseek-v4-pro-0813.zip,True,True
big-open,security-auditor,case_051,completed,deepseek/deepseek-v4-pro-0813,high,training-big-open.zip,train/security-auditor/case_051,analyze/ds4_pro/deepseek-v4-pro-0813.zip,True,True
big-open,security-auditor,case_052,completed,deepseek/deepseek-v4-pro-0813,high,training-big-open.zip,train/security-auditor/case_052,analyze/ds4_pro/deepseek-v4-pro-0813.zip,True,True
big-open,security-auditor,case_053,completed,deepseek/deepseek-v4-pro-0813,high,training-big-open.zip,train/security-auditor/case_053,analyze/ds4_pro/deepseek-v4-pro-0813.zip,True,True
big-open,security-auditor,case_054,completed,deepseek/deepseek-v4-pro-0813,high,training-big-open.zip,train/security-auditor/case_054,analyze/ds4_pro/deepseek-v4-pro-0813.zip,True,True
big-open,security-auditor,case_055,completed,deepseek/deepseek-v4-pro-0813,high,training-big-open.zip,train/security-auditor/case_055,analyze/ds4_pro/deepseek-v4-pro-0813.zip,True,True
big-open,security-auditor,case_056,completed,deepseek/deepseek-v4-pro-0813,high,training-big-open.zip,train/security-auditor/case_056,analyze/ds4_pro/deepseek-v4-pro-0813.zip,True,True
big-open,security-auditor,case_057,completed,deepseek/deepseek-v4-pro-0813,high,training-big-open.zip,train/security-auditor/case_057,analyze/ds4_pro/deepseek-v4-pro-0813.zip,True,True
big-open,security-auditor,case_058,completed,deepseek/deepseek-v4-pro-0813,high,training-big-open.zip,train/security-auditor/case_058,analyze/ds4_pro/deepseek-v4-pro-0813.zip,True,True
big-open,security-auditor,case_059,completed,deepseek/deepseek-v4-pro-0813,high,training-big-open.zip,train/security-auditor/case_059,analyze/ds4_pro/deepseek-v4-pro-0813.zip,True,True
big-open,security-auditor,case_060,completed,deepseek/deepseek-v4-pro-0813,high,training-big-open.zip,train/security-auditor/case_060,analyze/ds4_pro/deepseek-v4-pro-0813.zip,True,True
big-open,security-auditor,case_061,completed,deepseek/deepseek-v4-pro-0813,high,training-big-open.zip,train/security-auditor/case_061,analyze/ds4_pro/deepseek-v4-pro-0813.zip,True,True
big-open,security-auditor,case_062,completed,deepseek/deepseek-v4-pro-0813,high,training-big-open.zip,train/security-auditor/case_062,analyze/ds4_pro/deepseek-v4-pro-0813.zip,True,True
big-open,security-auditor,case_063,completed,deepseek/deepseek-v4-pro-0813,high,training-big-open.zip,train/security-auditor/case_063,analyze/ds4_pro/deepseek-v4-pro-0813.zip,True,True
big-open,security-auditor,case_064,completed,deepseek/deepseek-v4-pro-0813,high,training-big-open.zip,train/security-auditor/case_064,analyze/ds4_pro/deepseek-v4-pro-0813.zip,True,True
big-open,security-auditor,case_065,completed,deepseek/deepseek-v4-pro-0813,high,training-big-open.zip,train/security-auditor/case_065,analyze/ds4_pro/deepseek-v4-pro-0813.zip,True,True
big-open,security-auditor,case_066,completed,deepseek/deepseek-v4-pro-0813,high,training-big-open.zip,train/security-auditor/case_066,analyze/ds4_pro/deepseek-v4-pro-0813.zip,True,True
big-open,security-auditor,case_067,completed,deepseek/deepseek-v4-pro-0813,high,training-big-open.zip,train/security-auditor/case_067,analyze/ds4_pro/deepseek-v4-pro-0813.zip,True,True
big-open,security-auditor,case_068,completed,deepseek/deepseek-v4-pro-0813,high,training-big-open.zip,train/security-auditor/case_068,analyze/ds4_pro/deepseek-v4-pro-0813.zip,True,True
big-open,security-auditor,case_069,completed,deepseek/deepseek-v4-pro-0813,high,training-big-open.zip,train/security-auditor/case_069,analyze/ds4_pro/deepseek-v4-pro-0813.zip,True,True
big-open,security-auditor,case_070,completed,deepseek/deepseek-v4-pro-0813,high,training-big-open.zip,train/security-auditor/case_070,analyze/ds4_pro/deepseek-v4-pro-0813.zip,True,True
big-open,security-auditor,case_071,completed,deepseek/deepseek-v4-pro-0813,high,training-big-open.zip,train/security-auditor/case_071,analyze/ds4_pro/deepseek-v4-pro-0813.zip,True,True
big-open,security-auditor,case_072,completed,deepseek/deepseek-v4-pro-0813,high,training-big-open.zip,train/security-auditor/case_072,analyze/ds4_pro/deepseek-v4-pro-0813.zip,True,True
big-open,security-auditor,case_073,completed,deepseek/deepseek-v4-pro-0813,high,training-big-open.zip,train/security-auditor/case_073,analyze/ds4_pro/deepseek-v4-pro-0813.zip,True,True
big-open,security-auditor,case_074,completed,deepseek/deepseek-v4-pro-0813,high,training-big-open.zip,train/security-auditor/case_074,analyze/ds4_pro/deepseek-v4-pro-0813.zip,True,True
big-open,security-auditor,case_075,completed,deepseek/deepseek-v4-pro-0813,high,training-big-open.zip,train/security-auditor/case_075,analyze/ds4_pro/deepseek-v4-pro-0813.zip,True,True
big-open,security-auditor,case_076,completed,deepseek/deepseek-v4-pro-0813,high,training-big-open.zip,train/security-auditor/case_076,analyze/ds4_pro/deepseek-v4-pro-0813.zip,True,True
big-open,security-auditor,case_077,completed,deepseek/deepseek-v4-pro-0813,high,training-big-open.zip,train/security-auditor/case_077,analyze/ds4_pro/deepseek-v4-pro-0813.zip,True,True
big-open,security-auditor,case_078,completed,deepseek/deepseek-v4-pro-0813,high,training-big-open.zip,train/security-auditor/case_078,analyze/ds4_pro/deepseek-v4-pro-0813.zip,True,True
big-open,security-auditor,case_079,completed,deepseek/deepseek-v4-pro-0813,high,training-big-open.zip,train/security-auditor/case_079,analyze/ds4_pro/deepseek-v4-pro-0813.zip,True,True
big-open,security-auditor,case_080,completed,deepseek/deepseek-v4-pro-0813,high,training-big-open.zip,train/security-auditor/case_080,analyze/ds4_pro/deepseek-v4-pro-0813.zip,True,True
big-open,security-auditor,case_081,completed,deepseek/deepseek-v4-pro-0813,high,training-big-open.zip,train/security-auditor/case_081,analyze/ds4_pro/deepseek-v4-pro-0813.zip,True,True
big-open,security-auditor,case_082,completed,deepseek/deepseek-v4-pro-0813,high,training-big-open.zip,train/security-auditor/case_082,analyze/ds4_pro/deepseek-v4-pro-0813.zip,True,True
big-open,security-auditor,case_083,completed,deepseek/deepseek-v4-pro-0813,high,training-big-open.zip,train/security-auditor/case_083,analyze/ds4_pro/deepseek-v4-pro-0813.zip,True,True
big-open,security-auditor,case_084,completed,deepseek/deepseek-v4-pro-0813,high,training-big-open.zip,train/security-auditor/case_084,analyze/ds4_pro/deepseek-v4-pro-0813.zip,True,True
big-open,security-auditor,case_085,completed,deepseek/deepseek-v4-pro-0813,high,training-big-open.zip,train/security-auditor/case_085,analyze/ds4_pro/deepseek-v4-pro-0813.zip,True,True
big-open,security-auditor,case_086,completed,deepseek/deepseek-v4-pro-0813,high,training-big-open.zip,train/security-auditor/case_086,analyze/ds4_pro/deepseek-v4-pro-0813.zip,True,True
big-open,security-auditor,case_087,completed,deepseek/deepseek-v4-pro-0813,high,training-big-open.zip,train/security-auditor/case_087,analyze/ds4_pro/deepseek-v4-pro-0813.zip,True,True
big-open,security-auditor,case_088,completed,deepseek/deepseek-v4-pro-0813,high,training-big-open.zip,train/security-auditor/case_088,analyze/ds4_pro/deepseek-v4-pro-0813.zip,True,True
big-open,security-auditor,case_089,completed,deepseek/deepseek-v4-pro-0813,high,training-big-open.zip,train/security-auditor/case_089,analyze/ds4_pro/deepseek-v4-pro-0813.zip,True,True
big-open,security-auditor,case_090,completed,deepseek/deepseek-v4-pro-0813,high,training-big-open.zip,train/security-auditor/case_090,analyze/ds4_pro/deepseek-v4-pro-0813.zip,True,True
big-open,security-auditor,case_091,completed,deepseek/deepseek-v4-pro-0813,high,training-big-open.zip,train/security-auditor/case_091,analyze/ds4_pro/deepseek-v4-pro-0813.zip,True,True
big-open,security-auditor,case_092,completed,deepseek/deepseek-v4-pro-0813,high,training-big-open.zip,train/security-auditor/case_092,analyze/ds4_pro/deepseek-v4-pro-0813.zip,True,True
big-open,security-auditor,case_093,completed,deepseek/deepseek-v4-pro-0813,high,training-big-open.zip,train/security-auditor/case_093,analyze/ds4_pro/deepseek-v4-pro-0813.zip,True,True
big-open,security-auditor,case_094,completed,deepseek/deepseek-v4-pro-0813,high,training-big-open.zip,train/security-auditor/case_094,analyze/ds4_pro/deepseek-v4-pro-0813.zip,True,True
big-open,security-auditor,case_095,completed,deepseek/deepseek-v4-pro-0813,high,training-big-open.zip,train/security-auditor/case_095,analyze/ds4_pro/deepseek-v4-pro-0813.zip,True,True
big-open,security-auditor,case_096,completed,deepseek/deepseek-v4-pro-0813,high,training-big-open.zip,train/security-auditor/case_096,analyze/ds4_pro/deepseek-v4-pro-0813.zip,True,True
big-open,security-auditor,case_097,completed,deepseek/deepseek-v4-pro-0813,high,training-big-open.zip,train/security-auditor/case_097,analyze/ds4_pro/deepseek-v4-pro-0813.zip,True,True
big-open,security-auditor,case_098,completed,deepseek/deepseek-v4-pro-0813,high,training-big-open.zip,train/security-auditor/case_098,analyze/ds4_pro/deepseek-v4-pro-0813.zip,True,True
big-open,security-auditor,case_099,completed,deepseek-v4-pro,high,training-big-open.zip,train/security-auditor/case_099,analyze/ds4_pro/deepseek-v4-pro-0813.zip,True,True
big-open,security-auditor,case_100,completed,deepseek/deepseek-v4-pro-0813,high,training-big-open.zip,train/security-auditor/case_100,analyze/ds4_pro/deepseek-v4-pro-0813.zip,True,True
big-open,security-deep-dive,case_001,completed,deepseek-v4-pro,high,training-big-open.zip,train/security-deep-dive/case_001,analyze/ds4_pro/deepseek-v4-pro-0813.zip,True,True
big-open,security-deep-dive,case_002,completed,deepseek-v4-pro,high,training-big-open.zip,train/security-deep-dive/case_002,analyze/ds4_pro/deepseek-v4-pro-0813.zip,True,True
big-open,security-deep-dive,case_003,completed,deepseek-v4-pro,high,training-big-open.zip,train/security-deep-dive/case_003,analyze/ds4_pro/deepseek-v4-pro-0813.zip,True,True
big-open,security-deep-dive,case_004,completed,deepseek-v4-pro,high,training-big-open.zip,train/security-deep-dive/case_004,analyze/ds4_pro/deepseek-v4-pro-0813.zip,True,True
big-open,security-deep-dive,case_005,completed,deepseek-v4-pro,high,training-big-open.zip,train/security-deep-dive/case_005,analyze/ds4_pro/deepseek-v4-pro-0813.zip,True,True
big-open,security-deep-dive,case_006,completed,deepseek-v4-pro,high,training-big-open.zip,train/security-deep-dive/case_006,analyze/ds4_pro/deepseek-v4-pro-0813.zip,True,True
big-open,security-deep-dive,case_007,completed,deepseek-v4-pro,high,training-big-open.zip,train/security-deep-dive/case_007,analyze/ds4_pro/deepseek-v4-pro-0813.zip,True,True
big-open,security-deep-dive,case_008,completed,deepseek-v4-pro,high,training-big-open.zip,train/security-deep-dive/case_008,analyze/ds4_pro/deepseek-v4-pro-0813.zip,True,True
big-open,security-deep-dive,case_009,completed,deepseek-v4-pro,high,training-big-open.zip,train/security-deep-dive/case_009,analyze/ds4_pro/deepseek-v4-pro-0813.zip,True,True
big-open,security-deep-dive,case_010,completed,deepseek-v4-pro,high,training-big-open.zip,train/security-deep-dive/case_010,analyze/ds4_pro/deepseek-v4-pro-0813.zip,True,True
big-open,security-deep-dive,case_011,completed,deepseek-v4-pro,high,training-big-open.zip,train/security-deep-dive/case_011,analyze/ds4_pro/deepseek-v4-pro-0813.zip,True,True
big-open,security-deep-dive,case_012,completed,deepseek-v4-pro,high,training-big-open.zip,train/security-deep-dive/case_012,analyze/ds4_pro/deepseek-v4-pro-0813.zip,True,True
big-open,security-deep-dive,case_013,completed,deepseek-v4-pro,high,training-big-open.zip,train/security-deep-dive/case_013,analyze/ds4_pro/deepseek-v4-pro-0813.zip,True,True
big-open,security-deep-dive,case_014,completed,deepseek-v4-pro,high,training-big-open.zip,train/security-deep-dive/case_014,analyze/ds4_pro/deepseek-v4-pro-0813.zip,True,True
big-open,security-deep-dive,case_015,completed,deepseek-v4-pro,high,training-big-open.zip,train/security-deep-dive/case_015,analyze/ds4_pro/deepseek-v4-pro-0813.zip,True,True
big-open,security-deep-dive,case_016,completed,deepseek-v4-pro,high,training-big-open.zip,train/security-deep-dive/case_016,analyze/ds4_pro/deepseek-v4-pro-0813.zip,True,True
big-open,security-deep-dive,case_017,completed,deepseek-v4-pro,high,training-big-open.zip,train/security-deep-dive/case_017,analyze/ds4_pro/deepseek-v4-pro-0813.zip,True,True
big-open,security-deep-dive,case_018,completed,deepseek-v4-pro,high,training-big-open.zip,train/security-deep-dive/case_018,analyze/ds4_pro/deepseek-v4-pro-0813.zip,True,True
big-open,security-deep-dive,case_019,completed,deepseek-v4-pro,high,training-big-open.zip,train/security-deep-dive/case_019,analyze/ds4_pro/deepseek-v4-pro-0813.zip,True,True
big-open,security-deep-dive,case_020,completed,deepseek-v4-pro,high,training-big-open.zip,train/security-deep-dive/case_020,analyze/ds4_pro/deepseek-v4-pro-0813.zip,True,True
big-open,security-deep-dive,case_021,completed,deepseek-v4-pro,high,training-big-open.zip,train/security-deep-dive/case_021,analyze/ds4_pro/deepseek-v4-pro-0813.zip,True,True
big-open,security-deep-dive,case_022,completed,deepseek-v4-pro,high,training-big-open.zip,train/security-deep-dive/case_022,analyze/ds4_pro/deepseek-v4-pro-0813.zip,True,True
big-open,security-deep-dive,case_023,completed,deepseek-v4-pro,high,training-big-open.zip,train/security-deep-dive/case_023,analyze/ds4_pro/deepseek-v4-pro-0813.zip,True,True
big-open,security-deep-dive,case_024,completed,deepseek-v4-pro,high,training-big-open.zip,train/security-deep-dive/case_024,analyze/ds4_pro/deepseek-v4-pro-0813.zip,True,True
big-open,security-deep-dive,case_025,completed,deepseek-v4-pro,high,training-big-open.zip,train/security-deep-dive/case_025,analyze/ds4_pro/deepseek-v4-pro-0813.zip,True,True
big-open,security-deep-dive,case_026,completed,deepseek-v4-pro,high,training-big-open.zip,train/security-deep-dive/case_026,analyze/ds4_pro/deepseek-v4-pro-0813.zip,True,True
big-open,security-deep-dive,case_027,completed,deepseek-v4-pro,high,training-big-open.zip,train/security-deep-dive/case_027,analyze/ds4_pro/deepseek-v4-pro-0813.zip,True,True
big-open,security-deep-dive,case_028,completed,deepseek-v4-pro,high,training-big-open.zip,train/security-deep-dive/case_028,analyze/ds4_pro/deepseek-v4-pro-0813.zip,True,True
big-open,security-deep-dive,case_029,completed,deepseek-v4-pro,high,training-big-open.zip,train/security-deep-dive/case_029,analyze/ds4_pro/deepseek-v4-pro-0813.zip,True,True
big-open,security-deep-dive,case_030,completed,deepseek-v4-pro,high,training-big-open.zip,train/security-deep-dive/case_030,analyze/ds4_pro/deepseek-v4-pro-0813.zip,True,True
big-open,security-deep-dive,case_031,completed,deepseek-v4-pro,high,training-big-open.zip,train/security-deep-dive/case_031,analyze/ds4_pro/deepseek-v4-pro-0813.zip,True,True
big-open,security-deep-dive,case_032,completed,deepseek-v4-pro,high,training-big-open.zip,train/security-deep-dive/case_032,analyze/ds4_pro/deepseek-v4-pro-0813.zip,True,True
big-open,security-deep-dive,case_033,completed,deepseek-v4-pro,high,training-big-open.zip,train/security-deep-dive/case_033,analyze/ds4_pro/deepseek-v4-pro-0813.zip,True,True
big-open,security-deep-dive,case_034,completed,deepseek-v4-pro,high,training-big-open.zip,train/security-deep-dive/case_034,analyze/ds4_pro/deepseek-v4-pro-0813.zip,True,True
big-open,security-deep-dive,case_035,completed,deepseek-v4-pro,high,training-big-open.zip,train/security-deep-dive/case_035,analyze/ds4_pro/deepseek-v4-pro-0813.zip,True,True
big-open,security-deep-dive,case_036,completed,deepseek-v4-pro,high,training-big-open.zip,train/security-deep-dive/case_036,analyze/ds4_pro/deepseek-v4-pro-0813.zip,True,True
big-open,security-deep-dive,case_037,completed,deepseek-v4-pro,high,training-big-open.zip,train/security-deep-dive/case_037,analyze/ds4_pro/deepseek-v4-pro-0813.zip,True,True
big-open,security-deep-dive,case_038,completed,deepseek-v4-pro,high,training-big-open.zip,train/security-deep-dive/case_038,analyze/ds4_pro/deepseek-v4-pro-0813.zip,True,True
big-open,security-deep-dive,case_039,completed,deepseek-v4-pro,high,training-big-open.zip,train/security-deep-dive/case_039,analyze/ds4_pro/deepseek-v4-pro-0813.zip,True,True
big-open,security-deep-dive,case_040,completed,deepseek-v4-pro,high,training-big-open.zip,train/security-deep-dive/case_040,analyze/ds4_pro/deepseek-v4-pro-0813.zip,True,True
big-open,security-deep-dive,case_041,completed,deepseek-v4-pro,high,training-big-open.zip,train/security-deep-dive/case_041,analyze/ds4_pro/deepseek-v4-pro-0813.zip,True,True
big-open,security-deep-dive,case_042,completed,deepseek-v4-pro,high,training-big-open.zip,train/security-deep-dive/case_042,analyze/ds4_pro/deepseek-v4-pro-0813.zip,True,True
big-open,security-deep-dive,case_043,completed,deepseek-v4-pro,high,training-big-open.zip,train/security-deep-dive/case_043,analyze/ds4_pro/deepseek-v4-pro-0813.zip,True,True
big-open,security-deep-dive,case_044,completed,deepseek-v4-pro,high,training-big-open.zip,train/security-deep-dive/case_044,analyze/ds4_pro/deepseek-v4-pro-0813.zip,True,True
big-open,security-deep-dive,case_045,completed,deepseek-v4-pro,high,training-big-open.zip,train/security-deep-dive/case_045,analyze/ds4_pro/deepseek-v4-pro-0813.zip,True,True
big-open,security-deep-dive,case_046,completed,deepseek-v4-pro,high,training-big-open.zip,train/security-deep-dive/case_046,analyze/ds4_pro/deepseek-v4-pro-0813.zip,True,True
big-open,security-deep-dive,case_047,completed,deepseek-v4-pro,high,training-big-open.zip,train/security-deep-dive/case_047,analyze/ds4_pro/deepseek-v4-pro-0813.zip,True,True
big-open,security-deep-dive,case_048,completed,deepseek-v4-pro,high,training-big-open.zip,train/security-deep-dive/case_048,analyze/ds4_pro/deepseek-v4-pro-0813.zip,True,True
big-open,security-deep-dive,case_049,completed,deepseek-v4-pro,high,training-big-open.zip,train/security-deep-dive/case_049,analyze/ds4_pro/deepseek-v4-pro-0813.zip,True,True
big-open,security-deep-dive,case_050,completed,deepseek-v4-pro,high,training-big-open.zip,train/security-deep-dive/case_050,analyze/ds4_pro/deepseek-v4-pro-0813.zip,True,True
big-open,security-deep-dive,case_051,completed,deepseek-v4-pro,high,training-big-open.zip,train/security-deep-dive/case_051,analyze/ds4_pro/deepseek-v4-pro-0813.zip,True,True
big-open,security-deep-dive,case_052,completed,deepseek-v4-pro,high,training-big-open.zip,train/security-deep-dive/case_052,analyze/ds4_pro/deepseek-v4-pro-0813.zip,True,True
big-open,security-deep-dive,case_053,completed,deepseek-v4-pro,high,training-big-open.zip,train/security-deep-dive/case_053,analyze/ds4_pro/deepseek-v4-pro-0813.zip,True,True
big-open,security-deep-dive,case_054,completed,deepseek-v4-pro,high,training-big-open.zip,train/security-deep-dive/case_054,analyze/ds4_pro/deepseek-v4-pro-0813.zip,True,True
big-open,security-deep-dive,case_055,completed,deepseek-v4-pro,high,training-big-open.zip,train/security-deep-dive/case_055,analyze/ds4_pro/deepseek-v4-pro-0813.zip,True,True
big-open,security-deep-dive,case_056,completed,deepseek-v4-pro,high,training-big-open.zip,train/security-deep-dive/case_056,analyze/ds4_pro/deepseek-v4-pro-0813.zip,True,True
big-open,security-deep-dive,case_057,completed,deepseek-v4-pro,high,training-big-open.zip,train/security-deep-dive/case_057,analyze/ds4_pro/deepseek-v4-pro-0813.zip,True,True
big-open,security-deep-dive,case_058,completed,deepseek-v4-pro,high,training-big-open.zip,train/security-deep-dive/case_058,analyze/ds4_pro/deepseek-v4-pro-0813.zip,True,True
big-open,security-deep-dive,case_059,completed,deepseek-v4-pro,high,training-big-open.zip,train/security-deep-dive/case_059,analyze/ds4_pro/deepseek-v4-pro-0813.zip,True,True
big-open,security-deep-dive,case_060,completed,deepseek-v4-pro,high,training-big-open.zip,train/security-deep-dive/case_060,analyze/ds4_pro/deepseek-v4-pro-0813.zip,True,True
big-open,security-deep-dive,case_061,completed,deepseek-v4-pro,high,training-big-open.zip,train/security-deep-dive/case_061,analyze/ds4_pro/deepseek-v4-pro-0813.zip,True,True
big-open,security-deep-dive,case_062,completed,deepseek-v4-pro,high,training-big-open.zip,train/security-deep-dive/case_062,analyze/ds4_pro/deepseek-v4-pro-0813.zip,True,True
big-open,security-deep-dive,case_063,completed,deepseek-v4-pro,high,training-big-open.zip,train/security-deep-dive/case_063,analyze/ds4_pro/deepseek-v4-pro-0813.zip,True,True
big-open,security-deep-dive,case_064,completed,deepseek-v4-pro,high,training-big-open.zip,train/security-deep-dive/case_064,analyze/ds4_pro/deepseek-v4-pro-0813.zip,True,True
big-open,security-deep-dive,case_065,completed,deepseek-v4-pro,high,training-big-open.zip,train/security-deep-dive/case_065,analyze/ds4_pro/deepseek-v4-pro-0813.zip,True,True
big-open,security-deep-dive,case_066,completed,deepseek-v4-pro,high,training-big-open.zip,train/security-deep-dive/case_066,analyze/ds4_pro/deepseek-v4-pro-0813.zip,True,True
big-open,security-deep-dive,case_067,completed,deepseek-v4-pro,high,training-big-open.zip,train/security-deep-dive/case_067,analyze/ds4_pro/deepseek-v4-pro-0813.zip,True,True
big-open,security-deep-dive,case_068,completed,deepseek-v4-pro,high,training-big-open.zip,train/security-deep-dive/case_068,analyze/ds4_pro/deepseek-v4-pro-0813.zip,True,True
big-open,security-deep-dive,case_069,completed,deepseek-v4-pro,high,training-big-open.zip,train/security-deep-dive/case_069,analyze/ds4_pro/deepseek-v4-pro-0813.zip,True,True
big-open,security-deep-dive,case_070,completed,deepseek-v4-pro,high,training-big-open.zip,train/security-deep-dive/case_070,analyze/ds4_pro/deepseek-v4-pro-0813.zip,True,True
big-open,security-deep-dive,case_071,completed,deepseek-v4-pro,high,training-big-open.zip,train/security-deep-dive/case_071,analyze/ds4_pro/deepseek-v4-pro-0813.zip,True,True
big-open,security-deep-dive,case_072,completed,deepseek-v4-pro,high,training-big-open.zip,train/security-deep-dive/case_072,analyze/ds4_pro/deepseek-v4-pro-0813.zip,True,True
big-open,security-deep-dive,case_073,completed,deepseek-v4-pro,high,training-big-open.zip,train/security-deep-dive/case_073,analyze/ds4_pro/deepseek-v4-pro-0813.zip,True,True
big-open,security-deep-dive,case_074,completed,deepseek-v4-pro,high,training-big-open.zip,train/security-deep-dive/case_074,analyze/ds4_pro/deepseek-v4-pro-0813.zip,True,True
big-open,security-deep-dive,case_075,completed,deepseek-v4-pro,high,training-big-open.zip,train/security-deep-dive/case_075,analyze/ds4_pro/deepseek-v4-pro-0813.zip,True,True
big-open,security-deep-dive,case_076,completed,deepseek-v4-pro,high,training-big-open.zip,train/security-deep-dive/case_076,analyze/ds4_pro/deepseek-v4-pro-0813.zip,True,True
big-open,security-deep-dive,case_077,completed,deepseek-v4-pro,high,training-big-open.zip,train/security-deep-dive/case_077,analyze/ds4_pro/deepseek-v4-pro-0813.zip,True,True
big-open,security-deep-dive,case_078,completed,deepseek-v4-pro,high,training-big-open.zip,train/security-deep-dive/case_078,analyze/ds4_pro/deepseek-v4-pro-0813.zip,True,True
big-open,security-deep-dive,case_079,completed,deepseek-v4-pro,high,training-big-open.zip,train/security-deep-dive/case_079,analyze/ds4_pro/deepseek-v4-pro-0813.zip,True,True
big-open,security-deep-dive,case_080,completed,deepseek-v4-pro,high,training-big-open.zip,train/security-deep-dive/case_080,analyze/ds4_pro/deepseek-v4-pro-0813.zip,True,True
big-open,security-deep-dive,case_081,completed,deepseek-v4-pro,high,training-big-open.zip,train/security-deep-dive/case_081,analyze/ds4_pro/deepseek-v4-pro-0813.zip,True,True
big-open,security-deep-dive,case_082,completed,deepseek-v4-pro,high,training-big-open.zip,train/security-deep-dive/case_082,analyze/ds4_pro/deepseek-v4-pro-0813.zip,True,True
big-open,security-deep-dive,case_083,completed,deepseek-v4-pro,high,training-big-open.zip,train/security-deep-dive/case_083,analyze/ds4_pro/deepseek-v4-pro-0813.zip,True,True
big-open,security-deep-dive,case_084,completed,deepseek-v4-pro,high,training-big-open.zip,train/security-deep-dive/case_084,analyze/ds4_pro/deepseek-v4-pro-0813.zip,True,True
big-open,security-deep-dive,case_085,completed,deepseek-v4-pro,high,training-big-open.zip,train/security-deep-dive/case_085,analyze/ds4_pro/deepseek-v4-pro-0813.zip,True,True
big-open,security-deep-dive,case_086,completed,deepseek-v4-pro,high,training-big-open.zip,train/security-deep-dive/case_086,analyze/ds4_pro/deepseek-v4-pro-0813.zip,True,True
big-open,security-deep-dive,case_087,completed,deepseek-v4-pro,high,training-big-open.zip,train/security-deep-dive/case_087,analyze/ds4_pro/deepseek-v4-pro-0813.zip,True,True
big-open,security-deep-dive,case_088,completed,deepseek-v4-pro,high,training-big-open.zip,train/security-deep-dive/case_088,analyze/ds4_pro/deepseek-v4-pro-0813.zip,True,True
big-open,security-deep-dive,case_089,completed,deepseek-v4-pro,high,training-big-open.zip,train/security-deep-dive/case_089,analyze/ds4_pro/deepseek-v4-pro-0813.zip,True,True
big-open,security-deep-dive,case_090,completed,deepseek-v4-pro,high,training-big-open.zip,train/security-deep-dive/case_090,analyze/ds4_pro/deepseek-v4-pro-0813.zip,True,True
big-open,security-deep-dive,case_091,completed,deepseek-v4-pro,high,training-big-open.zip,train/security-deep-dive/case_091,analyze/ds4_pro/deepseek-v4-pro-0813.zip,True,True
big-open,security-deep-dive,case_092,completed,deepseek-v4-pro,high,training-big-open.zip,train/security-deep-dive/case_092,analyze/ds4_pro/deepseek-v4-pro-0813.zip,True,True
big-open,security-deep-dive,case_093,completed,deepseek-v4-pro,high,training-big-open.zip,train/security-deep-dive/case_093,analyze/ds4_pro/deepseek-v4-pro-0813.zip,True,True
big-open,security-deep-dive,case_094,completed,deepseek-v4-pro,high,training-big-open.zip,train/security-deep-dive/case_094,analyze/ds4_pro/deepseek-v4-pro-0813.zip,True,True
big-open,security-deep-dive,case_095,completed,deepseek-v4-pro,high,training-big-open.zip,train/security-deep-dive/case_095,analyze/ds4_pro/deepseek-v4-pro-0813.zip,True,True
big-open,security-deep-dive,case_096,completed,deepseek-v4-pro,high,training-big-open.zip,train/security-deep-dive/case_096,analyze/ds4_pro/deepseek-v4-pro-0813.zip,True,True
big-open,security-deep-dive,case_097,completed,deepseek-v4-pro,high,training-big-open.zip,train/security-deep-dive/case_097,analyze/ds4_pro/deepseek-v4-pro-0813.zip,True,True
big-open,security-deep-dive,case_098,completed,deepseek-v4-pro,high,training-big-open.zip,train/security-deep-dive/case_098,analyze/ds4_pro/deepseek-v4-pro-0813.zip,True,True
big-open,security-deep-dive,case_099,completed,deepseek-v4-pro,high,training-big-open.zip,train/security-deep-dive/case_099,analyze/ds4_pro/deepseek-v4-pro-0813.zip,True,True
big-open,security-deep-dive,case_100,completed,deepseek-v4-pro,high,training-big-open.zip,train/security-deep-dive/case_100,analyze/ds4_pro/deepseek-v4-pro-0813.zip,True,True
big-open,security-review-deep,case_001,completed,deepseek-v4-pro,high,training-big-open.zip,train/security-review-deep/case_001,analyze/ds4_pro/deepseek-v4-pro-0813.zip,True,True
big-open,security-review-deep,case_002,completed,deepseek-v4-pro,high,training-big-open.zip,train/security-review-deep/case_002,analyze/ds4_pro/deepseek-v4-pro-0813.zip,True,True
big-open,security-review-deep,case_003,completed,deepseek-v4-pro,high,training-big-open.zip,train/security-review-deep/case_003,analyze/ds4_pro/deepseek-v4-pro-0813.zip,True,True
big-open,security-review-deep,case_004,completed,deepseek-v4-pro,high,training-big-open.zip,train/security-review-deep/case_004,analyze/ds4_pro/deepseek-v4-pro-0813.zip,True,True
big-open,security-review-deep,case_005,completed,deepseek-v4-pro,high,training-big-open.zip,train/security-review-deep/case_005,analyze/ds4_pro/deepseek-v4-pro-0813.zip,True,True
big-open,security-review-deep,case_006,completed,deepseek-v4-pro,high,training-big-open.zip,train/security-review-deep/case_006,analyze/ds4_pro/deepseek-v4-pro-0813.zip,True,True
big-open,security-review-deep,case_007,completed,deepseek-v4-pro,high,training-big-open.zip,train/security-review-deep/case_007,analyze/ds4_pro/deepseek-v4-pro-0813.zip,True,True
big-open,security-review-deep,case_008,completed,deepseek-v4-pro,high,training-big-open.zip,train/security-review-deep/case_008,analyze/ds4_pro/deepseek-v4-pro-0813.zip,True,True
big-open,security-review-deep,case_009,completed,deepseek-v4-pro,high,training-big-open.zip,train/security-review-deep/case_009,analyze/ds4_pro/deepseek-v4-pro-0813.zip,True,True
big-open,security-review-deep,case_010,completed,deepseek-v4-pro,high,training-big-open.zip,train/security-review-deep/case_010,analyze/ds4_pro/deepseek-v4-pro-0813.zip,True,True
big-open,security-review-deep,case_011,completed,deepseek-v4-pro,high,training-big-open.zip,train/security-review-deep/case_011,analyze/ds4_pro/deepseek-v4-pro-0813.zip,True,True
big-open,security-review-deep,case_012,completed,deepseek-v4-pro,high,training-big-open.zip,train/security-review-deep/case_012,analyze/ds4_pro/deepseek-v4-pro-0813.zip,True,True
big-open,security-review-deep,case_013,completed,deepseek-v4-pro,high,training-big-open.zip,train/security-review-deep/case_013,analyze/ds4_pro/deepseek-v4-pro-0813.zip,True,True
big-open,security-review-deep,case_014,completed,deepseek-v4-pro,high,training-big-open.zip,train/security-review-deep/case_014,analyze/ds4_pro/deepseek-v4-pro-0813.zip,True,True
big-open,security-review-deep,case_015,completed,deepseek-v4-pro,high,training-big-open.zip,train/security-review-deep/case_015,analyze/ds4_pro/deepseek-v4-pro-0813.zip,True,True
big-open,security-review-deep,case_016,completed,deepseek-v4-pro,high,training-big-open.zip,train/security-review-deep/case_016,analyze/ds4_pro/deepseek-v4-pro-0813.zip,True,True
big-open,security-review-deep,case_017,completed,deepseek-v4-pro,high,training-big-open.zip,train/security-review-deep/case_017,analyze/ds4_pro/deepseek-v4-pro-0813.zip,True,True
big-open,security-review-deep,case_018,completed,deepseek-v4-pro,high,training-big-open.zip,train/security-review-deep/case_018,analyze/ds4_pro/deepseek-v4-pro-0813.zip,True,True
big-open,security-review-deep,case_019,completed,deepseek-v4-pro,high,training-big-open.zip,train/security-review-deep/case_019,analyze/ds4_pro/deepseek-v4-pro-0813.zip,True,True
big-open,security-review-deep,case_020,completed,deepseek-v4-pro,high,training-big-open.zip,train/security-review-deep/case_020,analyze/ds4_pro/deepseek-v4-pro-0813.zip,True,True
big-open,security-review-deep,case_021,completed,deepseek-v4-pro,high,training-big-open.zip,train/security-review-deep/case_021,analyze/ds4_pro/deepseek-v4-pro-0813.zip,True,True
big-open,security-review-deep,case_022,completed,deepseek-v4-pro,high,training-big-open.zip,train/security-review-deep/case_022,analyze/ds4_pro/deepseek-v4-pro-0813.zip,True,True
big-open,security-review-deep,case_023,completed,deepseek-v4-pro,high,training-big-open.zip,train/security-review-deep/case_023,analyze/ds4_pro/deepseek-v4-pro-0813.zip,True,True
big-open,security-review-deep,case_024,completed,deepseek-v4-pro,high,training-big-open.zip,train/security-review-deep/case_024,analyze/ds4_pro/deepseek-v4-pro-0813.zip,True,True
big-open,security-review-deep,case_025,completed,deepseek-v4-pro,high,training-big-open.zip,train/security-review-deep/case_025,analyze/ds4_pro/deepseek-v4-pro-0813.zip,True,True
big-open,security-review-deep,case_026,completed,deepseek-v4-pro,high,training-big-open.zip,train/security-review-deep/case_026,analyze/ds4_pro/deepseek-v4-pro-0813.zip,True,True
big-open,security-review-deep,case_027,completed,deepseek-v4-pro,high,training-big-open.zip,train/security-review-deep/case_027,analyze/ds4_pro/deepseek-v4-pro-0813.zip,True,True
big-open,security-review-deep,case_028,completed,deepseek-v4-pro,high,training-big-open.zip,train/security-review-deep/case_028,analyze/ds4_pro/deepseek-v4-pro-0813.zip,True,True
big-open,security-review-deep,case_029,completed,deepseek-v4-pro,high,training-big-open.zip,train/security-review-deep/case_029,analyze/ds4_pro/deepseek-v4-pro-0813.zip,True,True
big-open,security-review-deep,case_030,completed,deepseek-v4-pro,high,training-big-open.zip,train/security-review-deep/case_030,analyze/ds4_pro/deepseek-v4-pro-0813.zip,True,True
big-open,security-review-deep,case_031,completed,deepseek-v4-pro,high,training-big-open.zip,train/security-review-deep/case_031,analyze/ds4_pro/deepseek-v4-pro-0813.zip,True,True
big-open,security-review-deep,case_032,completed,deepseek-v4-pro,high,training-big-open.zip,train/security-review-deep/case_032,analyze/ds4_pro/deepseek-v4-pro-0813.zip,True,True
big-open,security-review-deep,case_033,completed,deepseek-v4-pro,high,training-big-open.zip,train/security-review-deep/case_033,analyze/ds4_pro/deepseek-v4-pro-0813.zip,True,True
big-open,security-review-deep,case_034,completed,deepseek-v4-pro,high,training-big-open.zip,train/security-review-deep/case_034,analyze/ds4_pro/deepseek-v4-pro-0813.zip,True,True
big-open,security-review-deep,case_035,completed,deepseek-v4-pro,high,training-big-open.zip,train/security-review-deep/case_035,analyze/ds4_pro/deepseek-v4-pro-0813.zip,True,True
big-open,security-review-deep,case_036,completed,deepseek-v4-pro,high,training-big-open.zip,train/security-review-deep/case_036,analyze/ds4_pro/deepseek-v4-pro-0813.zip,True,True
big-open,security-review-deep,case_037,completed,deepseek-v4-pro,high,training-big-open.zip,train/security-review-deep/case_037,analyze/ds4_pro/deepseek-v4-pro-0813.zip,True,True
big-open,security-review-deep,case_038,completed,deepseek-v4-pro,high,training-big-open.zip,train/security-review-deep/case_038,analyze/ds4_pro/deepseek-v4-pro-0813.zip,True,True
big-open,security-review-deep,case_039,completed,deepseek-v4-pro,high,training-big-open.zip,train/security-review-deep/case_039,analyze/ds4_pro/deepseek-v4-pro-0813.zip,True,True
big-open,security-review-deep,case_040,completed,deepseek-v4-pro,high,training-big-open.zip,train/security-review-deep/case_040,analyze/ds4_pro/deepseek-v4-pro-0813.zip,True,True
big-open,security-review-deep,case_041,completed,deepseek-v4-pro,high,training-big-open.zip,train/security-review-deep/case_041,analyze/ds4_pro/deepseek-v4-pro-0813.zip,True,True
big-open,security-review-deep,case_042,completed,deepseek-v4-pro,high,training-big-open.zip,train/security-review-deep/case_042,analyze/ds4_pro/deepseek-v4-pro-0813.zip,True,True
big-open,security-review-deep,case_043,completed,deepseek-v4-pro,high,training-big-open.zip,train/security-review-deep/case_043,analyze/ds4_pro/deepseek-v4-pro-0813.zip,True,True
big-open,security-review-deep,case_044,completed,deepseek-v4-pro,high,training-big-open.zip,train/security-review-deep/case_044,analyze/ds4_pro/deepseek-v4-pro-0813.zip,True,True
big-open,security-review-deep,case_045,completed,deepseek-v4-pro,high,training-big-open.zip,train/security-review-deep/case_045,analyze/ds4_pro/deepseek-v4-pro-0813.zip,True,True
big-open,security-review-deep,case_046,completed,deepseek-v4-pro,high,training-big-open.zip,train/security-review-deep/case_046,analyze/ds4_pro/deepseek-v4-pro-0813.zip,True,True
big-open,security-review-deep,case_047,completed,deepseek-v4-pro,high,training-big-open.zip,train/security-review-deep/case_047,analyze/ds4_pro/deepseek-v4-pro-0813.zip,True,True
big-open,security-review-deep,case_048,completed,deepseek-v4-pro,high,training-big-open.zip,train/security-review-deep/case_048,analyze/ds4_pro/deepseek-v4-pro-0813.zip,True,True
big-open,security-review-deep,case_049,completed,deepseek-v4-pro,high,training-big-open.zip,train/security-review-deep/case_049,analyze/ds4_pro/deepseek-v4-pro-0813.zip,True,True
big-open,security-review-deep,case_050,completed,deepseek-v4-pro,high,training-big-open.zip,train/security-review-deep/case_050,analyze/ds4_pro/deepseek-v4-pro-0813.zip,True,True
big-open,security-review-deep,case_051,completed,deepseek-v4-pro,high,training-big-open.zip,train/security-review-deep/case_051,analyze/ds4_pro/deepseek-v4-pro-0813.zip,True,True
big-open,security-review-deep,case_052,completed,deepseek-v4-pro,high,training-big-open.zip,train/security-review-deep/case_052,analyze/ds4_pro/deepseek-v4-pro-0813.zip,True,True
big-open,security-review-deep,case_053,completed,deepseek-v4-pro,high,training-big-open.zip,train/security-review-deep/case_053,analyze/ds4_pro/deepseek-v4-pro-0813.zip,True,True
big-open,security-review-deep,case_054,completed,deepseek-v4-pro,high,training-big-open.zip,train/security-review-deep/case_054,analyze/ds4_pro/deepseek-v4-pro-0813.zip,True,True
big-open,security-review-deep,case_055,completed,deepseek-v4-pro,high,training-big-open.zip,train/security-review-deep/case_055,analyze/ds4_pro/deepseek-v4-pro-0813.zip,True,True
big-open,security-review-deep,case_056,completed,deepseek-v4-pro,high,training-big-open.zip,train/security-review-deep/case_056,analyze/ds4_pro/deepseek-v4-pro-0813.zip,True,True
big-open,security-review-deep,case_057,completed,deepseek-v4-pro,high,training-big-open.zip,train/security-review-deep/case_057,analyze/ds4_pro/deepseek-v4-pro-0813.zip,True,True
big-open,security-review-deep,case_058,completed,deepseek-v4-pro,high,training-big-open.zip,train/security-review-deep/case_058,analyze/ds4_pro/deepseek-v4-pro-0813.zip,True,True
big-open,security-review-deep,case_059,completed,deepseek-v4-pro,high,training-big-open.zip,train/security-review-deep/case_059,analyze/ds4_pro/deepseek-v4-pro-0813.zip,True,True
big-open,security-review-deep,case_060,completed,deepseek-v4-pro,high,training-big-open.zip,train/security-review-deep/case_060,analyze/ds4_pro/deepseek-v4-pro-0813.zip,True,True
big-open,security-review-deep,case_061,completed,deepseek-v4-pro,high,training-big-open.zip,train/security-review-deep/case_061,analyze/ds4_pro/deepseek-v4-pro-0813.zip,True,True
big-open,security-review-deep,case_062,completed,deepseek-v4-pro,high,training-big-open.zip,train/security-review-deep/case_062,analyze/ds4_pro/deepseek-v4-pro-0813.zip,True,True
big-open,security-review-deep,case_063,completed,deepseek-v4-pro,high,training-big-open.zip,train/security-review-deep/case_063,analyze/ds4_pro/deepseek-v4-pro-0813.zip,True,True
big-open,security-review-deep,case_064,completed,deepseek-v4-pro,high,training-big-open.zip,train/security-review-deep/case_064,analyze/ds4_pro/deepseek-v4-pro-0813.zip,True,True
big-open,security-review-deep,case_065,completed,deepseek-v4-pro,high,training-big-open.zip,train/security-review-deep/case_065,analyze/ds4_pro/deepseek-v4-pro-0813.zip,True,True
big-open,security-review-deep,case_066,completed,deepseek-v4-pro,high,training-big-open.zip,train/security-review-deep/case_066,analyze/ds4_pro/deepseek-v4-pro-0813.zip,True,True
big-open,security-review-deep,case_067,completed,deepseek-v4-pro,high,training-big-open.zip,train/security-review-deep/case_067,analyze/ds4_pro/deepseek-v4-pro-0813.zip,True,True
big-open,security-review-deep,case_068,completed,deepseek-v4-pro,high,training-big-open.zip,train/security-review-deep/case_068,analyze/ds4_pro/deepseek-v4-pro-0813.zip,True,True
big-open,security-review-deep,case_069,completed,deepseek-v4-pro,high,training-big-open.zip,train/security-review-deep/case_069,analyze/ds4_pro/deepseek-v4-pro-0813.zip,True,True
big-open,security-review-deep,case_070,completed,deepseek-v4-pro,high,training-big-open.zip,train/security-review-deep/case_070,analyze/ds4_pro/deepseek-v4-pro-0813.zip,True,True
big-open,security-review-deep,case_071,completed,deepseek-v4-pro,high,training-big-open.zip,train/security-review-deep/case_071,analyze/ds4_pro/deepseek-v4-pro-0813.zip,True,True
big-open,security-review-deep,case_072,completed,deepseek-v4-pro,high,training-big-open.zip,train/security-review-deep/case_072,analyze/ds4_pro/deepseek-v4-pro-0813.zip,True,True
big-open,security-review-deep,case_073,completed,deepseek-v4-pro,high,training-big-open.zip,train/security-review-deep/case_073,analyze/ds4_pro/deepseek-v4-pro-0813.zip,True,True
big-open,security-review-deep,case_074,completed,deepseek-v4-pro,high,training-big-open.zip,train/security-review-deep/case_074,analyze/ds4_pro/deepseek-v4-pro-0813.zip,True,True
big-open,security-review-deep,case_075,completed,deepseek-v4-pro,high,training-big-open.zip,train/security-review-deep/case_075,analyze/ds4_pro/deepseek-v4-pro-0813.zip,True,True
big-open,security-review-deep,case_076,completed,deepseek-v4-pro,high,training-big-open.zip,train/security-review-deep/case_076,analyze/ds4_pro/deepseek-v4-pro-0813.zip,True,True
big-open,security-review-deep,case_077,completed,deepseek-v4-pro,high,training-big-open.zip,train/security-review-deep/case_077,analyze/ds4_pro/deepseek-v4-pro-0813.zip,True,True
big-open,security-review-deep,case_078,completed,deepseek-v4-pro,high,training-big-open.zip,train/security-review-deep/case_078,analyze/ds4_pro/deepseek-v4-pro-0813.zip,True,True
big-open,security-review-deep,case_079,completed,deepseek-v4-pro,high,training-big-open.zip,train/security-review-deep/case_079,analyze/ds4_pro/deepseek-v4-pro-0813.zip,True,True
big-open,security-review-deep,case_080,completed,deepseek-v4-pro,high,training-big-open.zip,train/security-review-deep/case_080,analyze/ds4_pro/deepseek-v4-pro-0813.zip,True,True
big-open,security-review-deep,case_081,completed,deepseek-v4-pro,high,training-big-open.zip,train/security-review-deep/case_081,analyze/ds4_pro/deepseek-v4-pro-0813.zip,True,True
big-open,security-review-deep,case_082,completed,deepseek-v4-pro,high,training-big-open.zip,train/security-review-deep/case_082,analyze/ds4_pro/deepseek-v4-pro-0813.zip,True,True
big-open,security-review-deep,case_083,completed,deepseek-v4-pro,high,training-big-open.zip,train/security-review-deep/case_083,analyze/ds4_pro/deepseek-v4-pro-0813.zip,True,True
big-open,security-review-deep,case_084,completed,deepseek-v4-pro,high,training-big-open.zip,train/security-review-deep/case_084,analyze/ds4_pro/deepseek-v4-pro-0813.zip,True,True
big-open,security-review-deep,case_085,completed,deepseek-v4-pro,high,training-big-open.zip,train/security-review-deep/case_085,analyze/ds4_pro/deepseek-v4-pro-0813.zip,True,True
big-open,security-review-deep,case_086,completed,deepseek-v4-pro,high,training-big-open.zip,train/security-review-deep/case_086,analyze/ds4_pro/deepseek-v4-pro-0813.zip,True,True
big-open,security-review-deep,case_087,completed,deepseek-v4-pro,high,training-big-open.zip,train/security-review-deep/case_087,analyze/ds4_pro/deepseek-v4-pro-0813.zip,True,True
big-open,security-review-deep,case_088,completed,deepseek-v4-pro,high,training-big-open.zip,train/security-review-deep/case_088,analyze/ds4_pro/deepseek-v4-pro-0813.zip,True,True
big-open,security-review-deep,case_089,completed,deepseek-v4-pro,high,training-big-open.zip,train/security-review-deep/case_089,analyze/ds4_pro/deepseek-v4-pro-0813.zip,True,True
big-open,security-review-deep,case_090,completed,deepseek-v4-pro,high,training-big-open.zip,train/security-review-deep/case_090,analyze/ds4_pro/deepseek-v4-pro-0813.zip,True,True
big-open,security-review-deep,case_091,completed,deepseek-v4-pro,high,training-big-open.zip,train/security-review-deep/case_091,analyze/ds4_pro/deepseek-v4-pro-0813.zip,True,True
big-open,security-review-deep,case_092,completed,deepseek-v4-pro,high,training-big-open.zip,train/security-review-deep/case_092,analyze/ds4_pro/deepseek-v4-pro-0813.zip,True,True
big-open,security-review-deep,case_093,completed,deepseek-v4-pro,high,training-big-open.zip,train/security-review-deep/case_093,analyze/ds4_pro/deepseek-v4-pro-0813.zip,True,True
big-open,security-review-deep,case_094,completed,deepseek-v4-pro,high,training-big-open.zip,train/security-review-deep/case_094,analyze/ds4_pro/deepseek-v4-pro-0813.zip,True,True
big-open,security-review-deep,case_095,completed,deepseek-v4-pro,high,training-big-open.zip,train/security-review-deep/case_095,analyze/ds4_pro/deepseek-v4-pro-0813.zip,True,True
big-open,security-review-deep,case_096,completed,deepseek-v4-pro,high,training-big-open.zip,train/security-review-deep/case_096,analyze/ds4_pro/deepseek-v4-pro-0813.zip,True,True
big-open,security-review-deep,case_097,completed,deepseek-v4-pro,high,training-big-open.zip,train/security-review-deep/case_097,analyze/ds4_pro/deepseek-v4-pro-0813.zip,True,True
big-open,security-review-deep,case_098,completed,deepseek-v4-pro,high,training-big-open.zip,train/security-review-deep/case_098,analyze/ds4_pro/deepseek-v4-pro-0813.zip,True,True
big-open,security-review-deep,case_099,completed,deepseek-v4-pro,high,training-big-open.zip,train/security-review-deep/case_099,analyze/ds4_pro/deepseek-v4-pro-0813.zip,True,True
big-open,security-review-deep,case_100,completed,deepseek-v4-pro,high,training-big-open.zip,train/security-review-deep/case_100,analyze/ds4_pro/deepseek-v4-pro-0813.zip,True,True
big-open,sendaifun-vulnhunter,case_001,completed,deepseek-v4-pro,high,training-big-open.zip,train/sendaifun-vulnhunter/case_001,analyze/ds4_pro/deepseek-v4-pro-0813.zip,True,True
big-open,sendaifun-vulnhunter,case_002,completed,deepseek-v4-pro,high,training-big-open.zip,train/sendaifun-vulnhunter/case_002,analyze/ds4_pro/deepseek-v4-pro-0813.zip,True,True
big-open,sendaifun-vulnhunter,case_003,completed,deepseek-v4-pro,high,training-big-open.zip,train/sendaifun-vulnhunter/case_003,analyze/ds4_pro/deepseek-v4-pro-0813.zip,True,True
big-open,sendaifun-vulnhunter,case_004,completed,deepseek-v4-pro,high,training-big-open.zip,train/sendaifun-vulnhunter/case_004,analyze/ds4_pro/deepseek-v4-pro-0813.zip,True,True
big-open,sendaifun-vulnhunter,case_005,completed,deepseek-v4-pro,high,training-big-open.zip,train/sendaifun-vulnhunter/case_005,analyze/ds4_pro/deepseek-v4-pro-0813.zip,True,True
big-open,sendaifun-vulnhunter,case_006,completed,deepseek-v4-pro,high,training-big-open.zip,train/sendaifun-vulnhunter/case_006,analyze/ds4_pro/deepseek-v4-pro-0813.zip,True,True
big-open,sendaifun-vulnhunter,case_007,completed,deepseek-v4-pro,high,training-big-open.zip,train/sendaifun-vulnhunter/case_007,analyze/ds4_pro/deepseek-v4-pro-0813.zip,True,True
big-open,sendaifun-vulnhunter,case_008,completed,deepseek-v4-pro,high,training-big-open.zip,train/sendaifun-vulnhunter/case_008,analyze/ds4_pro/deepseek-v4-pro-0813.zip,True,True
big-open,sendaifun-vulnhunter,case_009,completed,deepseek-v4-pro,high,training-big-open.zip,train/sendaifun-vulnhunter/case_009,analyze/ds4_pro/deepseek-v4-pro-0813.zip,True,True
big-open,sendaifun-vulnhunter,case_010,completed,deepseek-v4-pro,high,training-big-open.zip,train/sendaifun-vulnhunter/case_010,analyze/ds4_pro/deepseek-v4-pro-0813.zip,True,True
big-open,sendaifun-vulnhunter,case_011,completed,deepseek-v4-pro,high,training-big-open.zip,train/sendaifun-vulnhunter/case_011,analyze/ds4_pro/deepseek-v4-pro-0813.zip,True,True
big-open,sendaifun-vulnhunter,case_012,completed,deepseek-v4-pro,high,training-big-open.zip,train/sendaifun-vulnhunter/case_012,analyze/ds4_pro/deepseek-v4-pro-0813.zip,True,True
big-open,sendaifun-vulnhunter,case_013,completed,deepseek-v4-pro,high,training-big-open.zip,train/sendaifun-vulnhunter/case_013,analyze/ds4_pro/deepseek-v4-pro-0813.zip,True,True
big-open,sendaifun-vulnhunter,case_014,completed,deepseek-v4-pro,high,training-big-open.zip,train/sendaifun-vulnhunter/case_014,analyze/ds4_pro/deepseek-v4-pro-0813.zip,True,True
big-open,sendaifun-vulnhunter,case_015,completed,deepseek-v4-pro,high,training-big-open.zip,train/sendaifun-vulnhunter/case_015,analyze/ds4_pro/deepseek-v4-pro-0813.zip,True,True
big-open,sendaifun-vulnhunter,case_016,completed,deepseek-v4-pro,high,training-big-open.zip,train/sendaifun-vulnhunter/case_016,analyze/ds4_pro/deepseek-v4-pro-0813.zip,True,True
big-open,sendaifun-vulnhunter,case_017,completed,deepseek-v4-pro,high,training-big-open.zip,train/sendaifun-vulnhunter/case_017,analyze/ds4_pro/deepseek-v4-pro-0813.zip,True,True
big-open,sendaifun-vulnhunter,case_018,completed,deepseek-v4-pro,high,training-big-open.zip,train/sendaifun-vulnhunter/case_018,analyze/ds4_pro/deepseek-v4-pro-0813.zip,True,True
big-open,sendaifun-vulnhunter,case_019,completed,deepseek-v4-pro,high,training-big-open.zip,train/sendaifun-vulnhunter/case_019,analyze/ds4_pro/deepseek-v4-pro-0813.zip,True,True
big-open,sendaifun-vulnhunter,case_020,completed,deepseek-v4-pro,high,training-big-open.zip,train/sendaifun-vulnhunter/case_020,analyze/ds4_pro/deepseek-v4-pro-0813.zip,True,True
big-open,sendaifun-vulnhunter,case_021,completed,deepseek-v4-pro,high,training-big-open.zip,train/sendaifun-vulnhunter/case_021,analyze/ds4_pro/deepseek-v4-pro-0813.zip,True,True
big-open,sendaifun-vulnhunter,case_022,completed,deepseek-v4-pro,high,training-big-open.zip,train/sendaifun-vulnhunter/case_022,analyze/ds4_pro/deepseek-v4-pro-0813.zip,True,True
big-open,sendaifun-vulnhunter,case_023,completed,deepseek-v4-pro,high,training-big-open.zip,train/sendaifun-vulnhunter/case_023,analyze/ds4_pro/deepseek-v4-pro-0813.zip,True,True
big-open,sendaifun-vulnhunter,case_024,completed,deepseek-v4-pro,high,training-big-open.zip,train/sendaifun-vulnhunter/case_024,analyze/ds4_pro/deepseek-v4-pro-0813.zip,True,True
big-open,sendaifun-vulnhunter,case_025,completed,deepseek-v4-pro,high,training-big-open.zip,train/sendaifun-vulnhunter/case_025,analyze/ds4_pro/deepseek-v4-pro-0813.zip,True,True
big-open,sendaifun-vulnhunter,case_026,completed,deepseek-v4-pro,high,training-big-open.zip,train/sendaifun-vulnhunter/case_026,analyze/ds4_pro/deepseek-v4-pro-0813.zip,True,True
big-open,sendaifun-vulnhunter,case_027,completed,deepseek-v4-pro,high,training-big-open.zip,train/sendaifun-vulnhunter/case_027,analyze/ds4_pro/deepseek-v4-pro-0813.zip,True,True
big-open,sendaifun-vulnhunter,case_028,completed,deepseek-v4-pro,high,training-big-open.zip,train/sendaifun-vulnhunter/case_028,analyze/ds4_pro/deepseek-v4-pro-0813.zip,True,True
big-open,sendaifun-vulnhunter,case_029,completed,deepseek-v4-pro,high,training-big-open.zip,train/sendaifun-vulnhunter/case_029,analyze/ds4_pro/deepseek-v4-pro-0813.zip,True,True
big-open,sendaifun-vulnhunter,case_030,completed,deepseek-v4-pro,high,training-big-open.zip,train/sendaifun-vulnhunter/case_030,analyze/ds4_pro/deepseek-v4-pro-0813.zip,True,True
big-open,sendaifun-vulnhunter,case_031,completed,deepseek-v4-pro,high,training-big-open.zip,train/sendaifun-vulnhunter/case_031,analyze/ds4_pro/deepseek-v4-pro-0813.zip,True,True
big-open,sendaifun-vulnhunter,case_032,completed,deepseek-v4-pro,high,training-big-open.zip,train/sendaifun-vulnhunter/case_032,analyze/ds4_pro/deepseek-v4-pro-0813.zip,True,True
big-open,sendaifun-vulnhunter,case_033,completed,deepseek-v4-pro,high,training-big-open.zip,train/sendaifun-vulnhunter/case_033,analyze/ds4_pro/deepseek-v4-pro-0813.zip,True,True
big-open,sendaifun-vulnhunter,case_034,completed,deepseek-v4-pro,high,training-big-open.zip,train/sendaifun-vulnhunter/case_034,analyze/ds4_pro/deepseek-v4-pro-0813.zip,True,True
big-open,sendaifun-vulnhunter,case_035,completed,deepseek-v4-pro,high,training-big-open.zip,train/sendaifun-vulnhunter/case_035,analyze/ds4_pro/deepseek-v4-pro-0813.zip,True,True
big-open,sendaifun-vulnhunter,case_036,completed,deepseek-v4-pro,high,training-big-open.zip,train/sendaifun-vulnhunter/case_036,analyze/ds4_pro/deepseek-v4-pro-0813.zip,True,True
big-open,sendaifun-vulnhunter,case_037,completed,deepseek-v4-pro,high,training-big-open.zip,train/sendaifun-vulnhunter/case_037,analyze/ds4_pro/deepseek-v4-pro-0813.zip,True,True
big-open,sendaifun-vulnhunter,case_038,completed,deepseek-v4-pro,high,training-big-open.zip,train/sendaifun-vulnhunter/case_038,analyze/ds4_pro/deepseek-v4-pro-0813.zip,True,True
big-open,sendaifun-vulnhunter,case_039,completed,deepseek-v4-pro,high,training-big-open.zip,train/sendaifun-vulnhunter/case_039,analyze/ds4_pro/deepseek-v4-pro-0813.zip,True,True
big-open,sendaifun-vulnhunter,case_040,completed,deepseek-v4-pro,high,training-big-open.zip,train/sendaifun-vulnhunter/case_040,analyze/ds4_pro/deepseek-v4-pro-0813.zip,True,True
big-open,sendaifun-vulnhunter,case_041,completed,deepseek-v4-pro,high,training-big-open.zip,train/sendaifun-vulnhunter/case_041,analyze/ds4_pro/deepseek-v4-pro-0813.zip,True,True
big-open,sendaifun-vulnhunter,case_042,completed,deepseek-v4-pro,high,training-big-open.zip,train/sendaifun-vulnhunter/case_042,analyze/ds4_pro/deepseek-v4-pro-0813.zip,True,True
big-open,sendaifun-vulnhunter,case_043,completed,deepseek-v4-pro,high,training-big-open.zip,train/sendaifun-vulnhunter/case_043,analyze/ds4_pro/deepseek-v4-pro-0813.zip,True,True
big-open,sendaifun-vulnhunter,case_044,completed,deepseek-v4-pro,high,training-big-open.zip,train/sendaifun-vulnhunter/case_044,analyze/ds4_pro/deepseek-v4-pro-0813.zip,True,True
big-open,sendaifun-vulnhunter,case_045,completed,deepseek-v4-pro,high,training-big-open.zip,train/sendaifun-vulnhunter/case_045,analyze/ds4_pro/deepseek-v4-pro-0813.zip,True,True
big-open,sendaifun-vulnhunter,case_046,completed,deepseek-v4-pro,high,training-big-open.zip,train/sendaifun-vulnhunter/case_046,analyze/ds4_pro/deepseek-v4-pro-0813.zip,True,True
big-open,sendaifun-vulnhunter,case_047,completed,deepseek-v4-pro,high,training-big-open.zip,train/sendaifun-vulnhunter/case_047,analyze/ds4_pro/deepseek-v4-pro-0813.zip,True,True
big-open,sendaifun-vulnhunter,case_048,completed,deepseek-v4-pro,high,training-big-open.zip,train/sendaifun-vulnhunter/case_048,analyze/ds4_pro/deepseek-v4-pro-0813.zip,True,True
big-open,sendaifun-vulnhunter,case_049,completed,deepseek-v4-pro,high,training-big-open.zip,train/sendaifun-vulnhunter/case_049,analyze/ds4_pro/deepseek-v4-pro-0813.zip,True,True
big-open,sendaifun-vulnhunter,case_050,completed,deepseek-v4-pro,high,training-big-open.zip,train/sendaifun-vulnhunter/case_050,analyze/ds4_pro/deepseek-v4-pro-0813.zip,True,True
big-open,sendaifun-vulnhunter,case_051,completed,deepseek-v4-pro,high,training-big-open.zip,train/sendaifun-vulnhunter/case_051,analyze/ds4_pro/deepseek-v4-pro-0813.zip,True,True
big-open,sendaifun-vulnhunter,case_052,completed,deepseek-v4-pro,high,training-big-open.zip,train/sendaifun-vulnhunter/case_052,analyze/ds4_pro/deepseek-v4-pro-0813.zip,True,True
big-open,sendaifun-vulnhunter,case_053,completed,deepseek-v4-pro,high,training-big-open.zip,train/sendaifun-vulnhunter/case_053,analyze/ds4_pro/deepseek-v4-pro-0813.zip,True,True
big-open,sendaifun-vulnhunter,case_054,completed,deepseek-v4-pro,high,training-big-open.zip,train/sendaifun-vulnhunter/case_054,analyze/ds4_pro/deepseek-v4-pro-0813.zip,True,True
big-open,sendaifun-vulnhunter,case_055,completed,deepseek-v4-pro,high,training-big-open.zip,train/sendaifun-vulnhunter/case_055,analyze/ds4_pro/deepseek-v4-pro-0813.zip,True,True
big-open,sendaifun-vulnhunter,case_056,completed,deepseek-v4-pro,high,training-big-open.zip,train/sendaifun-vulnhunter/case_056,analyze/ds4_pro/deepseek-v4-pro-0813.zip,True,True
big-open,sendaifun-vulnhunter,case_057,completed,deepseek-v4-pro,high,training-big-open.zip,train/sendaifun-vulnhunter/case_057,analyze/ds4_pro/deepseek-v4-pro-0813.zip,True,True
big-open,sendaifun-vulnhunter,case_058,completed,deepseek-v4-pro,high,training-big-open.zip,train/sendaifun-vulnhunter/case_058,analyze/ds4_pro/deepseek-v4-pro-0813.zip,True,True
big-open,sendaifun-vulnhunter,case_059,completed,deepseek-v4-pro,high,training-big-open.zip,train/sendaifun-vulnhunter/case_059,analyze/ds4_pro/deepseek-v4-pro-0813.zip,True,True
big-open,sendaifun-vulnhunter,case_060,completed,deepseek-v4-pro,high,training-big-open.zip,train/sendaifun-vulnhunter/case_060,analyze/ds4_pro/deepseek-v4-pro-0813.zip,True,True
big-open,sendaifun-vulnhunter,case_061,completed,deepseek-v4-pro,high,training-big-open.zip,train/sendaifun-vulnhunter/case_061,analyze/ds4_pro/deepseek-v4-pro-0813.zip,True,True
big-open,sendaifun-vulnhunter,case_062,completed,deepseek-v4-pro,high,training-big-open.zip,train/sendaifun-vulnhunter/case_062,analyze/ds4_pro/deepseek-v4-pro-0813.zip,True,True
big-open,sendaifun-vulnhunter,case_063,completed,deepseek-v4-pro,high,training-big-open.zip,train/sendaifun-vulnhunter/case_063,analyze/ds4_pro/deepseek-v4-pro-0813.zip,True,True
big-open,sendaifun-vulnhunter,case_064,completed,deepseek-v4-pro,high,training-big-open.zip,train/sendaifun-vulnhunter/case_064,analyze/ds4_pro/deepseek-v4-pro-0813.zip,True,True
big-open,sendaifun-vulnhunter,case_065,completed,deepseek-v4-pro,high,training-big-open.zip,train/sendaifun-vulnhunter/case_065,analyze/ds4_pro/deepseek-v4-pro-0813.zip,True,True
big-open,sendaifun-vulnhunter,case_066,completed,deepseek-v4-pro,high,training-big-open.zip,train/sendaifun-vulnhunter/case_066,analyze/ds4_pro/deepseek-v4-pro-0813.zip,True,True
big-open,sendaifun-vulnhunter,case_067,completed,deepseek-v4-pro,high,training-big-open.zip,train/sendaifun-vulnhunter/case_067,analyze/ds4_pro/deepseek-v4-pro-0813.zip,True,True
big-open,sendaifun-vulnhunter,case_068,completed,deepseek-v4-pro,high,training-big-open.zip,train/sendaifun-vulnhunter/case_068,analyze/ds4_pro/deepseek-v4-pro-0813.zip,True,True
big-open,sendaifun-vulnhunter,case_069,completed,deepseek-v4-pro,high,training-big-open.zip,train/sendaifun-vulnhunter/case_069,analyze/ds4_pro/deepseek-v4-pro-0813.zip,True,True
big-open,sendaifun-vulnhunter,case_070,completed,deepseek-v4-pro,high,training-big-open.zip,train/sendaifun-vulnhunter/case_070,analyze/ds4_pro/deepseek-v4-pro-0813.zip,True,True
big-open,sendaifun-vulnhunter,case_071,completed,deepseek-v4-pro,high,training-big-open.zip,train/sendaifun-vulnhunter/case_071,analyze/ds4_pro/deepseek-v4-pro-0813.zip,True,True
big-open,sendaifun-vulnhunter,case_072,completed,deepseek-v4-pro,high,training-big-open.zip,train/sendaifun-vulnhunter/case_072,analyze/ds4_pro/deepseek-v4-pro-0813.zip,True,True
big-open,sendaifun-vulnhunter,case_073,completed,deepseek-v4-pro,high,training-big-open.zip,train/sendaifun-vulnhunter/case_073,analyze/ds4_pro/deepseek-v4-pro-0813.zip,True,True
big-open,sendaifun-vulnhunter,case_074,completed,deepseek-v4-pro,high,training-big-open.zip,train/sendaifun-vulnhunter/case_074,analyze/ds4_pro/deepseek-v4-pro-0813.zip,True,True
big-open,sendaifun-vulnhunter,case_075,completed,deepseek-v4-pro,high,training-big-open.zip,train/sendaifun-vulnhunter/case_075,analyze/ds4_pro/deepseek-v4-pro-0813.zip,True,True
big-open,sendaifun-vulnhunter,case_076,completed,deepseek-v4-pro,high,training-big-open.zip,train/sendaifun-vulnhunter/case_076,analyze/ds4_pro/deepseek-v4-pro-0813.zip,True,True
big-open,sendaifun-vulnhunter,case_077,completed,deepseek-v4-pro,high,training-big-open.zip,train/sendaifun-vulnhunter/case_077,analyze/ds4_pro/deepseek-v4-pro-0813.zip,True,True
big-open,sendaifun-vulnhunter,case_078,completed,deepseek-v4-pro,high,training-big-open.zip,train/sendaifun-vulnhunter/case_078,analyze/ds4_pro/deepseek-v4-pro-0813.zip,True,True
big-open,sendaifun-vulnhunter,case_079,completed,deepseek-v4-pro,high,training-big-open.zip,train/sendaifun-vulnhunter/case_079,analyze/ds4_pro/deepseek-v4-pro-0813.zip,True,True
big-open,sendaifun-vulnhunter,case_080,completed,deepseek-v4-pro,high,training-big-open.zip,train/sendaifun-vulnhunter/case_080,analyze/ds4_pro/deepseek-v4-pro-0813.zip,True,True
big-open,sendaifun-vulnhunter,case_081,completed,deepseek-v4-pro,high,training-big-open.zip,train/sendaifun-vulnhunter/case_081,analyze/ds4_pro/deepseek-v4-pro-0813.zip,True,True
big-open,sendaifun-vulnhunter,case_082,completed,deepseek-v4-pro,high,training-big-open.zip,train/sendaifun-vulnhunter/case_082,analyze/ds4_pro/deepseek-v4-pro-0813.zip,True,True
big-open,sendaifun-vulnhunter,case_083,completed,deepseek-v4-pro,high,training-big-open.zip,train/sendaifun-vulnhunter/case_083,analyze/ds4_pro/deepseek-v4-pro-0813.zip,True,True
big-open,sendaifun-vulnhunter,case_084,completed,deepseek-v4-pro,high,training-big-open.zip,train/sendaifun-vulnhunter/case_084,analyze/ds4_pro/deepseek-v4-pro-0813.zip,True,True
big-open,sendaifun-vulnhunter,case_085,completed,deepseek-v4-pro,high,training-big-open.zip,train/sendaifun-vulnhunter/case_085,analyze/ds4_pro/deepseek-v4-pro-0813.zip,True,True
big-open,sendaifun-vulnhunter,case_086,completed,deepseek-v4-pro,high,training-big-open.zip,train/sendaifun-vulnhunter/case_086,analyze/ds4_pro/deepseek-v4-pro-0813.zip,True,True
big-open,sendaifun-vulnhunter,case_087,completed,deepseek-v4-pro,high,training-big-open.zip,train/sendaifun-vulnhunter/case_087,analyze/ds4_pro/deepseek-v4-pro-0813.zip,True,True
big-open,sendaifun-vulnhunter,case_088,completed,deepseek-v4-pro,high,training-big-open.zip,train/sendaifun-vulnhunter/case_088,analyze/ds4_pro/deepseek-v4-pro-0813.zip,True,True
big-open,sendaifun-vulnhunter,case_089,completed,deepseek-v4-pro,high,training-big-open.zip,train/sendaifun-vulnhunter/case_089,analyze/ds4_pro/deepseek-v4-pro-0813.zip,True,True
big-open,sendaifun-vulnhunter,case_090,completed,deepseek-v4-pro,high,training-big-open.zip,train/sendaifun-vulnhunter/case_090,analyze/ds4_pro/deepseek-v4-pro-0813.zip,True,True
big-open,sendaifun-vulnhunter,case_091,completed,deepseek-v4-pro,high,training-big-open.zip,train/sendaifun-vulnhunter/case_091,analyze/ds4_pro/deepseek-v4-pro-0813.zip,True,True
big-open,sendaifun-vulnhunter,case_092,completed,deepseek-v4-pro,high,training-big-open.zip,train/sendaifun-vulnhunter/case_092,analyze/ds4_pro/deepseek-v4-pro-0813.zip,True,True
big-open,sendaifun-vulnhunter,case_093,completed,deepseek-v4-pro,high,training-big-open.zip,train/sendaifun-vulnhunter/case_093,analyze/ds4_pro/deepseek-v4-pro-0813.zip,True,True
big-open,sendaifun-vulnhunter,case_094,completed,deepseek-v4-pro,high,training-big-open.zip,train/sendaifun-vulnhunter/case_094,analyze/ds4_pro/deepseek-v4-pro-0813.zip,True,True
big-open,sendaifun-vulnhunter,case_095,completed,deepseek-v4-pro,high,training-big-open.zip,train/sendaifun-vulnhunter/case_095,analyze/ds4_pro/deepseek-v4-pro-0813.zip,True,True
big-open,sendaifun-vulnhunter,case_096,completed,deepseek-v4-pro,high,training-big-open.zip,train/sendaifun-vulnhunter/case_096,analyze/ds4_pro/deepseek-v4-pro-0813.zip,True,True
big-open,sendaifun-vulnhunter,case_097,completed,deepseek-v4-pro,high,training-big-open.zip,train/sendaifun-vulnhunter/case_097,analyze/ds4_pro/deepseek-v4-pro-0813.zip,True,True
big-open,sendaifun-vulnhunter,case_098,completed,deepseek-v4-pro,high,training-big-open.zip,train/sendaifun-vulnhunter/case_098,analyze/ds4_pro/deepseek-v4-pro-0813.zip,True,True
big-open,sendaifun-vulnhunter,case_099,completed,deepseek-v4-pro,high,training-big-open.zip,train/sendaifun-vulnhunter/case_099,analyze/ds4_pro/deepseek-v4-pro-0813.zip,True,True
big-open,sendaifun-vulnhunter,case_100,completed,deepseek-v4-pro,high,training-big-open.zip,train/sendaifun-vulnhunter/case_100,analyze/ds4_pro/deepseek-v4-pro-0813.zip,True,True
big-open,sickn33-differential-review,case_001,completed,deepseek-v4-pro,high,training-big-open.zip,train/sickn33-differential-review/case_001,analyze/ds4_pro/deepseek-v4-pro-0813.zip,True,True
big-open,sickn33-differential-review,case_002,completed,deepseek-v4-pro,high,training-big-open.zip,train/sickn33-differential-review/case_002,analyze/ds4_pro/deepseek-v4-pro-0813.zip,True,True
big-open,sickn33-differential-review,case_003,completed,deepseek-v4-pro,high,training-big-open.zip,train/sickn33-differential-review/case_003,analyze/ds4_pro/deepseek-v4-pro-0813.zip,True,True
big-open,sickn33-differential-review,case_004,completed,deepseek-v4-pro,high,training-big-open.zip,train/sickn33-differential-review/case_004,analyze/ds4_pro/deepseek-v4-pro-0813.zip,True,True
big-open,sickn33-differential-review,case_005,completed,deepseek-v4-pro,high,training-big-open.zip,train/sickn33-differential-review/case_005,analyze/ds4_pro/deepseek-v4-pro-0813.zip,True,True
big-open,sickn33-differential-review,case_006,completed,deepseek-v4-pro,high,training-big-open.zip,train/sickn33-differential-review/case_006,analyze/ds4_pro/deepseek-v4-pro-0813.zip,True,True
big-open,sickn33-differential-review,case_007,completed,deepseek-v4-pro,high,training-big-open.zip,train/sickn33-differential-review/case_007,analyze/ds4_pro/deepseek-v4-pro-0813.zip,True,True
big-open,sickn33-differential-review,case_008,completed,deepseek-v4-pro,high,training-big-open.zip,train/sickn33-differential-review/case_008,analyze/ds4_pro/deepseek-v4-pro-0813.zip,True,True
big-open,sickn33-differential-review,case_009,completed,deepseek-v4-pro,high,training-big-open.zip,train/sickn33-differential-review/case_009,analyze/ds4_pro/deepseek-v4-pro-0813.zip,True,True
big-open,sickn33-differential-review,case_010,completed,deepseek-v4-pro,high,training-big-open.zip,train/sickn33-differential-review/case_010,analyze/ds4_pro/deepseek-v4-pro-0813.zip,True,True
big-open,sickn33-differential-review,case_011,completed,deepseek-v4-pro,high,training-big-open.zip,train/sickn33-differential-review/case_011,analyze/ds4_pro/deepseek-v4-pro-0813.zip,True,True
big-open,sickn33-differential-review,case_012,completed,deepseek-v4-pro,high,training-big-open.zip,train/sickn33-differential-review/case_012,analyze/ds4_pro/deepseek-v4-pro-0813.zip,True,True
big-open,sickn33-differential-review,case_013,completed,deepseek-v4-pro,high,training-big-open.zip,train/sickn33-differential-review/case_013,analyze/ds4_pro/deepseek-v4-pro-0813.zip,True,True
big-open,sickn33-differential-review,case_014,completed,deepseek-v4-pro,high,training-big-open.zip,train/sickn33-differential-review/case_014,analyze/ds4_pro/deepseek-v4-pro-0813.zip,True,True
big-open,sickn33-differential-review,case_015,completed,deepseek-v4-pro,high,training-big-open.zip,train/sickn33-differential-review/case_015,analyze/ds4_pro/deepseek-v4-pro-0813.zip,True,True
big-open,sickn33-differential-review,case_016,completed,deepseek-v4-pro,high,training-big-open.zip,train/sickn33-differential-review/case_016,analyze/ds4_pro/deepseek-v4-pro-0813.zip,True,True
big-open,sickn33-differential-review,case_017,completed,deepseek-v4-pro,high,training-big-open.zip,train/sickn33-differential-review/case_017,analyze/ds4_pro/deepseek-v4-pro-0813.zip,True,True
big-open,sickn33-differential-review,case_018,completed,deepseek-v4-pro,high,training-big-open.zip,train/sickn33-differential-review/case_018,analyze/ds4_pro/deepseek-v4-pro-0813.zip,True,True
big-open,sickn33-differential-review,case_019,completed,deepseek-v4-pro,high,training-big-open.zip,train/sickn33-differential-review/case_019,analyze/ds4_pro/deepseek-v4-pro-0813.zip,True,True
big-open,sickn33-differential-review,case_020,completed,deepseek-v4-pro,high,training-big-open.zip,train/sickn33-differential-review/case_020,analyze/ds4_pro/deepseek-v4-pro-0813.zip,True,True
big-open,sickn33-differential-review,case_021,completed,deepseek-v4-pro,high,training-big-open.zip,train/sickn33-differential-review/case_021,analyze/ds4_pro/deepseek-v4-pro-0813.zip,True,True
big-open,sickn33-differential-review,case_022,completed,deepseek-v4-pro,high,training-big-open.zip,train/sickn33-differential-review/case_022,analyze/ds4_pro/deepseek-v4-pro-0813.zip,True,True
big-open,sickn33-differential-review,case_023,completed,deepseek-v4-pro,high,training-big-open.zip,train/sickn33-differential-review/case_023,analyze/ds4_pro/deepseek-v4-pro-0813.zip,True,True
big-open,sickn33-differential-review,case_024,completed,deepseek-v4-pro,high,training-big-open.zip,train/sickn33-differential-review/case_024,analyze/ds4_pro/deepseek-v4-pro-0813.zip,True,True
big-open,sickn33-differential-review,case_025,completed,deepseek-v4-pro,high,training-big-open.zip,train/sickn33-differential-review/case_025,analyze/ds4_pro/deepseek-v4-pro-0813.zip,True,True
big-open,sickn33-differential-review,case_026,completed,deepseek-v4-pro,high,training-big-open.zip,train/sickn33-differential-review/case_026,analyze/ds4_pro/deepseek-v4-pro-0813.zip,True,True
big-open,sickn33-differential-review,case_027,completed,deepseek-v4-pro,high,training-big-open.zip,train/sickn33-differential-review/case_027,analyze/ds4_pro/deepseek-v4-pro-0813.zip,True,True
big-open,sickn33-differential-review,case_028,completed,deepseek-v4-pro,high,training-big-open.zip,train/sickn33-differential-review/case_028,analyze/ds4_pro/deepseek-v4-pro-0813.zip,True,True
big-open,sickn33-differential-review,case_029,completed,deepseek-v4-pro,high,training-big-open.zip,train/sickn33-differential-review/case_029,analyze/ds4_pro/deepseek-v4-pro-0813.zip,True,True
big-open,sickn33-differential-review,case_030,completed,deepseek-v4-pro,high,training-big-open.zip,train/sickn33-differential-review/case_030,analyze/ds4_pro/deepseek-v4-pro-0813.zip,True,True
big-open,sickn33-differential-review,case_031,completed,deepseek-v4-pro,high,training-big-open.zip,train/sickn33-differential-review/case_031,analyze/ds4_pro/deepseek-v4-pro-0813.zip,True,True
big-open,sickn33-differential-review,case_032,completed,deepseek-v4-pro,high,training-big-open.zip,train/sickn33-differential-review/case_032,analyze/ds4_pro/deepseek-v4-pro-0813.zip,True,True
big-open,sickn33-differential-review,case_033,completed,deepseek-v4-pro,high,training-big-open.zip,train/sickn33-differential-review/case_033,analyze/ds4_pro/deepseek-v4-pro-0813.zip,True,True
big-open,sickn33-differential-review,case_034,completed,deepseek-v4-pro,high,training-big-open.zip,train/sickn33-differential-review/case_034,analyze/ds4_pro/deepseek-v4-pro-0813.zip,True,True
big-open,sickn33-differential-review,case_035,completed,deepseek-v4-pro,high,training-big-open.zip,train/sickn33-differential-review/case_035,analyze/ds4_pro/deepseek-v4-pro-0813.zip,True,True
big-open,sickn33-differential-review,case_036,completed,deepseek-v4-pro,high,training-big-open.zip,train/sickn33-differential-review/case_036,analyze/ds4_pro/deepseek-v4-pro-0813.zip,True,True
big-open,sickn33-differential-review,case_037,completed,deepseek-v4-pro,high,training-big-open.zip,train/sickn33-differential-review/case_037,analyze/ds4_pro/deepseek-v4-pro-0813.zip,True,True
big-open,sickn33-differential-review,case_038,completed,deepseek-v4-pro,high,training-big-open.zip,train/sickn33-differential-review/case_038,analyze/ds4_pro/deepseek-v4-pro-0813.zip,True,True
big-open,sickn33-differential-review,case_039,completed,deepseek-v4-pro,high,training-big-open.zip,train/sickn33-differential-review/case_039,analyze/ds4_pro/deepseek-v4-pro-0813.zip,True,True
big-open,sickn33-differential-review,case_040,completed,deepseek-v4-pro,high,training-big-open.zip,train/sickn33-differential-review/case_040,analyze/ds4_pro/deepseek-v4-pro-0813.zip,True,True
big-open,sickn33-differential-review,case_041,completed,deepseek-v4-pro,high,training-big-open.zip,train/sickn33-differential-review/case_041,analyze/ds4_pro/deepseek-v4-pro-0813.zip,True,True
big-open,sickn33-differential-review,case_042,completed,deepseek-v4-pro,high,training-big-open.zip,train/sickn33-differential-review/case_042,analyze/ds4_pro/deepseek-v4-pro-0813.zip,True,True
big-open,sickn33-differential-review,case_043,completed,deepseek-v4-pro,high,training-big-open.zip,train/sickn33-differential-review/case_043,analyze/ds4_pro/deepseek-v4-pro-0813.zip,True,True
big-open,sickn33-differential-review,case_044,completed,deepseek-v4-pro,high,training-big-open.zip,train/sickn33-differential-review/case_044,analyze/ds4_pro/deepseek-v4-pro-0813.zip,True,True
big-open,sickn33-differential-review,case_045,completed,deepseek-v4-pro,high,training-big-open.zip,train/sickn33-differential-review/case_045,analyze/ds4_pro/deepseek-v4-pro-0813.zip,True,True
big-open,sickn33-differential-review,case_046,completed,deepseek-v4-pro,high,training-big-open.zip,train/sickn33-differential-review/case_046,analyze/ds4_pro/deepseek-v4-pro-0813.zip,True,True
big-open,sickn33-differential-review,case_047,completed,deepseek-v4-pro,high,training-big-open.zip,train/sickn33-differential-review/case_047,analyze/ds4_pro/deepseek-v4-pro-0813.zip,True,True
big-open,sickn33-differential-review,case_048,completed,deepseek-v4-pro,high,training-big-open.zip,train/sickn33-differential-review/case_048,analyze/ds4_pro/deepseek-v4-pro-0813.zip,True,True
big-open,sickn33-differential-review,case_049,completed,deepseek-v4-pro,high,training-big-open.zip,train/sickn33-differential-review/case_049,analyze/ds4_pro/deepseek-v4-pro-0813.zip,True,True
big-open,sickn33-differential-review,case_050,completed,deepseek-v4-pro,high,training-big-open.zip,train/sickn33-differential-review/case_050,analyze/ds4_pro/deepseek-v4-pro-0813.zip,True,True
big-open,sickn33-differential-review,case_051,completed,deepseek-v4-pro,high,training-big-open.zip,train/sickn33-differential-review/case_051,analyze/ds4_pro/deepseek-v4-pro-0813.zip,True,True
big-open,sickn33-differential-review,case_052,completed,deepseek-v4-pro,high,training-big-open.zip,train/sickn33-differential-review/case_052,analyze/ds4_pro/deepseek-v4-pro-0813.zip,True,True
big-open,sickn33-differential-review,case_053,completed,deepseek-v4-pro,high,training-big-open.zip,train/sickn33-differential-review/case_053,analyze/ds4_pro/deepseek-v4-pro-0813.zip,True,True
big-open,sickn33-differential-review,case_054,completed,deepseek-v4-pro,high,training-big-open.zip,train/sickn33-differential-review/case_054,analyze/ds4_pro/deepseek-v4-pro-0813.zip,True,True
big-open,sickn33-differential-review,case_055,completed,deepseek-v4-pro,high,training-big-open.zip,train/sickn33-differential-review/case_055,analyze/ds4_pro/deepseek-v4-pro-0813.zip,True,True
big-open,sickn33-differential-review,case_056,completed,deepseek-v4-pro,high,training-big-open.zip,train/sickn33-differential-review/case_056,analyze/ds4_pro/deepseek-v4-pro-0813.zip,True,True
big-open,sickn33-differential-review,case_057,completed,deepseek-v4-pro,high,training-big-open.zip,train/sickn33-differential-review/case_057,analyze/ds4_pro/deepseek-v4-pro-0813.zip,True,True
big-open,sickn33-differential-review,case_058,completed,deepseek-v4-pro,high,training-big-open.zip,train/sickn33-differential-review/case_058,analyze/ds4_pro/deepseek-v4-pro-0813.zip,True,True
big-open,sickn33-differential-review,case_059,completed,deepseek-v4-pro,high,training-big-open.zip,train/sickn33-differential-review/case_059,analyze/ds4_pro/deepseek-v4-pro-0813.zip,True,True
big-open,sickn33-differential-review,case_060,completed,deepseek-v4-pro,high,training-big-open.zip,train/sickn33-differential-review/case_060,analyze/ds4_pro/deepseek-v4-pro-0813.zip,True,True
big-open,sickn33-differential-review,case_061,completed,deepseek-v4-pro,high,training-big-open.zip,train/sickn33-differential-review/case_061,analyze/ds4_pro/deepseek-v4-pro-0813.zip,True,True
big-open,sickn33-differential-review,case_062,completed,deepseek-v4-pro,high,training-big-open.zip,train/sickn33-differential-review/case_062,analyze/ds4_pro/deepseek-v4-pro-0813.zip,True,True
big-open,sickn33-differential-review,case_063,completed,deepseek-v4-pro,high,training-big-open.zip,train/sickn33-differential-review/case_063,analyze/ds4_pro/deepseek-v4-pro-0813.zip,True,True
big-open,sickn33-differential-review,case_064,completed,deepseek-v4-pro,high,training-big-open.zip,train/sickn33-differential-review/case_064,analyze/ds4_pro/deepseek-v4-pro-0813.zip,True,True
big-open,sickn33-differential-review,case_065,completed,deepseek-v4-pro,high,training-big-open.zip,train/sickn33-differential-review/case_065,analyze/ds4_pro/deepseek-v4-pro-0813.zip,True,True
big-open,sickn33-differential-review,case_066,completed,deepseek-v4-pro,high,training-big-open.zip,train/sickn33-differential-review/case_066,analyze/ds4_pro/deepseek-v4-pro-0813.zip,True,True
big-open,sickn33-differential-review,case_067,completed,deepseek-v4-pro,high,training-big-open.zip,train/sickn33-differential-review/case_067,analyze/ds4_pro/deepseek-v4-pro-0813.zip,True,True
big-open,sickn33-differential-review,case_068,completed,deepseek-v4-pro,high,training-big-open.zip,train/sickn33-differential-review/case_068,analyze/ds4_pro/deepseek-v4-pro-0813.zip,True,True
big-open,sickn33-differential-review,case_069,completed,deepseek-v4-pro,high,training-big-open.zip,train/sickn33-differential-review/case_069,analyze/ds4_pro/deepseek-v4-pro-0813.zip,True,True
big-open,sickn33-differential-review,case_070,completed,deepseek-v4-pro,high,training-big-open.zip,train/sickn33-differential-review/case_070,analyze/ds4_pro/deepseek-v4-pro-0813.zip,True,True
big-open,sickn33-differential-review,case_071,completed,deepseek-v4-pro,high,training-big-open.zip,train/sickn33-differential-review/case_071,analyze/ds4_pro/deepseek-v4-pro-0813.zip,True,True
big-open,sickn33-differential-review,case_072,completed,deepseek-v4-pro,high,training-big-open.zip,train/sickn33-differential-review/case_072,analyze/ds4_pro/deepseek-v4-pro-0813.zip,True,True
big-open,sickn33-differential-review,case_073,completed,deepseek-v4-pro,high,training-big-open.zip,train/sickn33-differential-review/case_073,analyze/ds4_pro/deepseek-v4-pro-0813.zip,True,True
big-open,sickn33-differential-review,case_074,completed,deepseek-v4-pro,high,training-big-open.zip,train/sickn33-differential-review/case_074,analyze/ds4_pro/deepseek-v4-pro-0813.zip,True,True
big-open,sickn33-differential-review,case_075,completed,deepseek-v4-pro,high,training-big-open.zip,train/sickn33-differential-review/case_075,analyze/ds4_pro/deepseek-v4-pro-0813.zip,True,True
big-open,sickn33-differential-review,case_076,completed,deepseek-v4-pro,high,training-big-open.zip,train/sickn33-differential-review/case_076,analyze/ds4_pro/deepseek-v4-pro-0813.zip,True,True
big-open,sickn33-differential-review,case_077,completed,deepseek-v4-pro,high,training-big-open.zip,train/sickn33-differential-review/case_077,analyze/ds4_pro/deepseek-v4-pro-0813.zip,True,True
big-open,sickn33-differential-review,case_078,completed,deepseek-v4-pro,high,training-big-open.zip,train/sickn33-differential-review/case_078,analyze/ds4_pro/deepseek-v4-pro-0813.zip,True,True
big-open,sickn33-differential-review,case_079,completed,deepseek-v4-pro,high,training-big-open.zip,train/sickn33-differential-review/case_079,analyze/ds4_pro/deepseek-v4-pro-0813.zip,True,True
big-open,sickn33-differential-review,case_080,completed,deepseek-v4-pro,high,training-big-open.zip,train/sickn33-differential-review/case_080,analyze/ds4_pro/deepseek-v4-pro-0813.zip,True,True
big-open,sickn33-differential-review,case_081,completed,deepseek-v4-pro,high,training-big-open.zip,train/sickn33-differential-review/case_081,analyze/ds4_pro/deepseek-v4-pro-0813.zip,True,True
big-open,sickn33-differential-review,case_082,completed,deepseek-v4-pro,high,training-big-open.zip,train/sickn33-differential-review/case_082,analyze/ds4_pro/deepseek-v4-pro-0813.zip,True,True
big-open,sickn33-differential-review,case_083,completed,deepseek-v4-pro,high,training-big-open.zip,train/sickn33-differential-review/case_083,analyze/ds4_pro/deepseek-v4-pro-0813.zip,True,True
big-open,sickn33-differential-review,case_084,completed,deepseek-v4-pro,high,training-big-open.zip,train/sickn33-differential-review/case_084,analyze/ds4_pro/deepseek-v4-pro-0813.zip,True,True
big-open,sickn33-differential-review,case_085,completed,deepseek-v4-pro,high,training-big-open.zip,train/sickn33-differential-review/case_085,analyze/ds4_pro/deepseek-v4-pro-0813.zip,True,True
big-open,sickn33-differential-review,case_086,completed,deepseek-v4-pro,high,training-big-open.zip,train/sickn33-differential-review/case_086,analyze/ds4_pro/deepseek-v4-pro-0813.zip,True,True
big-open,sickn33-differential-review,case_087,completed,deepseek-v4-pro,high,training-big-open.zip,train/sickn33-differential-review/case_087,analyze/ds4_pro/deepseek-v4-pro-0813.zip,True,True
big-open,sickn33-differential-review,case_088,completed,deepseek-v4-pro,high,training-big-open.zip,train/sickn33-differential-review/case_088,analyze/ds4_pro/deepseek-v4-pro-0813.zip,True,True
big-open,sickn33-differential-review,case_089,completed,deepseek-v4-pro,high,training-big-open.zip,train/sickn33-differential-review/case_089,analyze/ds4_pro/deepseek-v4-pro-0813.zip,True,True
big-open,sickn33-differential-review,case_090,completed,deepseek-v4-pro,high,training-big-open.zip,train/sickn33-differential-review/case_090,analyze/ds4_pro/deepseek-v4-pro-0813.zip,True,True
big-open,sickn33-differential-review,case_091,completed,deepseek-v4-pro,high,training-big-open.zip,train/sickn33-differential-review/case_091,analyze/ds4_pro/deepseek-v4-pro-0813.zip,True,True
big-open,sickn33-differential-review,case_092,completed,deepseek-v4-pro,high,training-big-open.zip,train/sickn33-differential-review/case_092,analyze/ds4_pro/deepseek-v4-pro-0813.zip,True,True
big-open,sickn33-differential-review,case_093,completed,deepseek-v4-pro,high,training-big-open.zip,train/sickn33-differential-review/case_093,analyze/ds4_pro/deepseek-v4-pro-0813.zip,True,True
big-open,sickn33-differential-review,case_094,completed,deepseek-v4-pro,high,training-big-open.zip,train/sickn33-differential-review/case_094,analyze/ds4_pro/deepseek-v4-pro-0813.zip,True,True
big-open,sickn33-differential-review,case_095,completed,deepseek-v4-pro,high,training-big-open.zip,train/sickn33-differential-review/case_095,analyze/ds4_pro/deepseek-v4-pro-0813.zip,True,True
big-open,sickn33-differential-review,case_096,completed,deepseek-v4-pro,high,training-big-open.zip,train/sickn33-differential-review/case_096,analyze/ds4_pro/deepseek-v4-pro-0813.zip,True,True
big-open,sickn33-differential-review,case_097,completed,deepseek-v4-pro,high,training-big-open.zip,train/sickn33-differential-review/case_097,analyze/ds4_pro/deepseek-v4-pro-0813.zip,True,True
big-open,sickn33-differential-review,case_098,completed,deepseek-v4-pro,high,training-big-open.zip,train/sickn33-differential-review/case_098,analyze/ds4_pro/deepseek-v4-pro-0813.zip,True,True
big-open,sickn33-differential-review,case_099,completed,deepseek-v4-pro,high,training-big-open.zip,train/sickn33-differential-review/case_099,analyze/ds4_pro/deepseek-v4-pro-0813.zip,True,True
big-open,sickn33-differential-review,case_100,completed,deepseek-v4-pro,high,training-big-open.zip,train/sickn33-differential-review/case_100,analyze/ds4_pro/deepseek-v4-pro-0813.zip,True,True
big-open,source-code-audit,case_001,completed,deepseek-v4-pro,high,training-big-open.zip,train/source-code-audit/case_001,analyze/ds4_pro/deepseek-v4-pro-0813.zip,True,True
big-open,source-code-audit,case_002,completed,deepseek-v4-pro,high,training-big-open.zip,train/source-code-audit/case_002,analyze/ds4_pro/deepseek-v4-pro-0813.zip,True,True
big-open,source-code-audit,case_003,completed,deepseek-v4-pro,high,training-big-open.zip,train/source-code-audit/case_003,analyze/ds4_pro/deepseek-v4-pro-0813.zip,True,True
big-open,source-code-audit,case_004,completed,deepseek-v4-pro,high,training-big-open.zip,train/source-code-audit/case_004,analyze/ds4_pro/deepseek-v4-pro-0813.zip,True,True
big-open,source-code-audit,case_005,completed,deepseek-v4-pro,high,training-big-open.zip,train/source-code-audit/case_005,analyze/ds4_pro/deepseek-v4-pro-0813.zip,True,True
big-open,source-code-audit,case_006,completed,deepseek-v4-pro,high,training-big-open.zip,train/source-code-audit/case_006,analyze/ds4_pro/deepseek-v4-pro-0813.zip,True,True
big-open,source-code-audit,case_007,completed,deepseek-v4-pro,high,training-big-open.zip,train/source-code-audit/case_007,analyze/ds4_pro/deepseek-v4-pro-0813.zip,True,True
big-open,source-code-audit,case_008,completed,deepseek-v4-pro,high,training-big-open.zip,train/source-code-audit/case_008,analyze/ds4_pro/deepseek-v4-pro-0813.zip,True,True
big-open,source-code-audit,case_009,completed,deepseek-v4-pro,high,training-big-open.zip,train/source-code-audit/case_009,analyze/ds4_pro/deepseek-v4-pro-0813.zip,True,True
big-open,source-code-audit,case_010,completed,deepseek-v4-pro,high,training-big-open.zip,train/source-code-audit/case_010,analyze/ds4_pro/deepseek-v4-pro-0813.zip,True,True
big-open,source-code-audit,case_011,completed,deepseek-v4-pro,high,training-big-open.zip,train/source-code-audit/case_011,analyze/ds4_pro/deepseek-v4-pro-0813.zip,True,True
big-open,source-code-audit,case_012,completed,deepseek-v4-pro,high,training-big-open.zip,train/source-code-audit/case_012,analyze/ds4_pro/deepseek-v4-pro-0813.zip,True,True
big-open,source-code-audit,case_013,completed,deepseek-v4-pro,high,training-big-open.zip,train/source-code-audit/case_013,analyze/ds4_pro/deepseek-v4-pro-0813.zip,True,True
big-open,source-code-audit,case_014,completed,deepseek-v4-pro,high,training-big-open.zip,train/source-code-audit/case_014,analyze/ds4_pro/deepseek-v4-pro-0813.zip,True,True
big-open,source-code-audit,case_015,completed,deepseek-v4-pro,high,training-big-open.zip,train/source-code-audit/case_015,analyze/ds4_pro/deepseek-v4-pro-0813.zip,True,True
big-open,source-code-audit,case_016,completed,deepseek-v4-pro,high,training-big-open.zip,train/source-code-audit/case_016,analyze/ds4_pro/deepseek-v4-pro-0813.zip,True,True
big-open,source-code-audit,case_017,completed,deepseek-v4-pro,high,training-big-open.zip,train/source-code-audit/case_017,analyze/ds4_pro/deepseek-v4-pro-0813.zip,True,True
big-open,source-code-audit,case_018,completed,deepseek-v4-pro,high,training-big-open.zip,train/source-code-audit/case_018,analyze/ds4_pro/deepseek-v4-pro-0813.zip,True,True
big-open,source-code-audit,case_019,completed,deepseek-v4-pro,high,training-big-open.zip,train/source-code-audit/case_019,analyze/ds4_pro/deepseek-v4-pro-0813.zip,True,True
big-open,source-code-audit,case_020,completed,deepseek-v4-pro,high,training-big-open.zip,train/source-code-audit/case_020,analyze/ds4_pro/deepseek-v4-pro-0813.zip,True,True
big-open,source-code-audit,case_021,completed,deepseek-v4-pro,high,training-big-open.zip,train/source-code-audit/case_021,analyze/ds4_pro/deepseek-v4-pro-0813.zip,True,True
big-open,source-code-audit,case_022,completed,deepseek-v4-pro,high,training-big-open.zip,train/source-code-audit/case_022,analyze/ds4_pro/deepseek-v4-pro-0813.zip,True,True
big-open,source-code-audit,case_023,completed,deepseek-v4-pro,high,training-big-open.zip,train/source-code-audit/case_023,analyze/ds4_pro/deepseek-v4-pro-0813.zip,True,True
big-open,source-code-audit,case_024,completed,deepseek-v4-pro,high,training-big-open.zip,train/source-code-audit/case_024,analyze/ds4_pro/deepseek-v4-pro-0813.zip,True,True
big-open,source-code-audit,case_025,completed,deepseek-v4-pro,high,training-big-open.zip,train/source-code-audit/case_025,analyze/ds4_pro/deepseek-v4-pro-0813.zip,True,True
big-open,source-code-audit,case_026,completed,deepseek-v4-pro,high,training-big-open.zip,train/source-code-audit/case_026,analyze/ds4_pro/deepseek-v4-pro-0813.zip,True,True
big-open,source-code-audit,case_027,completed,deepseek-v4-pro,high,training-big-open.zip,train/source-code-audit/case_027,analyze/ds4_pro/deepseek-v4-pro-0813.zip,True,True
big-open,source-code-audit,case_028,completed,deepseek-v4-pro,high,training-big-open.zip,train/source-code-audit/case_028,analyze/ds4_pro/deepseek-v4-pro-0813.zip,True,True
big-open,source-code-audit,case_029,completed,deepseek-v4-pro,high,training-big-open.zip,train/source-code-audit/case_029,analyze/ds4_pro/deepseek-v4-pro-0813.zip,True,True
big-open,source-code-audit,case_030,completed,deepseek-v4-pro,high,training-big-open.zip,train/source-code-audit/case_030,analyze/ds4_pro/deepseek-v4-pro-0813.zip,True,True
big-open,source-code-audit,case_031,completed,deepseek-v4-pro,high,training-big-open.zip,train/source-code-audit/case_031,analyze/ds4_pro/deepseek-v4-pro-0813.zip,True,True
big-open,source-code-audit,case_032,completed,deepseek-v4-pro,high,training-big-open.zip,train/source-code-audit/case_032,analyze/ds4_pro/deepseek-v4-pro-0813.zip,True,True
big-open,source-code-audit,case_033,completed,deepseek-v4-pro,high,training-big-open.zip,train/source-code-audit/case_033,analyze/ds4_pro/deepseek-v4-pro-0813.zip,True,True
big-open,source-code-audit,case_034,completed,deepseek-v4-pro,high,training-big-open.zip,train/source-code-audit/case_034,analyze/ds4_pro/deepseek-v4-pro-0813.zip,True,True
big-open,source-code-audit,case_035,completed,deepseek-v4-pro,high,training-big-open.zip,train/source-code-audit/case_035,analyze/ds4_pro/deepseek-v4-pro-0813.zip,True,True
big-open,source-code-audit,case_036,completed,deepseek-v4-pro,high,training-big-open.zip,train/source-code-audit/case_036,analyze/ds4_pro/deepseek-v4-pro-0813.zip,True,True
big-open,source-code-audit,case_037,completed,deepseek-v4-pro,high,training-big-open.zip,train/source-code-audit/case_037,analyze/ds4_pro/deepseek-v4-pro-0813.zip,True,True
big-open,source-code-audit,case_038,completed,deepseek-v4-pro,high,training-big-open.zip,train/source-code-audit/case_038,analyze/ds4_pro/deepseek-v4-pro-0813.zip,True,True
big-open,source-code-audit,case_039,completed,deepseek-v4-pro,high,training-big-open.zip,train/source-code-audit/case_039,analyze/ds4_pro/deepseek-v4-pro-0813.zip,True,True
big-open,source-code-audit,case_040,completed,deepseek-v4-pro,high,training-big-open.zip,train/source-code-audit/case_040,analyze/ds4_pro/deepseek-v4-pro-0813.zip,True,True
big-open,source-code-audit,case_041,completed,deepseek-v4-pro,high,training-big-open.zip,train/source-code-audit/case_041,analyze/ds4_pro/deepseek-v4-pro-0813.zip,True,True
big-open,source-code-audit,case_042,completed,deepseek-v4-pro,high,training-big-open.zip,train/source-code-audit/case_042,analyze/ds4_pro/deepseek-v4-pro-0813.zip,True,True
big-open,source-code-audit,case_043,completed,deepseek-v4-pro,high,training-big-open.zip,train/source-code-audit/case_043,analyze/ds4_pro/deepseek-v4-pro-0813.zip,True,True
big-open,source-code-audit,case_044,completed,deepseek-v4-pro,high,training-big-open.zip,train/source-code-audit/case_044,analyze/ds4_pro/deepseek-v4-pro-0813.zip,True,True
big-open,source-code-audit,case_045,completed,deepseek-v4-pro,high,training-big-open.zip,train/source-code-audit/case_045,analyze/ds4_pro/deepseek-v4-pro-0813.zip,True,True
big-open,source-code-audit,case_046,completed,deepseek-v4-pro,high,training-big-open.zip,train/source-code-audit/case_046,analyze/ds4_pro/deepseek-v4-pro-0813.zip,True,True
big-open,source-code-audit,case_047,completed,deepseek-v4-pro,high,training-big-open.zip,train/source-code-audit/case_047,analyze/ds4_pro/deepseek-v4-pro-0813.zip,True,True
big-open,source-code-audit,case_048,completed,deepseek-v4-pro,high,training-big-open.zip,train/source-code-audit/case_048,analyze/ds4_pro/deepseek-v4-pro-0813.zip,True,True
big-open,source-code-audit,case_049,completed,deepseek-v4-pro,high,training-big-open.zip,train/source-code-audit/case_049,analyze/ds4_pro/deepseek-v4-pro-0813.zip,True,True
big-open,source-code-audit,case_050,completed,deepseek-v4-pro,high,training-big-open.zip,train/source-code-audit/case_050,analyze/ds4_pro/deepseek-v4-pro-0813.zip,True,True
big-open,source-code-audit,case_051,completed,deepseek-v4-pro,high,training-big-open.zip,train/source-code-audit/case_051,analyze/ds4_pro/deepseek-v4-pro-0813.zip,True,True
big-open,source-code-audit,case_052,completed,deepseek-v4-pro,high,training-big-open.zip,train/source-code-audit/case_052,analyze/ds4_pro/deepseek-v4-pro-0813.zip,True,True
big-open,source-code-audit,case_053,completed,deepseek-v4-pro,high,training-big-open.zip,train/source-code-audit/case_053,analyze/ds4_pro/deepseek-v4-pro-0813.zip,True,True
big-open,source-code-audit,case_054,completed,deepseek-v4-pro,high,training-big-open.zip,train/source-code-audit/case_054,analyze/ds4_pro/deepseek-v4-pro-0813.zip,True,True
big-open,source-code-audit,case_055,completed,deepseek-v4-pro,high,training-big-open.zip,train/source-code-audit/case_055,analyze/ds4_pro/deepseek-v4-pro-0813.zip,True,True
big-open,source-code-audit,case_056,completed,deepseek-v4-pro,high,training-big-open.zip,train/source-code-audit/case_056,analyze/ds4_pro/deepseek-v4-pro-0813.zip,True,True
big-open,source-code-audit,case_057,completed,deepseek-v4-pro,high,training-big-open.zip,train/source-code-audit/case_057,analyze/ds4_pro/deepseek-v4-pro-0813.zip,True,True
big-open,source-code-audit,case_058,completed,deepseek-v4-pro,high,training-big-open.zip,train/source-code-audit/case_058,analyze/ds4_pro/deepseek-v4-pro-0813.zip,True,True
big-open,source-code-audit,case_059,completed,deepseek-v4-pro,high,training-big-open.zip,train/source-code-audit/case_059,analyze/ds4_pro/deepseek-v4-pro-0813.zip,True,True
big-open,source-code-audit,case_060,completed,deepseek-v4-pro,high,training-big-open.zip,train/source-code-audit/case_060,analyze/ds4_pro/deepseek-v4-pro-0813.zip,True,True
big-open,source-code-audit,case_061,completed,deepseek-v4-pro,high,training-big-open.zip,train/source-code-audit/case_061,analyze/ds4_pro/deepseek-v4-pro-0813.zip,True,True
big-open,source-code-audit,case_062,completed,deepseek-v4-pro,high,training-big-open.zip,train/source-code-audit/case_062,analyze/ds4_pro/deepseek-v4-pro-0813.zip,True,True
big-open,source-code-audit,case_063,completed,deepseek-v4-pro,high,training-big-open.zip,train/source-code-audit/case_063,analyze/ds4_pro/deepseek-v4-pro-0813.zip,True,True
big-open,source-code-audit,case_064,completed,deepseek-v4-pro,high,training-big-open.zip,train/source-code-audit/case_064,analyze/ds4_pro/deepseek-v4-pro-0813.zip,True,True
big-open,source-code-audit,case_065,completed,deepseek-v4-pro,high,training-big-open.zip,train/source-code-audit/case_065,analyze/ds4_pro/deepseek-v4-pro-0813.zip,True,True
big-open,source-code-audit,case_066,completed,deepseek-v4-pro,high,training-big-open.zip,train/source-code-audit/case_066,analyze/ds4_pro/deepseek-v4-pro-0813.zip,True,True
big-open,source-code-audit,case_067,completed,deepseek-v4-pro,high,training-big-open.zip,train/source-code-audit/case_067,analyze/ds4_pro/deepseek-v4-pro-0813.zip,True,True
big-open,source-code-audit,case_068,completed,deepseek-v4-pro,high,training-big-open.zip,train/source-code-audit/case_068,analyze/ds4_pro/deepseek-v4-pro-0813.zip,True,True
big-open,source-code-audit,case_069,completed,deepseek-v4-pro,high,training-big-open.zip,train/source-code-audit/case_069,analyze/ds4_pro/deepseek-v4-pro-0813.zip,True,True
big-open,source-code-audit,case_070,completed,deepseek-v4-pro,high,training-big-open.zip,train/source-code-audit/case_070,analyze/ds4_pro/deepseek-v4-pro-0813.zip,True,True
big-open,source-code-audit,case_071,completed,deepseek-v4-pro,high,training-big-open.zip,train/source-code-audit/case_071,analyze/ds4_pro/deepseek-v4-pro-0813.zip,True,True
big-open,source-code-audit,case_072,completed,deepseek-v4-pro,high,training-big-open.zip,train/source-code-audit/case_072,analyze/ds4_pro/deepseek-v4-pro-0813.zip,True,True
big-open,source-code-audit,case_073,completed,deepseek-v4-pro,high,training-big-open.zip,train/source-code-audit/case_073,analyze/ds4_pro/deepseek-v4-pro-0813.zip,True,True
big-open,source-code-audit,case_074,completed,deepseek-v4-pro,high,training-big-open.zip,train/source-code-audit/case_074,analyze/ds4_pro/deepseek-v4-pro-0813.zip,True,True
big-open,source-code-audit,case_075,completed,deepseek-v4-pro,high,training-big-open.zip,train/source-code-audit/case_075,analyze/ds4_pro/deepseek-v4-pro-0813.zip,True,True
big-open,source-code-audit,case_076,completed,deepseek-v4-pro,high,training-big-open.zip,train/source-code-audit/case_076,analyze/ds4_pro/deepseek-v4-pro-0813.zip,True,True
big-open,source-code-audit,case_077,completed,deepseek-v4-pro,high,training-big-open.zip,train/source-code-audit/case_077,analyze/ds4_pro/deepseek-v4-pro-0813.zip,True,True
big-open,source-code-audit,case_078,completed,deepseek-v4-pro,high,training-big-open.zip,train/source-code-audit/case_078,analyze/ds4_pro/deepseek-v4-pro-0813.zip,True,True
big-open,source-code-audit,case_079,completed,deepseek-v4-pro,high,training-big-open.zip,train/source-code-audit/case_079,analyze/ds4_pro/deepseek-v4-pro-0813.zip,True,True
big-open,source-code-audit,case_080,completed,deepseek-v4-pro,high,training-big-open.zip,train/source-code-audit/case_080,analyze/ds4_pro/deepseek-v4-pro-0813.zip,True,True
big-open,source-code-audit,case_081,completed,deepseek-v4-pro,high,training-big-open.zip,train/source-code-audit/case_081,analyze/ds4_pro/deepseek-v4-pro-0813.zip,True,True
big-open,source-code-audit,case_082,completed,deepseek-v4-pro,high,training-big-open.zip,train/source-code-audit/case_082,analyze/ds4_pro/deepseek-v4-pro-0813.zip,True,True
big-open,source-code-audit,case_083,completed,deepseek-v4-pro,high,training-big-open.zip,train/source-code-audit/case_083,analyze/ds4_pro/deepseek-v4-pro-0813.zip,True,True
big-open,source-code-audit,case_084,completed,deepseek-v4-pro,high,training-big-open.zip,train/source-code-audit/case_084,analyze/ds4_pro/deepseek-v4-pro-0813.zip,True,True
big-open,source-code-audit,case_085,completed,deepseek-v4-pro,high,training-big-open.zip,train/source-code-audit/case_085,analyze/ds4_pro/deepseek-v4-pro-0813.zip,True,True
big-open,source-code-audit,case_086,completed,deepseek-v4-pro,high,training-big-open.zip,train/source-code-audit/case_086,analyze/ds4_pro/deepseek-v4-pro-0813.zip,True,True
big-open,source-code-audit,case_087,completed,deepseek-v4-pro,high,training-big-open.zip,train/source-code-audit/case_087,analyze/ds4_pro/deepseek-v4-pro-0813.zip,True,True
big-open,source-code-audit,case_088,completed,deepseek-v4-pro,high,training-big-open.zip,train/source-code-audit/case_088,analyze/ds4_pro/deepseek-v4-pro-0813.zip,True,True
big-open,source-code-audit,case_089,completed,deepseek-v4-pro,high,training-big-open.zip,train/source-code-audit/case_089,analyze/ds4_pro/deepseek-v4-pro-0813.zip,True,True
big-open,source-code-audit,case_090,completed,deepseek-v4-pro,high,training-big-open.zip,train/source-code-audit/case_090,analyze/ds4_pro/deepseek-v4-pro-0813.zip,True,True
big-open,source-code-audit,case_091,completed,deepseek-v4-pro,high,training-big-open.zip,train/source-code-audit/case_091,analyze/ds4_pro/deepseek-v4-pro-0813.zip,True,True
big-open,source-code-audit,case_092,completed,deepseek-v4-pro,high,training-big-open.zip,train/source-code-audit/case_092,analyze/ds4_pro/deepseek-v4-pro-0813.zip,True,True
big-open,source-code-audit,case_093,completed,deepseek-v4-pro,high,training-big-open.zip,train/source-code-audit/case_093,analyze/ds4_pro/deepseek-v4-pro-0813.zip,True,True
big-open,source-code-audit,case_094,completed,deepseek-v4-pro,high,training-big-open.zip,train/source-code-audit/case_094,analyze/ds4_pro/deepseek-v4-pro-0813.zip,True,True
big-open,source-code-audit,case_095,completed,deepseek-v4-pro,high,training-big-open.zip,train/source-code-audit/case_095,analyze/ds4_pro/deepseek-v4-pro-0813.zip,True,True
big-open,source-code-audit,case_096,completed,deepseek-v4-pro,high,training-big-open.zip,train/source-code-audit/case_096,analyze/ds4_pro/deepseek-v4-pro-0813.zip,True,True
big-open,source-code-audit,case_097,completed,deepseek-v4-pro,high,training-big-open.zip,train/source-code-audit/case_097,analyze/ds4_pro/deepseek-v4-pro-0813.zip,True,True
big-open,source-code-audit,case_098,completed,deepseek-v4-pro,high,training-big-open.zip,train/source-code-audit/case_098,analyze/ds4_pro/deepseek-v4-pro-0813.zip,True,True
big-open,source-code-audit,case_099,completed,deepseek-v4-pro,high,training-big-open.zip,train/source-code-audit/case_099,analyze/ds4_pro/deepseek-v4-pro-0813.zip,True,True
big-open,source-code-audit,case_100,completed,deepseek-v4-pro,high,training-big-open.zip,train/source-code-audit/case_100,analyze/ds4_pro/deepseek-v4-pro-0813.zip,True,True
big-open,vbs-scan-security,case_001,completed,deepseek-v4-pro,high,training-big-open.zip,train/vbs-scan-security/case_001,analyze/ds4_pro/deepseek-v4-pro-0813.zip,True,True
big-open,vbs-scan-security,case_002,completed,deepseek-v4-pro,high,training-big-open.zip,train/vbs-scan-security/case_002,analyze/ds4_pro/deepseek-v4-pro-0813.zip,True,True
big-open,vbs-scan-security,case_003,completed,deepseek-v4-pro,high,training-big-open.zip,train/vbs-scan-security/case_003,analyze/ds4_pro/deepseek-v4-pro-0813.zip,True,True
big-open,vbs-scan-security,case_004,completed,deepseek-v4-pro,high,training-big-open.zip,train/vbs-scan-security/case_004,analyze/ds4_pro/deepseek-v4-pro-0813.zip,True,True
big-open,vbs-scan-security,case_005,completed,deepseek-v4-pro,high,training-big-open.zip,train/vbs-scan-security/case_005,analyze/ds4_pro/deepseek-v4-pro-0813.zip,True,True
big-open,vbs-scan-security,case_006,completed,deepseek-v4-pro,high,training-big-open.zip,train/vbs-scan-security/case_006,analyze/ds4_pro/deepseek-v4-pro-0813.zip,True,True
big-open,vbs-scan-security,case_007,completed,deepseek-v4-pro,high,training-big-open.zip,train/vbs-scan-security/case_007,analyze/ds4_pro/deepseek-v4-pro-0813.zip,True,True
big-open,vbs-scan-security,case_008,completed,deepseek-v4-pro,high,training-big-open.zip,train/vbs-scan-security/case_008,analyze/ds4_pro/deepseek-v4-pro-0813.zip,True,True
big-open,vbs-scan-security,case_009,completed,deepseek-v4-pro,high,training-big-open.zip,train/vbs-scan-security/case_009,analyze/ds4_pro/deepseek-v4-pro-0813.zip,True,True
big-open,vbs-scan-security,case_010,completed,deepseek-v4-pro,high,training-big-open.zip,train/vbs-scan-security/case_010,analyze/ds4_pro/deepseek-v4-pro-0813.zip,True,True
big-open,vbs-scan-security,case_011,completed,deepseek-v4-pro,high,training-big-open.zip,train/vbs-scan-security/case_011,analyze/ds4_pro/deepseek-v4-pro-0813.zip,True,True
big-open,vbs-scan-security,case_012,completed,deepseek-v4-pro,high,training-big-open.zip,train/vbs-scan-security/case_012,analyze/ds4_pro/deepseek-v4-pro-0813.zip,True,True
big-open,vbs-scan-security,case_013,completed,deepseek-v4-pro,high,training-big-open.zip,train/vbs-scan-security/case_013,analyze/ds4_pro/deepseek-v4-pro-0813.zip,True,True
big-open,vbs-scan-security,case_014,completed,deepseek-v4-pro,high,training-big-open.zip,train/vbs-scan-security/case_014,analyze/ds4_pro/deepseek-v4-pro-0813.zip,True,True
big-open,vbs-scan-security,case_015,completed,deepseek-v4-pro,high,training-big-open.zip,train/vbs-scan-security/case_015,analyze/ds4_pro/deepseek-v4-pro-0813.zip,True,True
big-open,vbs-scan-security,case_016,completed,deepseek-v4-pro,high,training-big-open.zip,train/vbs-scan-security/case_016,analyze/ds4_pro/deepseek-v4-pro-0813.zip,True,True
big-open,vbs-scan-security,case_017,completed,deepseek-v4-pro,high,training-big-open.zip,train/vbs-scan-security/case_017,analyze/ds4_pro/deepseek-v4-pro-0813.zip,True,True
big-open,vbs-scan-security,case_018,completed,deepseek-v4-pro,high,training-big-open.zip,train/vbs-scan-security/case_018,analyze/ds4_pro/deepseek-v4-pro-0813.zip,True,True
big-open,vbs-scan-security,case_019,completed,deepseek-v4-pro,high,training-big-open.zip,train/vbs-scan-security/case_019,analyze/ds4_pro/deepseek-v4-pro-0813.zip,True,True
big-open,vbs-scan-security,case_020,completed,deepseek-v4-pro,high,training-big-open.zip,train/vbs-scan-security/case_020,analyze/ds4_pro/deepseek-v4-pro-0813.zip,True,True
big-open,vbs-scan-security,case_021,completed,deepseek-v4-pro,high,training-big-open.zip,train/vbs-scan-security/case_021,analyze/ds4_pro/deepseek-v4-pro-0813.zip,True,True
big-open,vbs-scan-security,case_022,completed,deepseek-v4-pro,high,training-big-open.zip,train/vbs-scan-security/case_022,analyze/ds4_pro/deepseek-v4-pro-0813.zip,True,True
big-open,vbs-scan-security,case_023,completed,deepseek-v4-pro,high,training-big-open.zip,train/vbs-scan-security/case_023,analyze/ds4_pro/deepseek-v4-pro-0813.zip,True,True
big-open,vbs-scan-security,case_024,completed,deepseek-v4-pro,high,training-big-open.zip,train/vbs-scan-security/case_024,analyze/ds4_pro/deepseek-v4-pro-0813.zip,True,True
big-open,vbs-scan-security,case_025,completed,deepseek-v4-pro,high,training-big-open.zip,train/vbs-scan-security/case_025,analyze/ds4_pro/deepseek-v4-pro-0813.zip,True,True
big-open,vbs-scan-security,case_026,completed,deepseek-v4-pro,high,training-big-open.zip,train/vbs-scan-security/case_026,analyze/ds4_pro/deepseek-v4-pro-0813.zip,True,True
big-open,vbs-scan-security,case_027,completed,deepseek-v4-pro,high,training-big-open.zip,train/vbs-scan-security/case_027,analyze/ds4_pro/deepseek-v4-pro-0813.zip,True,True
big-open,vbs-scan-security,case_028,completed,deepseek-v4-pro,high,training-big-open.zip,train/vbs-scan-security/case_028,analyze/ds4_pro/deepseek-v4-pro-0813.zip,True,True
big-open,vbs-scan-security,case_029,completed,deepseek-v4-pro,high,training-big-open.zip,train/vbs-scan-security/case_029,analyze/ds4_pro/deepseek-v4-pro-0813.zip,True,True
big-open,vbs-scan-security,case_030,completed,deepseek-v4-pro,high,training-big-open.zip,train/vbs-scan-security/case_030,analyze/ds4_pro/deepseek-v4-pro-0813.zip,True,True
big-open,vbs-scan-security,case_031,completed,deepseek-v4-pro,high,training-big-open.zip,train/vbs-scan-security/case_031,analyze/ds4_pro/deepseek-v4-pro-0813.zip,True,True
big-open,vbs-scan-security,case_032,completed,deepseek-v4-pro,high,training-big-open.zip,train/vbs-scan-security/case_032,analyze/ds4_pro/deepseek-v4-pro-0813.zip,True,True
big-open,vbs-scan-security,case_033,completed,deepseek-v4-pro,high,training-big-open.zip,train/vbs-scan-security/case_033,analyze/ds4_pro/deepseek-v4-pro-0813.zip,True,True
big-open,vbs-scan-security,case_034,completed,deepseek-v4-pro,high,training-big-open.zip,train/vbs-scan-security/case_034,analyze/ds4_pro/deepseek-v4-pro-0813.zip,True,True
big-open,vbs-scan-security,case_035,completed,deepseek-v4-pro,high,training-big-open.zip,train/vbs-scan-security/case_035,analyze/ds4_pro/deepseek-v4-pro-0813.zip,True,True
big-open,vbs-scan-security,case_036,completed,deepseek-v4-pro,high,training-big-open.zip,train/vbs-scan-security/case_036,analyze/ds4_pro/deepseek-v4-pro-0813.zip,True,True
big-open,vbs-scan-security,case_037,completed,deepseek-v4-pro,high,training-big-open.zip,train/vbs-scan-security/case_037,analyze/ds4_pro/deepseek-v4-pro-0813.zip,True,True
big-open,vbs-scan-security,case_038,completed,deepseek-v4-pro,high,training-big-open.zip,train/vbs-scan-security/case_038,analyze/ds4_pro/deepseek-v4-pro-0813.zip,True,True
big-open,vbs-scan-security,case_039,completed,deepseek-v4-pro,high,training-big-open.zip,train/vbs-scan-security/case_039,analyze/ds4_pro/deepseek-v4-pro-0813.zip,True,True
big-open,vbs-scan-security,case_040,completed,deepseek-v4-pro,high,training-big-open.zip,train/vbs-scan-security/case_040,analyze/ds4_pro/deepseek-v4-pro-0813.zip,True,True
big-open,vbs-scan-security,case_041,completed,deepseek-v4-pro,high,training-big-open.zip,train/vbs-scan-security/case_041,analyze/ds4_pro/deepseek-v4-pro-0813.zip,True,True
big-open,vbs-scan-security,case_042,completed,deepseek-v4-pro,high,training-big-open.zip,train/vbs-scan-security/case_042,analyze/ds4_pro/deepseek-v4-pro-0813.zip,True,True
big-open,vbs-scan-security,case_043,completed,deepseek-v4-pro,high,training-big-open.zip,train/vbs-scan-security/case_043,analyze/ds4_pro/deepseek-v4-pro-0813.zip,True,True
big-open,vbs-scan-security,case_044,completed,deepseek-v4-pro,high,training-big-open.zip,train/vbs-scan-security/case_044,analyze/ds4_pro/deepseek-v4-pro-0813.zip,True,True
big-open,vbs-scan-security,case_045,completed,deepseek-v4-pro,high,training-big-open.zip,train/vbs-scan-security/case_045,analyze/ds4_pro/deepseek-v4-pro-0813.zip,True,True
big-open,vbs-scan-security,case_046,completed,deepseek-v4-pro,high,training-big-open.zip,train/vbs-scan-security/case_046,analyze/ds4_pro/deepseek-v4-pro-0813.zip,True,True
big-open,vbs-scan-security,case_047,completed,deepseek-v4-pro,high,training-big-open.zip,train/vbs-scan-security/case_047,analyze/ds4_pro/deepseek-v4-pro-0813.zip,True,True
big-open,vbs-scan-security,case_048,completed,deepseek-v4-pro,high,training-big-open.zip,train/vbs-scan-security/case_048,analyze/ds4_pro/deepseek-v4-pro-0813.zip,True,True
big-open,vbs-scan-security,case_049,completed,deepseek-v4-pro,high,training-big-open.zip,train/vbs-scan-security/case_049,analyze/ds4_pro/deepseek-v4-pro-0813.zip,True,True
big-open,vbs-scan-security,case_050,completed,deepseek-v4-pro,high,training-big-open.zip,train/vbs-scan-security/case_050,analyze/ds4_pro/deepseek-v4-pro-0813.zip,True,True
big-open,vbs-scan-security,case_051,completed,deepseek-v4-pro,high,training-big-open.zip,train/vbs-scan-security/case_051,analyze/ds4_pro/deepseek-v4-pro-0813.zip,True,True
big-open,vbs-scan-security,case_052,completed,deepseek-v4-pro,high,training-big-open.zip,train/vbs-scan-security/case_052,analyze/ds4_pro/deepseek-v4-pro-0813.zip,True,True
big-open,vbs-scan-security,case_053,completed,deepseek-v4-pro,high,training-big-open.zip,train/vbs-scan-security/case_053,analyze/ds4_pro/deepseek-v4-pro-0813.zip,True,True
big-open,vbs-scan-security,case_054,completed,deepseek-v4-pro,high,training-big-open.zip,train/vbs-scan-security/case_054,analyze/ds4_pro/deepseek-v4-pro-0813.zip,True,True
big-open,vbs-scan-security,case_055,completed,deepseek-v4-pro,high,training-big-open.zip,train/vbs-scan-security/case_055,analyze/ds4_pro/deepseek-v4-pro-0813.zip,True,True
big-open,vbs-scan-security,case_056,completed,deepseek-v4-pro,high,training-big-open.zip,train/vbs-scan-security/case_056,analyze/ds4_pro/deepseek-v4-pro-0813.zip,True,True
big-open,vbs-scan-security,case_057,completed,deepseek-v4-pro,high,training-big-open.zip,train/vbs-scan-security/case_057,analyze/ds4_pro/deepseek-v4-pro-0813.zip,True,True
big-open,vbs-scan-security,case_058,completed,deepseek-v4-pro,high,training-big-open.zip,train/vbs-scan-security/case_058,analyze/ds4_pro/deepseek-v4-pro-0813.zip,True,True
big-open,vbs-scan-security,case_059,completed,deepseek-v4-pro,high,training-big-open.zip,train/vbs-scan-security/case_059,analyze/ds4_pro/deepseek-v4-pro-0813.zip,True,True
big-open,vbs-scan-security,case_060,completed,deepseek-v4-pro,high,training-big-open.zip,train/vbs-scan-security/case_060,analyze/ds4_pro/deepseek-v4-pro-0813.zip,True,True
big-open,vbs-scan-security,case_061,completed,deepseek-v4-pro,high,training-big-open.zip,train/vbs-scan-security/case_061,analyze/ds4_pro/deepseek-v4-pro-0813.zip,True,True
big-open,vbs-scan-security,case_062,completed,deepseek-v4-pro,high,training-big-open.zip,train/vbs-scan-security/case_062,analyze/ds4_pro/deepseek-v4-pro-0813.zip,True,True
big-open,vbs-scan-security,case_063,completed,deepseek-v4-pro,high,training-big-open.zip,train/vbs-scan-security/case_063,analyze/ds4_pro/deepseek-v4-pro-0813.zip,True,True
big-open,vbs-scan-security,case_064,completed,deepseek-v4-pro,high,training-big-open.zip,train/vbs-scan-security/case_064,analyze/ds4_pro/deepseek-v4-pro-0813.zip,True,True
big-open,vbs-scan-security,case_065,completed,deepseek-v4-pro,high,training-big-open.zip,train/vbs-scan-security/case_065,analyze/ds4_pro/deepseek-v4-pro-0813.zip,True,True
big-open,vbs-scan-security,case_066,completed,deepseek-v4-pro,high,training-big-open.zip,train/vbs-scan-security/case_066,analyze/ds4_pro/deepseek-v4-pro-0813.zip,True,True
big-open,vbs-scan-security,case_067,completed,deepseek-v4-pro,high,training-big-open.zip,train/vbs-scan-security/case_067,analyze/ds4_pro/deepseek-v4-pro-0813.zip,True,True
big-open,vbs-scan-security,case_068,completed,deepseek-v4-pro,high,training-big-open.zip,train/vbs-scan-security/case_068,analyze/ds4_pro/deepseek-v4-pro-0813.zip,True,True
big-open,vbs-scan-security,case_069,completed,deepseek-v4-pro,high,training-big-open.zip,train/vbs-scan-security/case_069,analyze/ds4_pro/deepseek-v4-pro-0813.zip,True,True
big-open,vbs-scan-security,case_070,completed,deepseek-v4-pro,high,training-big-open.zip,train/vbs-scan-security/case_070,analyze/ds4_pro/deepseek-v4-pro-0813.zip,True,True
big-open,vbs-scan-security,case_071,completed,deepseek-v4-pro,high,training-big-open.zip,train/vbs-scan-security/case_071,analyze/ds4_pro/deepseek-v4-pro-0813.zip,True,True
big-open,vbs-scan-security,case_072,completed,deepseek-v4-pro,high,training-big-open.zip,train/vbs-scan-security/case_072,analyze/ds4_pro/deepseek-v4-pro-0813.zip,True,True
big-open,vbs-scan-security,case_073,completed,deepseek-v4-pro,high,training-big-open.zip,train/vbs-scan-security/case_073,analyze/ds4_pro/deepseek-v4-pro-0813.zip,True,True
big-open,vbs-scan-security,case_074,completed,deepseek-v4-pro,high,training-big-open.zip,train/vbs-scan-security/case_074,analyze/ds4_pro/deepseek-v4-pro-0813.zip,True,True
big-open,vbs-scan-security,case_075,completed,deepseek-v4-pro,high,training-big-open.zip,train/vbs-scan-security/case_075,analyze/ds4_pro/deepseek-v4-pro-0813.zip,True,True
big-open,vbs-scan-security,case_076,completed,deepseek-v4-pro,high,training-big-open.zip,train/vbs-scan-security/case_076,analyze/ds4_pro/deepseek-v4-pro-0813.zip,True,True
big-open,vbs-scan-security,case_077,completed,deepseek-v4-pro,high,training-big-open.zip,train/vbs-scan-security/case_077,analyze/ds4_pro/deepseek-v4-pro-0813.zip,True,True
big-open,vbs-scan-security,case_078,completed,deepseek-v4-pro,high,training-big-open.zip,train/vbs-scan-security/case_078,analyze/ds4_pro/deepseek-v4-pro-0813.zip,True,True
big-open,vbs-scan-security,case_079,completed,deepseek-v4-pro,high,training-big-open.zip,train/vbs-scan-security/case_079,analyze/ds4_pro/deepseek-v4-pro-0813.zip,True,True
big-open,vbs-scan-security,case_080,completed,deepseek-v4-pro,high,training-big-open.zip,train/vbs-scan-security/case_080,analyze/ds4_pro/deepseek-v4-pro-0813.zip,True,True
big-open,vbs-scan-security,case_081,completed,deepseek-v4-pro,high,training-big-open.zip,train/vbs-scan-security/case_081,analyze/ds4_pro/deepseek-v4-pro-0813.zip,True,True
big-open,vbs-scan-security,case_082,completed,deepseek-v4-pro,high,training-big-open.zip,train/vbs-scan-security/case_082,analyze/ds4_pro/deepseek-v4-pro-0813.zip,True,True
big-open,vbs-scan-security,case_083,completed,deepseek-v4-pro,high,training-big-open.zip,train/vbs-scan-security/case_083,analyze/ds4_pro/deepseek-v4-pro-0813.zip,True,True
big-open,vbs-scan-security,case_084,completed,deepseek-v4-pro,high,training-big-open.zip,train/vbs-scan-security/case_084,analyze/ds4_pro/deepseek-v4-pro-0813.zip,True,True
big-open,vbs-scan-security,case_085,completed,deepseek-v4-pro,high,training-big-open.zip,train/vbs-scan-security/case_085,analyze/ds4_pro/deepseek-v4-pro-0813.zip,True,True
big-open,vbs-scan-security,case_086,completed,deepseek-v4-pro,high,training-big-open.zip,train/vbs-scan-security/case_086,analyze/ds4_pro/deepseek-v4-pro-0813.zip,True,True
big-open,vbs-scan-security,case_087,completed,deepseek-v4-pro,high,training-big-open.zip,train/vbs-scan-security/case_087,analyze/ds4_pro/deepseek-v4-pro-0813.zip,True,True
big-open,vbs-scan-security,case_088,completed,deepseek-v4-pro,high,training-big-open.zip,train/vbs-scan-security/case_088,analyze/ds4_pro/deepseek-v4-pro-0813.zip,True,True
big-open,vbs-scan-security,case_089,completed,deepseek-v4-pro,high,training-big-open.zip,train/vbs-scan-security/case_089,analyze/ds4_pro/deepseek-v4-pro-0813.zip,True,True
big-open,vbs-scan-security,case_090,completed,deepseek-v4-pro,high,training-big-open.zip,train/vbs-scan-security/case_090,analyze/ds4_pro/deepseek-v4-pro-0813.zip,True,True
big-open,vbs-scan-security,case_091,completed,deepseek-v4-pro,high,training-big-open.zip,train/vbs-scan-security/case_091,analyze/ds4_pro/deepseek-v4-pro-0813.zip,True,True
big-open,vbs-scan-security,case_092,completed,deepseek-v4-pro,high,training-big-open.zip,train/vbs-scan-security/case_092,analyze/ds4_pro/deepseek-v4-pro-0813.zip,True,True
big-open,vbs-scan-security,case_093,completed,deepseek-v4-pro,high,training-big-open.zip,train/vbs-scan-security/case_093,analyze/ds4_pro/deepseek-v4-pro-0813.zip,True,True
big-open,vbs-scan-security,case_094,completed,deepseek-v4-pro,high,training-big-open.zip,train/vbs-scan-security/case_094,analyze/ds4_pro/deepseek-v4-pro-0813.zip,True,True
big-open,vbs-scan-security,case_095,completed,deepseek-v4-pro,high,training-big-open.zip,train/vbs-scan-security/case_095,analyze/ds4_pro/deepseek-v4-pro-0813.zip,True,True
big-open,vbs-scan-security,case_096,completed,deepseek-v4-pro,high,training-big-open.zip,train/vbs-scan-security/case_096,analyze/ds4_pro/deepseek-v4-pro-0813.zip,True,True
big-open,vbs-scan-security,case_097,completed,deepseek-v4-pro,high,training-big-open.zip,train/vbs-scan-security/case_097,analyze/ds4_pro/deepseek-v4-pro-0813.zip,True,True
big-open,vbs-scan-security,case_098,completed,deepseek-v4-pro,high,training-big-open.zip,train/vbs-scan-security/case_098,analyze/ds4_pro/deepseek-v4-pro-0813.zip,True,True
big-open,vbs-scan-security,case_099,completed,deepseek-v4-pro,high,training-big-open.zip,train/vbs-scan-security/case_099,analyze/ds4_pro/deepseek-v4-pro-0813.zip,True,True
big-open,vbs-scan-security,case_100,completed,deepseek-v4-pro,high,training-big-open.zip,train/vbs-scan-security/case_100,analyze/ds4_pro/deepseek-v4-pro-0813.zip,True,True
big-open,vulnerability-analysis,case_001,completed,deepseek-v4-pro,high,training-big-open.zip,train/vulnerability-analysis/case_001,analyze/ds4_pro/deepseek-v4-pro-0813.zip,True,True
big-open,vulnerability-analysis,case_002,completed,deepseek-v4-pro,high,training-big-open.zip,train/vulnerability-analysis/case_002,analyze/ds4_pro/deepseek-v4-pro-0813.zip,True,True
big-open,vulnerability-analysis,case_003,completed,deepseek-v4-pro,high,training-big-open.zip,train/vulnerability-analysis/case_003,analyze/ds4_pro/deepseek-v4-pro-0813.zip,True,True
big-open,vulnerability-analysis,case_004,completed,deepseek-v4-pro,high,training-big-open.zip,train/vulnerability-analysis/case_004,analyze/ds4_pro/deepseek-v4-pro-0813.zip,True,True
big-open,vulnerability-analysis,case_005,completed,deepseek-v4-pro,high,training-big-open.zip,train/vulnerability-analysis/case_005,analyze/ds4_pro/deepseek-v4-pro-0813.zip,True,True
big-open,vulnerability-analysis,case_006,completed,deepseek-v4-pro,high,training-big-open.zip,train/vulnerability-analysis/case_006,analyze/ds4_pro/deepseek-v4-pro-0813.zip,True,True
big-open,vulnerability-analysis,case_007,completed,deepseek-v4-pro,high,training-big-open.zip,train/vulnerability-analysis/case_007,analyze/ds4_pro/deepseek-v4-pro-0813.zip,True,True
big-open,vulnerability-analysis,case_008,completed,deepseek-v4-pro,high,training-big-open.zip,train/vulnerability-analysis/case_008,analyze/ds4_pro/deepseek-v4-pro-0813.zip,True,True
big-open,vulnerability-analysis,case_009,completed,deepseek-v4-pro,high,training-big-open.zip,train/vulnerability-analysis/case_009,analyze/ds4_pro/deepseek-v4-pro-0813.zip,True,True
big-open,vulnerability-analysis,case_010,completed,deepseek-v4-pro,high,training-big-open.zip,train/vulnerability-analysis/case_010,analyze/ds4_pro/deepseek-v4-pro-0813.zip,True,True
big-open,vulnerability-analysis,case_011,completed,deepseek-v4-pro,high,training-big-open.zip,train/vulnerability-analysis/case_011,analyze/ds4_pro/deepseek-v4-pro-0813.zip,True,True
big-open,vulnerability-analysis,case_012,completed,deepseek-v4-pro,high,training-big-open.zip,train/vulnerability-analysis/case_012,analyze/ds4_pro/deepseek-v4-pro-0813.zip,True,True
big-open,vulnerability-analysis,case_013,completed,deepseek-v4-pro,high,training-big-open.zip,train/vulnerability-analysis/case_013,analyze/ds4_pro/deepseek-v4-pro-0813.zip,True,True
big-open,vulnerability-analysis,case_014,completed,deepseek-v4-pro,high,training-big-open.zip,train/vulnerability-analysis/case_014,analyze/ds4_pro/deepseek-v4-pro-0813.zip,True,True
big-open,vulnerability-analysis,case_015,completed,deepseek-v4-pro,high,training-big-open.zip,train/vulnerability-analysis/case_015,analyze/ds4_pro/deepseek-v4-pro-0813.zip,True,True
big-open,vulnerability-analysis,case_016,completed,deepseek-v4-pro,high,training-big-open.zip,train/vulnerability-analysis/case_016,analyze/ds4_pro/deepseek-v4-pro-0813.zip,True,True
big-open,vulnerability-analysis,case_017,completed,deepseek-v4-pro,high,training-big-open.zip,train/vulnerability-analysis/case_017,analyze/ds4_pro/deepseek-v4-pro-0813.zip,True,True
big-open,vulnerability-analysis,case_018,completed,deepseek-v4-pro,high,training-big-open.zip,train/vulnerability-analysis/case_018,analyze/ds4_pro/deepseek-v4-pro-0813.zip,True,True
big-open,vulnerability-analysis,case_019,completed,deepseek-v4-pro,high,training-big-open.zip,train/vulnerability-analysis/case_019,analyze/ds4_pro/deepseek-v4-pro-0813.zip,True,True
big-open,vulnerability-analysis,case_020,completed,deepseek-v4-pro,high,training-big-open.zip,train/vulnerability-analysis/case_020,analyze/ds4_pro/deepseek-v4-pro-0813.zip,True,True
big-open,vulnerability-analysis,case_021,completed,deepseek-v4-pro,high,training-big-open.zip,train/vulnerability-analysis/case_021,analyze/ds4_pro/deepseek-v4-pro-0813.zip,True,True
big-open,vulnerability-analysis,case_022,completed,deepseek-v4-pro,high,training-big-open.zip,train/vulnerability-analysis/case_022,analyze/ds4_pro/deepseek-v4-pro-0813.zip,True,True
big-open,vulnerability-analysis,case_023,completed,deepseek-v4-pro,high,training-big-open.zip,train/vulnerability-analysis/case_023,analyze/ds4_pro/deepseek-v4-pro-0813.zip,True,True
big-open,vulnerability-analysis,case_024,completed,deepseek-v4-pro,high,training-big-open.zip,train/vulnerability-analysis/case_024,analyze/ds4_pro/deepseek-v4-pro-0813.zip,True,True
big-open,vulnerability-analysis,case_025,completed,deepseek-v4-pro,high,training-big-open.zip,train/vulnerability-analysis/case_025,analyze/ds4_pro/deepseek-v4-pro-0813.zip,True,True
big-open,vulnerability-analysis,case_026,completed,deepseek-v4-pro,high,training-big-open.zip,train/vulnerability-analysis/case_026,analyze/ds4_pro/deepseek-v4-pro-0813.zip,True,True
big-open,vulnerability-analysis,case_027,completed,deepseek-v4-pro,high,training-big-open.zip,train/vulnerability-analysis/case_027,analyze/ds4_pro/deepseek-v4-pro-0813.zip,True,True
big-open,vulnerability-analysis,case_028,completed,deepseek-v4-pro,high,training-big-open.zip,train/vulnerability-analysis/case_028,analyze/ds4_pro/deepseek-v4-pro-0813.zip,True,True
big-open,vulnerability-analysis,case_029,completed,deepseek-v4-pro,high,training-big-open.zip,train/vulnerability-analysis/case_029,analyze/ds4_pro/deepseek-v4-pro-0813.zip,True,True
big-open,vulnerability-analysis,case_030,completed,deepseek-v4-pro,high,training-big-open.zip,train/vulnerability-analysis/case_030,analyze/ds4_pro/deepseek-v4-pro-0813.zip,True,True
big-open,vulnerability-analysis,case_031,completed,deepseek-v4-pro,high,training-big-open.zip,train/vulnerability-analysis/case_031,analyze/ds4_pro/deepseek-v4-pro-0813.zip,True,True
big-open,vulnerability-analysis,case_032,completed,deepseek-v4-pro,high,training-big-open.zip,train/vulnerability-analysis/case_032,analyze/ds4_pro/deepseek-v4-pro-0813.zip,True,True
big-open,vulnerability-analysis,case_033,completed,deepseek-v4-pro,high,training-big-open.zip,train/vulnerability-analysis/case_033,analyze/ds4_pro/deepseek-v4-pro-0813.zip,True,True
big-open,vulnerability-analysis,case_034,completed,deepseek-v4-pro,high,training-big-open.zip,train/vulnerability-analysis/case_034,analyze/ds4_pro/deepseek-v4-pro-0813.zip,True,True
big-open,vulnerability-analysis,case_035,completed,deepseek-v4-pro,high,training-big-open.zip,train/vulnerability-analysis/case_035,analyze/ds4_pro/deepseek-v4-pro-0813.zip,True,True
big-open,vulnerability-analysis,case_036,completed,deepseek-v4-pro,high,training-big-open.zip,train/vulnerability-analysis/case_036,analyze/ds4_pro/deepseek-v4-pro-0813.zip,True,True
big-open,vulnerability-analysis,case_037,completed,deepseek-v4-pro,high,training-big-open.zip,train/vulnerability-analysis/case_037,analyze/ds4_pro/deepseek-v4-pro-0813.zip,True,True
big-open,vulnerability-analysis,case_038,completed,deepseek-v4-pro,high,training-big-open.zip,train/vulnerability-analysis/case_038,analyze/ds4_pro/deepseek-v4-pro-0813.zip,True,True
big-open,vulnerability-analysis,case_039,completed,deepseek-v4-pro,high,training-big-open.zip,train/vulnerability-analysis/case_039,analyze/ds4_pro/deepseek-v4-pro-0813.zip,True,True
big-open,vulnerability-analysis,case_040,completed,deepseek-v4-pro,high,training-big-open.zip,train/vulnerability-analysis/case_040,analyze/ds4_pro/deepseek-v4-pro-0813.zip,True,True
big-open,vulnerability-analysis,case_041,completed,deepseek-v4-pro,high,training-big-open.zip,train/vulnerability-analysis/case_041,analyze/ds4_pro/deepseek-v4-pro-0813.zip,True,True
big-open,vulnerability-analysis,case_042,completed,deepseek-v4-pro,high,training-big-open.zip,train/vulnerability-analysis/case_042,analyze/ds4_pro/deepseek-v4-pro-0813.zip,True,True
big-open,vulnerability-analysis,case_043,completed,deepseek-v4-pro,high,training-big-open.zip,train/vulnerability-analysis/case_043,analyze/ds4_pro/deepseek-v4-pro-0813.zip,True,True
big-open,vulnerability-analysis,case_044,completed,deepseek-v4-pro,high,training-big-open.zip,train/vulnerability-analysis/case_044,analyze/ds4_pro/deepseek-v4-pro-0813.zip,True,True
big-open,vulnerability-analysis,case_045,completed,deepseek-v4-pro,high,training-big-open.zip,train/vulnerability-analysis/case_045,analyze/ds4_pro/deepseek-v4-pro-0813.zip,True,True
big-open,vulnerability-analysis,case_046,completed,deepseek-v4-pro,high,training-big-open.zip,train/vulnerability-analysis/case_046,analyze/ds4_pro/deepseek-v4-pro-0813.zip,True,True
big-open,vulnerability-analysis,case_047,completed,deepseek-v4-pro,high,training-big-open.zip,train/vulnerability-analysis/case_047,analyze/ds4_pro/deepseek-v4-pro-0813.zip,True,True
big-open,vulnerability-analysis,case_048,completed,deepseek-v4-pro,high,training-big-open.zip,train/vulnerability-analysis/case_048,analyze/ds4_pro/deepseek-v4-pro-0813.zip,True,True
big-open,vulnerability-analysis,case_049,completed,deepseek-v4-pro,high,training-big-open.zip,train/vulnerability-analysis/case_049,analyze/ds4_pro/deepseek-v4-pro-0813.zip,True,True
big-open,vulnerability-analysis,case_050,completed,deepseek-v4-pro,high,training-big-open.zip,train/vulnerability-analysis/case_050,analyze/ds4_pro/deepseek-v4-pro-0813.zip,True,True
big-open,vulnerability-analysis,case_051,completed,deepseek-v4-pro,high,training-big-open.zip,train/vulnerability-analysis/case_051,analyze/ds4_pro/deepseek-v4-pro-0813.zip,True,True
big-open,vulnerability-analysis,case_052,completed,deepseek-v4-pro,high,training-big-open.zip,train/vulnerability-analysis/case_052,analyze/ds4_pro/deepseek-v4-pro-0813.zip,True,True
big-open,vulnerability-analysis,case_053,completed,deepseek-v4-pro,high,training-big-open.zip,train/vulnerability-analysis/case_053,analyze/ds4_pro/deepseek-v4-pro-0813.zip,True,True
big-open,vulnerability-analysis,case_054,completed,deepseek-v4-pro,high,training-big-open.zip,train/vulnerability-analysis/case_054,analyze/ds4_pro/deepseek-v4-pro-0813.zip,True,True
big-open,vulnerability-analysis,case_055,completed,deepseek-v4-pro,high,training-big-open.zip,train/vulnerability-analysis/case_055,analyze/ds4_pro/deepseek-v4-pro-0813.zip,True,True
big-open,vulnerability-analysis,case_056,completed,deepseek-v4-pro,high,training-big-open.zip,train/vulnerability-analysis/case_056,analyze/ds4_pro/deepseek-v4-pro-0813.zip,True,True
big-open,vulnerability-analysis,case_057,completed,deepseek-v4-pro,high,training-big-open.zip,train/vulnerability-analysis/case_057,analyze/ds4_pro/deepseek-v4-pro-0813.zip,True,True
big-open,vulnerability-analysis,case_058,completed,deepseek-v4-pro,high,training-big-open.zip,train/vulnerability-analysis/case_058,analyze/ds4_pro/deepseek-v4-pro-0813.zip,True,True
big-open,vulnerability-analysis,case_059,completed,deepseek-v4-pro,high,training-big-open.zip,train/vulnerability-analysis/case_059,analyze/ds4_pro/deepseek-v4-pro-0813.zip,True,True
big-open,vulnerability-analysis,case_060,completed,deepseek-v4-pro,high,training-big-open.zip,train/vulnerability-analysis/case_060,analyze/ds4_pro/deepseek-v4-pro-0813.zip,True,True
big-open,vulnerability-analysis,case_061,completed,deepseek-v4-pro,high,training-big-open.zip,train/vulnerability-analysis/case_061,analyze/ds4_pro/deepseek-v4-pro-0813.zip,True,True
big-open,vulnerability-analysis,case_062,completed,deepseek-v4-pro,high,training-big-open.zip,train/vulnerability-analysis/case_062,analyze/ds4_pro/deepseek-v4-pro-0813.zip,True,True
big-open,vulnerability-analysis,case_063,completed,deepseek-v4-pro,high,training-big-open.zip,train/vulnerability-analysis/case_063,analyze/ds4_pro/deepseek-v4-pro-0813.zip,True,True
big-open,vulnerability-analysis,case_064,completed,deepseek-v4-pro,high,training-big-open.zip,train/vulnerability-analysis/case_064,analyze/ds4_pro/deepseek-v4-pro-0813.zip,True,True
big-open,vulnerability-analysis,case_065,completed,deepseek-v4-pro,high,training-big-open.zip,train/vulnerability-analysis/case_065,analyze/ds4_pro/deepseek-v4-pro-0813.zip,True,True
big-open,vulnerability-analysis,case_066,completed,deepseek-v4-pro,high,training-big-open.zip,train/vulnerability-analysis/case_066,analyze/ds4_pro/deepseek-v4-pro-0813.zip,True,True
big-open,vulnerability-analysis,case_067,completed,deepseek-v4-pro,high,training-big-open.zip,train/vulnerability-analysis/case_067,analyze/ds4_pro/deepseek-v4-pro-0813.zip,True,True
big-open,vulnerability-analysis,case_068,completed,deepseek-v4-pro,high,training-big-open.zip,train/vulnerability-analysis/case_068,analyze/ds4_pro/deepseek-v4-pro-0813.zip,True,True
big-open,vulnerability-analysis,case_069,completed,deepseek-v4-pro,high,training-big-open.zip,train/vulnerability-analysis/case_069,analyze/ds4_pro/deepseek-v4-pro-0813.zip,True,True
big-open,vulnerability-analysis,case_070,completed,deepseek-v4-pro,high,training-big-open.zip,train/vulnerability-analysis/case_070,analyze/ds4_pro/deepseek-v4-pro-0813.zip,True,True
big-open,vulnerability-analysis,case_071,completed,deepseek-v4-pro,high,training-big-open.zip,train/vulnerability-analysis/case_071,analyze/ds4_pro/deepseek-v4-pro-0813.zip,True,True
big-open,vulnerability-analysis,case_072,completed,deepseek-v4-pro,high,training-big-open.zip,train/vulnerability-analysis/case_072,analyze/ds4_pro/deepseek-v4-pro-0813.zip,True,True
big-open,vulnerability-analysis,case_073,completed,deepseek-v4-pro,high,training-big-open.zip,train/vulnerability-analysis/case_073,analyze/ds4_pro/deepseek-v4-pro-0813.zip,True,True
big-open,vulnerability-analysis,case_074,completed,deepseek-v4-pro,high,training-big-open.zip,train/vulnerability-analysis/case_074,analyze/ds4_pro/deepseek-v4-pro-0813.zip,True,True
big-open,vulnerability-analysis,case_075,completed,deepseek-v4-pro,high,training-big-open.zip,train/vulnerability-analysis/case_075,analyze/ds4_pro/deepseek-v4-pro-0813.zip,True,True
big-open,vulnerability-analysis,case_076,completed,deepseek-v4-pro,high,training-big-open.zip,train/vulnerability-analysis/case_076,analyze/ds4_pro/deepseek-v4-pro-0813.zip,True,True
big-open,vulnerability-analysis,case_077,completed,deepseek-v4-pro,high,training-big-open.zip,train/vulnerability-analysis/case_077,analyze/ds4_pro/deepseek-v4-pro-0813.zip,True,True
big-open,vulnerability-analysis,case_078,completed,deepseek-v4-pro,high,training-big-open.zip,train/vulnerability-analysis/case_078,analyze/ds4_pro/deepseek-v4-pro-0813.zip,True,True
big-open,vulnerability-analysis,case_079,completed,deepseek-v4-pro,high,training-big-open.zip,train/vulnerability-analysis/case_079,analyze/ds4_pro/deepseek-v4-pro-0813.zip,True,True
big-open,vulnerability-analysis,case_080,completed,deepseek-v4-pro,high,training-big-open.zip,train/vulnerability-analysis/case_080,analyze/ds4_pro/deepseek-v4-pro-0813.zip,True,True
big-open,vulnerability-analysis,case_081,completed,deepseek-v4-pro,high,training-big-open.zip,train/vulnerability-analysis/case_081,analyze/ds4_pro/deepseek-v4-pro-0813.zip,True,True
big-open,vulnerability-analysis,case_082,completed,deepseek-v4-pro,high,training-big-open.zip,train/vulnerability-analysis/case_082,analyze/ds4_pro/deepseek-v4-pro-0813.zip,True,True
big-open,vulnerability-analysis,case_083,completed,deepseek-v4-pro,high,training-big-open.zip,train/vulnerability-analysis/case_083,analyze/ds4_pro/deepseek-v4-pro-0813.zip,True,True
big-open,vulnerability-analysis,case_084,completed,deepseek-v4-pro,high,training-big-open.zip,train/vulnerability-analysis/case_084,analyze/ds4_pro/deepseek-v4-pro-0813.zip,True,True
big-open,vulnerability-analysis,case_085,completed,deepseek-v4-pro,high,training-big-open.zip,train/vulnerability-analysis/case_085,analyze/ds4_pro/deepseek-v4-pro-0813.zip,True,True
big-open,vulnerability-analysis,case_086,completed,deepseek-v4-pro,high,training-big-open.zip,train/vulnerability-analysis/case_086,analyze/ds4_pro/deepseek-v4-pro-0813.zip,True,True
big-open,vulnerability-analysis,case_087,completed,deepseek-v4-pro,high,training-big-open.zip,train/vulnerability-analysis/case_087,analyze/ds4_pro/deepseek-v4-pro-0813.zip,True,True
big-open,vulnerability-analysis,case_088,completed,deepseek-v4-pro,high,training-big-open.zip,train/vulnerability-analysis/case_088,analyze/ds4_pro/deepseek-v4-pro-0813.zip,True,True
big-open,vulnerability-analysis,case_089,completed,deepseek-v4-pro,high,training-big-open.zip,train/vulnerability-analysis/case_089,analyze/ds4_pro/deepseek-v4-pro-0813.zip,True,True
big-open,vulnerability-analysis,case_090,completed,deepseek-v4-pro,high,training-big-open.zip,train/vulnerability-analysis/case_090,analyze/ds4_pro/deepseek-v4-pro-0813.zip,True,True
big-open,vulnerability-analysis,case_091,completed,deepseek-v4-pro,high,training-big-open.zip,train/vulnerability-analysis/case_091,analyze/ds4_pro/deepseek-v4-pro-0813.zip,True,True
big-open,vulnerability-analysis,case_092,completed,deepseek-v4-pro,high,training-big-open.zip,train/vulnerability-analysis/case_092,analyze/ds4_pro/deepseek-v4-pro-0813.zip,True,True
big-open,vulnerability-analysis,case_093,completed,deepseek-v4-pro,high,training-big-open.zip,train/vulnerability-analysis/case_093,analyze/ds4_pro/deepseek-v4-pro-0813.zip,True,True
big-open,vulnerability-analysis,case_094,completed,deepseek-v4-pro,high,training-big-open.zip,train/vulnerability-analysis/case_094,analyze/ds4_pro/deepseek-v4-pro-0813.zip,True,True
big-open,vulnerability-analysis,case_095,completed,deepseek-v4-pro,high,training-big-open.zip,train/vulnerability-analysis/case_095,analyze/ds4_pro/deepseek-v4-pro-0813.zip,True,True
big-open,vulnerability-analysis,case_096,completed,deepseek-v4-pro,high,training-big-open.zip,train/vulnerability-analysis/case_096,analyze/ds4_pro/deepseek-v4-pro-0813.zip,True,True
big-open,vulnerability-analysis,case_097,completed,deepseek-v4-pro,high,training-big-open.zip,train/vulnerability-analysis/case_097,analyze/ds4_pro/deepseek-v4-pro-0813.zip,True,True
big-open,vulnerability-analysis,case_098,completed,deepseek-v4-pro,high,training-big-open.zip,train/vulnerability-analysis/case_098,analyze/ds4_pro/deepseek-v4-pro-0813.zip,True,True
big-open,vulnerability-analysis,case_099,completed,deepseek-v4-pro,high,training-big-open.zip,train/vulnerability-analysis/case_099,analyze/ds4_pro/deepseek-v4-pro-0813.zip,True,True
big-open,vulnerability-analysis,case_100,completed,deepseek-v4-pro,high,training-big-open.zip,train/vulnerability-analysis/case_100,analyze/ds4_pro/deepseek-v4-pro-0813.zip,True,True
big-open,vulnerability-pattern-matcher,case_001,completed,deepseek-v4-pro,high,training-big-open.zip,train/vulnerability-pattern-matcher/case_001,analyze/ds4_pro/deepseek-v4-pro-0813.zip,True,True
big-open,vulnerability-pattern-matcher,case_002,completed,deepseek-v4-pro,high,training-big-open.zip,train/vulnerability-pattern-matcher/case_002,analyze/ds4_pro/deepseek-v4-pro-0813.zip,True,True
big-open,vulnerability-pattern-matcher,case_003,completed,deepseek-v4-pro,high,training-big-open.zip,train/vulnerability-pattern-matcher/case_003,analyze/ds4_pro/deepseek-v4-pro-0813.zip,True,True
big-open,vulnerability-pattern-matcher,case_004,completed,deepseek-v4-pro,high,training-big-open.zip,train/vulnerability-pattern-matcher/case_004,analyze/ds4_pro/deepseek-v4-pro-0813.zip,True,True
big-open,vulnerability-pattern-matcher,case_005,completed,deepseek-v4-pro,high,training-big-open.zip,train/vulnerability-pattern-matcher/case_005,analyze/ds4_pro/deepseek-v4-pro-0813.zip,True,True
big-open,vulnerability-pattern-matcher,case_006,completed,deepseek-v4-pro,high,training-big-open.zip,train/vulnerability-pattern-matcher/case_006,analyze/ds4_pro/deepseek-v4-pro-0813.zip,True,True
big-open,vulnerability-pattern-matcher,case_007,completed,deepseek-v4-pro,high,training-big-open.zip,train/vulnerability-pattern-matcher/case_007,analyze/ds4_pro/deepseek-v4-pro-0813.zip,True,True
big-open,vulnerability-pattern-matcher,case_008,completed,deepseek-v4-pro,high,training-big-open.zip,train/vulnerability-pattern-matcher/case_008,analyze/ds4_pro/deepseek-v4-pro-0813.zip,True,True
big-open,vulnerability-pattern-matcher,case_009,completed,deepseek-v4-pro,high,training-big-open.zip,train/vulnerability-pattern-matcher/case_009,analyze/ds4_pro/deepseek-v4-pro-0813.zip,True,True
big-open,vulnerability-pattern-matcher,case_010,completed,deepseek-v4-pro,high,training-big-open.zip,train/vulnerability-pattern-matcher/case_010,analyze/ds4_pro/deepseek-v4-pro-0813.zip,True,True
big-open,vulnerability-pattern-matcher,case_011,completed,deepseek-v4-pro,high,training-big-open.zip,train/vulnerability-pattern-matcher/case_011,analyze/ds4_pro/deepseek-v4-pro-0813.zip,True,True
big-open,vulnerability-pattern-matcher,case_012,completed,deepseek-v4-pro,high,training-big-open.zip,train/vulnerability-pattern-matcher/case_012,analyze/ds4_pro/deepseek-v4-pro-0813.zip,True,True
big-open,vulnerability-pattern-matcher,case_013,completed,deepseek-v4-pro,high,training-big-open.zip,train/vulnerability-pattern-matcher/case_013,analyze/ds4_pro/deepseek-v4-pro-0813.zip,True,True
big-open,vulnerability-pattern-matcher,case_014,completed,deepseek-v4-pro,high,training-big-open.zip,train/vulnerability-pattern-matcher/case_014,analyze/ds4_pro/deepseek-v4-pro-0813.zip,True,True
big-open,vulnerability-pattern-matcher,case_015,completed,deepseek-v4-pro,high,training-big-open.zip,train/vulnerability-pattern-matcher/case_015,analyze/ds4_pro/deepseek-v4-pro-0813.zip,True,True
big-open,vulnerability-pattern-matcher,case_016,completed,deepseek-v4-pro,high,training-big-open.zip,train/vulnerability-pattern-matcher/case_016,analyze/ds4_pro/deepseek-v4-pro-0813.zip,True,True
big-open,vulnerability-pattern-matcher,case_017,completed,deepseek-v4-pro,high,training-big-open.zip,train/vulnerability-pattern-matcher/case_017,analyze/ds4_pro/deepseek-v4-pro-0813.zip,True,True
big-open,vulnerability-pattern-matcher,case_018,completed,deepseek-v4-pro,high,training-big-open.zip,train/vulnerability-pattern-matcher/case_018,analyze/ds4_pro/deepseek-v4-pro-0813.zip,True,True
big-open,vulnerability-pattern-matcher,case_019,completed,deepseek-v4-pro,high,training-big-open.zip,train/vulnerability-pattern-matcher/case_019,analyze/ds4_pro/deepseek-v4-pro-0813.zip,True,True
big-open,vulnerability-pattern-matcher,case_020,completed,deepseek-v4-pro,high,training-big-open.zip,train/vulnerability-pattern-matcher/case_020,analyze/ds4_pro/deepseek-v4-pro-0813.zip,True,True
big-open,vulnerability-pattern-matcher,case_021,completed,deepseek-v4-pro,high,training-big-open.zip,train/vulnerability-pattern-matcher/case_021,analyze/ds4_pro/deepseek-v4-pro-0813.zip,True,True
big-open,vulnerability-pattern-matcher,case_022,completed,deepseek-v4-pro,high,training-big-open.zip,train/vulnerability-pattern-matcher/case_022,analyze/ds4_pro/deepseek-v4-pro-0813.zip,True,True
big-open,vulnerability-pattern-matcher,case_023,completed,deepseek-v4-pro,high,training-big-open.zip,train/vulnerability-pattern-matcher/case_023,analyze/ds4_pro/deepseek-v4-pro-0813.zip,True,True
big-open,vulnerability-pattern-matcher,case_024,completed,deepseek-v4-pro,high,training-big-open.zip,train/vulnerability-pattern-matcher/case_024,analyze/ds4_pro/deepseek-v4-pro-0813.zip,True,True
big-open,vulnerability-pattern-matcher,case_025,completed,deepseek-v4-pro,high,training-big-open.zip,train/vulnerability-pattern-matcher/case_025,analyze/ds4_pro/deepseek-v4-pro-0813.zip,True,True
big-open,vulnerability-pattern-matcher,case_026,completed,deepseek-v4-pro,high,training-big-open.zip,train/vulnerability-pattern-matcher/case_026,analyze/ds4_pro/deepseek-v4-pro-0813.zip,True,True
big-open,vulnerability-pattern-matcher,case_027,completed,deepseek-v4-pro,high,training-big-open.zip,train/vulnerability-pattern-matcher/case_027,analyze/ds4_pro/deepseek-v4-pro-0813.zip,True,True
big-open,vulnerability-pattern-matcher,case_028,completed,deepseek-v4-pro,high,training-big-open.zip,train/vulnerability-pattern-matcher/case_028,analyze/ds4_pro/deepseek-v4-pro-0813.zip,True,True
big-open,vulnerability-pattern-matcher,case_029,completed,deepseek-v4-pro,high,training-big-open.zip,train/vulnerability-pattern-matcher/case_029,analyze/ds4_pro/deepseek-v4-pro-0813.zip,True,True
big-open,vulnerability-pattern-matcher,case_030,completed,deepseek-v4-pro,high,training-big-open.zip,train/vulnerability-pattern-matcher/case_030,analyze/ds4_pro/deepseek-v4-pro-0813.zip,True,True
big-open,vulnerability-pattern-matcher,case_031,completed,deepseek-v4-pro,high,training-big-open.zip,train/vulnerability-pattern-matcher/case_031,analyze/ds4_pro/deepseek-v4-pro-0813.zip,True,True
big-open,vulnerability-pattern-matcher,case_032,completed,deepseek-v4-pro,high,training-big-open.zip,train/vulnerability-pattern-matcher/case_032,analyze/ds4_pro/deepseek-v4-pro-0813.zip,True,True
big-open,vulnerability-pattern-matcher,case_033,completed,deepseek-v4-pro,high,training-big-open.zip,train/vulnerability-pattern-matcher/case_033,analyze/ds4_pro/deepseek-v4-pro-0813.zip,True,True
big-open,vulnerability-pattern-matcher,case_034,completed,deepseek-v4-pro,high,training-big-open.zip,train/vulnerability-pattern-matcher/case_034,analyze/ds4_pro/deepseek-v4-pro-0813.zip,True,True
big-open,vulnerability-pattern-matcher,case_035,completed,deepseek-v4-pro,high,training-big-open.zip,train/vulnerability-pattern-matcher/case_035,analyze/ds4_pro/deepseek-v4-pro-0813.zip,True,True
big-open,vulnerability-pattern-matcher,case_036,completed,deepseek-v4-pro,high,training-big-open.zip,train/vulnerability-pattern-matcher/case_036,analyze/ds4_pro/deepseek-v4-pro-0813.zip,True,True
big-open,vulnerability-pattern-matcher,case_037,completed,deepseek-v4-pro,high,training-big-open.zip,train/vulnerability-pattern-matcher/case_037,analyze/ds4_pro/deepseek-v4-pro-0813.zip,True,True
big-open,vulnerability-pattern-matcher,case_038,completed,deepseek-v4-pro,high,training-big-open.zip,train/vulnerability-pattern-matcher/case_038,analyze/ds4_pro/deepseek-v4-pro-0813.zip,True,True
big-open,vulnerability-pattern-matcher,case_039,completed,deepseek-v4-pro,high,training-big-open.zip,train/vulnerability-pattern-matcher/case_039,analyze/ds4_pro/deepseek-v4-pro-0813.zip,True,True
big-open,vulnerability-pattern-matcher,case_040,completed,deepseek-v4-pro,high,training-big-open.zip,train/vulnerability-pattern-matcher/case_040,analyze/ds4_pro/deepseek-v4-pro-0813.zip,True,True
big-open,vulnerability-pattern-matcher,case_041,completed,deepseek-v4-pro,high,training-big-open.zip,train/vulnerability-pattern-matcher/case_041,analyze/ds4_pro/deepseek-v4-pro-0813.zip,True,True
big-open,vulnerability-pattern-matcher,case_042,completed,deepseek-v4-pro,high,training-big-open.zip,train/vulnerability-pattern-matcher/case_042,analyze/ds4_pro/deepseek-v4-pro-0813.zip,True,True
big-open,vulnerability-pattern-matcher,case_043,completed,deepseek-v4-pro,high,training-big-open.zip,train/vulnerability-pattern-matcher/case_043,analyze/ds4_pro/deepseek-v4-pro-0813.zip,True,True
big-open,vulnerability-pattern-matcher,case_044,completed,deepseek-v4-pro,high,training-big-open.zip,train/vulnerability-pattern-matcher/case_044,analyze/ds4_pro/deepseek-v4-pro-0813.zip,True,True
big-open,vulnerability-pattern-matcher,case_045,completed,deepseek-v4-pro,high,training-big-open.zip,train/vulnerability-pattern-matcher/case_045,analyze/ds4_pro/deepseek-v4-pro-0813.zip,True,True
big-open,vulnerability-pattern-matcher,case_046,completed,deepseek-v4-pro,high,training-big-open.zip,train/vulnerability-pattern-matcher/case_046,analyze/ds4_pro/deepseek-v4-pro-0813.zip,True,True
big-open,vulnerability-pattern-matcher,case_047,completed,deepseek-v4-pro,high,training-big-open.zip,train/vulnerability-pattern-matcher/case_047,analyze/ds4_pro/deepseek-v4-pro-0813.zip,True,True
big-open,vulnerability-pattern-matcher,case_048,completed,deepseek-v4-pro,high,training-big-open.zip,train/vulnerability-pattern-matcher/case_048,analyze/ds4_pro/deepseek-v4-pro-0813.zip,True,True
big-open,vulnerability-pattern-matcher,case_049,completed,deepseek-v4-pro,high,training-big-open.zip,train/vulnerability-pattern-matcher/case_049,analyze/ds4_pro/deepseek-v4-pro-0813.zip,True,True
big-open,vulnerability-pattern-matcher,case_050,completed,deepseek-v4-pro,high,training-big-open.zip,train/vulnerability-pattern-matcher/case_050,analyze/ds4_pro/deepseek-v4-pro-0813.zip,True,True
big-open,vulnerability-pattern-matcher,case_051,completed,deepseek-v4-pro,high,training-big-open.zip,train/vulnerability-pattern-matcher/case_051,analyze/ds4_pro/deepseek-v4-pro-0813.zip,True,True
big-open,vulnerability-pattern-matcher,case_052,completed,deepseek-v4-pro,high,training-big-open.zip,train/vulnerability-pattern-matcher/case_052,analyze/ds4_pro/deepseek-v4-pro-0813.zip,True,True
big-open,vulnerability-pattern-matcher,case_053,completed,deepseek-v4-pro,high,training-big-open.zip,train/vulnerability-pattern-matcher/case_053,analyze/ds4_pro/deepseek-v4-pro-0813.zip,True,True
big-open,vulnerability-pattern-matcher,case_054,completed,deepseek-v4-pro,high,training-big-open.zip,train/vulnerability-pattern-matcher/case_054,analyze/ds4_pro/deepseek-v4-pro-0813.zip,True,True
big-open,vulnerability-pattern-matcher,case_055,completed,deepseek-v4-pro,high,training-big-open.zip,train/vulnerability-pattern-matcher/case_055,analyze/ds4_pro/deepseek-v4-pro-0813.zip,True,True
big-open,vulnerability-pattern-matcher,case_056,completed,deepseek-v4-pro,high,training-big-open.zip,train/vulnerability-pattern-matcher/case_056,analyze/ds4_pro/deepseek-v4-pro-0813.zip,True,True
big-open,vulnerability-pattern-matcher,case_057,completed,deepseek-v4-pro,high,training-big-open.zip,train/vulnerability-pattern-matcher/case_057,analyze/ds4_pro/deepseek-v4-pro-0813.zip,True,True
big-open,vulnerability-pattern-matcher,case_058,completed,deepseek-v4-pro,high,training-big-open.zip,train/vulnerability-pattern-matcher/case_058,analyze/ds4_pro/deepseek-v4-pro-0813.zip,True,True
big-open,vulnerability-pattern-matcher,case_059,completed,deepseek-v4-pro,high,training-big-open.zip,train/vulnerability-pattern-matcher/case_059,analyze/ds4_pro/deepseek-v4-pro-0813.zip,True,True
big-open,vulnerability-pattern-matcher,case_060,completed,deepseek-v4-pro,high,training-big-open.zip,train/vulnerability-pattern-matcher/case_060,analyze/ds4_pro/deepseek-v4-pro-0813.zip,True,True
big-open,vulnerability-pattern-matcher,case_061,completed,deepseek-v4-pro,high,training-big-open.zip,train/vulnerability-pattern-matcher/case_061,analyze/ds4_pro/deepseek-v4-pro-0813.zip,True,True
big-open,vulnerability-pattern-matcher,case_062,completed,deepseek-v4-pro,high,training-big-open.zip,train/vulnerability-pattern-matcher/case_062,analyze/ds4_pro/deepseek-v4-pro-0813.zip,True,True
big-open,vulnerability-pattern-matcher,case_063,completed,deepseek-v4-pro,high,training-big-open.zip,train/vulnerability-pattern-matcher/case_063,analyze/ds4_pro/deepseek-v4-pro-0813.zip,True,True
big-open,vulnerability-pattern-matcher,case_064,completed,deepseek-v4-pro,high,training-big-open.zip,train/vulnerability-pattern-matcher/case_064,analyze/ds4_pro/deepseek-v4-pro-0813.zip,True,True
big-open,vulnerability-pattern-matcher,case_065,completed,deepseek-v4-pro,high,training-big-open.zip,train/vulnerability-pattern-matcher/case_065,analyze/ds4_pro/deepseek-v4-pro-0813.zip,True,True
big-open,vulnerability-pattern-matcher,case_066,completed,deepseek-v4-pro,high,training-big-open.zip,train/vulnerability-pattern-matcher/case_066,analyze/ds4_pro/deepseek-v4-pro-0813.zip,True,True
big-open,vulnerability-pattern-matcher,case_067,completed,deepseek-v4-pro,high,training-big-open.zip,train/vulnerability-pattern-matcher/case_067,analyze/ds4_pro/deepseek-v4-pro-0813.zip,True,True
big-open,vulnerability-pattern-matcher,case_068,completed,deepseek-v4-pro,high,training-big-open.zip,train/vulnerability-pattern-matcher/case_068,analyze/ds4_pro/deepseek-v4-pro-0813.zip,True,True
big-open,vulnerability-pattern-matcher,case_069,completed,deepseek-v4-pro,high,training-big-open.zip,train/vulnerability-pattern-matcher/case_069,analyze/ds4_pro/deepseek-v4-pro-0813.zip,True,True
big-open,vulnerability-pattern-matcher,case_070,completed,deepseek-v4-pro,high,training-big-open.zip,train/vulnerability-pattern-matcher/case_070,analyze/ds4_pro/deepseek-v4-pro-0813.zip,True,True
big-open,vulnerability-pattern-matcher,case_071,completed,deepseek-v4-pro,high,training-big-open.zip,train/vulnerability-pattern-matcher/case_071,analyze/ds4_pro/deepseek-v4-pro-0813.zip,True,True
big-open,vulnerability-pattern-matcher,case_072,completed,deepseek-v4-pro,high,training-big-open.zip,train/vulnerability-pattern-matcher/case_072,analyze/ds4_pro/deepseek-v4-pro-0813.zip,True,True
big-open,vulnerability-pattern-matcher,case_073,completed,deepseek-v4-pro,high,training-big-open.zip,train/vulnerability-pattern-matcher/case_073,analyze/ds4_pro/deepseek-v4-pro-0813.zip,True,True
big-open,vulnerability-pattern-matcher,case_074,completed,deepseek-v4-pro,high,training-big-open.zip,train/vulnerability-pattern-matcher/case_074,analyze/ds4_pro/deepseek-v4-pro-0813.zip,True,True
big-open,vulnerability-pattern-matcher,case_075,completed,deepseek-v4-pro,high,training-big-open.zip,train/vulnerability-pattern-matcher/case_075,analyze/ds4_pro/deepseek-v4-pro-0813.zip,True,True
big-open,vulnerability-pattern-matcher,case_076,completed,deepseek-v4-pro,high,training-big-open.zip,train/vulnerability-pattern-matcher/case_076,analyze/ds4_pro/deepseek-v4-pro-0813.zip,True,True
big-open,vulnerability-pattern-matcher,case_077,completed,deepseek-v4-pro,high,training-big-open.zip,train/vulnerability-pattern-matcher/case_077,analyze/ds4_pro/deepseek-v4-pro-0813.zip,True,True
big-open,vulnerability-pattern-matcher,case_078,completed,deepseek-v4-pro,high,training-big-open.zip,train/vulnerability-pattern-matcher/case_078,analyze/ds4_pro/deepseek-v4-pro-0813.zip,True,True
big-open,vulnerability-pattern-matcher,case_079,completed,deepseek-v4-pro,high,training-big-open.zip,train/vulnerability-pattern-matcher/case_079,analyze/ds4_pro/deepseek-v4-pro-0813.zip,True,True
big-open,vulnerability-pattern-matcher,case_080,completed,deepseek-v4-pro,high,training-big-open.zip,train/vulnerability-pattern-matcher/case_080,analyze/ds4_pro/deepseek-v4-pro-0813.zip,True,True
big-open,vulnerability-pattern-matcher,case_081,completed,deepseek-v4-pro,high,training-big-open.zip,train/vulnerability-pattern-matcher/case_081,analyze/ds4_pro/deepseek-v4-pro-0813.zip,True,True
big-open,vulnerability-pattern-matcher,case_082,completed,deepseek-v4-pro,high,training-big-open.zip,train/vulnerability-pattern-matcher/case_082,analyze/ds4_pro/deepseek-v4-pro-0813.zip,True,True
big-open,vulnerability-pattern-matcher,case_083,completed,deepseek-v4-pro,high,training-big-open.zip,train/vulnerability-pattern-matcher/case_083,analyze/ds4_pro/deepseek-v4-pro-0813.zip,True,True
big-open,vulnerability-pattern-matcher,case_084,completed,deepseek-v4-pro,high,training-big-open.zip,train/vulnerability-pattern-matcher/case_084,analyze/ds4_pro/deepseek-v4-pro-0813.zip,True,True
big-open,vulnerability-pattern-matcher,case_085,completed,deepseek-v4-pro,high,training-big-open.zip,train/vulnerability-pattern-matcher/case_085,analyze/ds4_pro/deepseek-v4-pro-0813.zip,True,True
big-open,vulnerability-pattern-matcher,case_086,completed,deepseek-v4-pro,high,training-big-open.zip,train/vulnerability-pattern-matcher/case_086,analyze/ds4_pro/deepseek-v4-pro-0813.zip,True,True
big-open,vulnerability-pattern-matcher,case_087,completed,deepseek-v4-pro,high,training-big-open.zip,train/vulnerability-pattern-matcher/case_087,analyze/ds4_pro/deepseek-v4-pro-0813.zip,True,True
big-open,vulnerability-pattern-matcher,case_088,completed,deepseek-v4-pro,high,training-big-open.zip,train/vulnerability-pattern-matcher/case_088,analyze/ds4_pro/deepseek-v4-pro-0813.zip,True,True
big-open,vulnerability-pattern-matcher,case_089,completed,deepseek-v4-pro,high,training-big-open.zip,train/vulnerability-pattern-matcher/case_089,analyze/ds4_pro/deepseek-v4-pro-0813.zip,True,True
big-open,vulnerability-pattern-matcher,case_090,completed,deepseek-v4-pro,high,training-big-open.zip,train/vulnerability-pattern-matcher/case_090,analyze/ds4_pro/deepseek-v4-pro-0813.zip,True,True
big-open,vulnerability-pattern-matcher,case_091,completed,deepseek-v4-pro,high,training-big-open.zip,train/vulnerability-pattern-matcher/case_091,analyze/ds4_pro/deepseek-v4-pro-0813.zip,True,True
big-open,vulnerability-pattern-matcher,case_092,completed,deepseek-v4-pro,high,training-big-open.zip,train/vulnerability-pattern-matcher/case_092,analyze/ds4_pro/deepseek-v4-pro-0813.zip,True,True
big-open,vulnerability-pattern-matcher,case_093,completed,deepseek-v4-pro,high,training-big-open.zip,train/vulnerability-pattern-matcher/case_093,analyze/ds4_pro/deepseek-v4-pro-0813.zip,True,True
big-open,vulnerability-pattern-matcher,case_094,completed,deepseek-v4-pro,high,training-big-open.zip,train/vulnerability-pattern-matcher/case_094,analyze/ds4_pro/deepseek-v4-pro-0813.zip,True,True
big-open,vulnerability-pattern-matcher,case_095,completed,deepseek-v4-pro,high,training-big-open.zip,train/vulnerability-pattern-matcher/case_095,analyze/ds4_pro/deepseek-v4-pro-0813.zip,True,True
big-open,vulnerability-pattern-matcher,case_096,completed,deepseek-v4-pro,high,training-big-open.zip,train/vulnerability-pattern-matcher/case_096,analyze/ds4_pro/deepseek-v4-pro-0813.zip,True,True
big-open,vulnerability-pattern-matcher,case_097,completed,deepseek-v4-pro,high,training-big-open.zip,train/vulnerability-pattern-matcher/case_097,analyze/ds4_pro/deepseek-v4-pro-0813.zip,True,True
big-open,vulnerability-pattern-matcher,case_098,completed,deepseek-v4-pro,high,training-big-open.zip,train/vulnerability-pattern-matcher/case_098,analyze/ds4_pro/deepseek-v4-pro-0813.zip,True,True
big-open,vulnerability-pattern-matcher,case_099,completed,deepseek-v4-pro,high,training-big-open.zip,train/vulnerability-pattern-matcher/case_099,analyze/ds4_pro/deepseek-v4-pro-0813.zip,True,True
big-open,vulnerability-pattern-matcher,case_100,completed,deepseek-v4-pro,high,training-big-open.zip,train/vulnerability-pattern-matcher/case_100,analyze/ds4_pro/deepseek-v4-pro-0813.zip,True,True
big-open,workerd-safety-review,case_001,completed,deepseek/deepseek-v4-pro-0813,high,training-big-open.zip,train/workerd-safety-review/case_001,analyze/ds4_pro/deepseek-v4-pro-0813.zip,True,True
big-open,workerd-safety-review,case_002,completed,deepseek/deepseek-v4-pro-0813,high,training-big-open.zip,train/workerd-safety-review/case_002,analyze/ds4_pro/deepseek-v4-pro-0813.zip,True,True
big-open,workerd-safety-review,case_003,completed,deepseek/deepseek-v4-pro-0813,high,training-big-open.zip,train/workerd-safety-review/case_003,analyze/ds4_pro/deepseek-v4-pro-0813.zip,True,True
big-open,workerd-safety-review,case_004,completed,deepseek/deepseek-v4-pro-0813,high,training-big-open.zip,train/workerd-safety-review/case_004,analyze/ds4_pro/deepseek-v4-pro-0813.zip,True,True
big-open,workerd-safety-review,case_005,completed,deepseek/deepseek-v4-pro-0813,high,training-big-open.zip,train/workerd-safety-review/case_005,analyze/ds4_pro/deepseek-v4-pro-0813.zip,True,True
big-open,workerd-safety-review,case_006,completed,deepseek/deepseek-v4-pro-0813,high,training-big-open.zip,train/workerd-safety-review/case_006,analyze/ds4_pro/deepseek-v4-pro-0813.zip,True,True
big-open,workerd-safety-review,case_007,completed,deepseek/deepseek-v4-pro-0813,high,training-big-open.zip,train/workerd-safety-review/case_007,analyze/ds4_pro/deepseek-v4-pro-0813.zip,True,True
big-open,workerd-safety-review,case_008,completed,deepseek/deepseek-v4-pro-0813,high,training-big-open.zip,train/workerd-safety-review/case_008,analyze/ds4_pro/deepseek-v4-pro-0813.zip,True,True
big-open,workerd-safety-review,case_009,completed,deepseek/deepseek-v4-pro-0813,high,training-big-open.zip,train/workerd-safety-review/case_009,analyze/ds4_pro/deepseek-v4-pro-0813.zip,True,True
big-open,workerd-safety-review,case_010,completed,deepseek/deepseek-v4-pro-0813,high,training-big-open.zip,train/workerd-safety-review/case_010,analyze/ds4_pro/deepseek-v4-pro-0813.zip,True,True
big-open,workerd-safety-review,case_011,completed,deepseek/deepseek-v4-pro-0813,high,training-big-open.zip,train/workerd-safety-review/case_011,analyze/ds4_pro/deepseek-v4-pro-0813.zip,True,True
big-open,workerd-safety-review,case_012,completed,deepseek/deepseek-v4-pro-0813,high,training-big-open.zip,train/workerd-safety-review/case_012,analyze/ds4_pro/deepseek-v4-pro-0813.zip,True,True
big-open,workerd-safety-review,case_013,completed,deepseek/deepseek-v4-pro-0813,high,training-big-open.zip,train/workerd-safety-review/case_013,analyze/ds4_pro/deepseek-v4-pro-0813.zip,True,True
big-open,workerd-safety-review,case_014,completed,deepseek/deepseek-v4-pro-0813,high,training-big-open.zip,train/workerd-safety-review/case_014,analyze/ds4_pro/deepseek-v4-pro-0813.zip,True,True
big-open,workerd-safety-review,case_015,completed,deepseek/deepseek-v4-pro-0813,high,training-big-open.zip,train/workerd-safety-review/case_015,analyze/ds4_pro/deepseek-v4-pro-0813.zip,True,True
big-open,workerd-safety-review,case_016,completed,deepseek/deepseek-v4-pro-0813,high,training-big-open.zip,train/workerd-safety-review/case_016,analyze/ds4_pro/deepseek-v4-pro-0813.zip,True,True
big-open,workerd-safety-review,case_017,completed,deepseek/deepseek-v4-pro-0813,high,training-big-open.zip,train/workerd-safety-review/case_017,analyze/ds4_pro/deepseek-v4-pro-0813.zip,True,True
big-open,workerd-safety-review,case_018,completed,deepseek/deepseek-v4-pro-0813,high,training-big-open.zip,train/workerd-safety-review/case_018,analyze/ds4_pro/deepseek-v4-pro-0813.zip,True,True
big-open,workerd-safety-review,case_019,completed,deepseek/deepseek-v4-pro-0813,high,training-big-open.zip,train/workerd-safety-review/case_019,analyze/ds4_pro/deepseek-v4-pro-0813.zip,True,True
big-open,workerd-safety-review,case_020,completed,deepseek/deepseek-v4-pro-0813,high,training-big-open.zip,train/workerd-safety-review/case_020,analyze/ds4_pro/deepseek-v4-pro-0813.zip,True,True
big-open,workerd-safety-review,case_021,completed,deepseek/deepseek-v4-pro-0813,high,training-big-open.zip,train/workerd-safety-review/case_021,analyze/ds4_pro/deepseek-v4-pro-0813.zip,True,True
big-open,workerd-safety-review,case_022,completed,deepseek/deepseek-v4-pro-0813,high,training-big-open.zip,train/workerd-safety-review/case_022,analyze/ds4_pro/deepseek-v4-pro-0813.zip,True,True
big-open,workerd-safety-review,case_023,completed,deepseek/deepseek-v4-pro-0813,high,training-big-open.zip,train/workerd-safety-review/case_023,analyze/ds4_pro/deepseek-v4-pro-0813.zip,True,True
big-open,workerd-safety-review,case_024,completed,deepseek/deepseek-v4-pro-0813,high,training-big-open.zip,train/workerd-safety-review/case_024,analyze/ds4_pro/deepseek-v4-pro-0813.zip,True,True
big-open,workerd-safety-review,case_025,completed,deepseek/deepseek-v4-pro-0813,high,training-big-open.zip,train/workerd-safety-review/case_025,analyze/ds4_pro/deepseek-v4-pro-0813.zip,True,True
big-open,workerd-safety-review,case_026,completed,deepseek/deepseek-v4-pro-0813,high,training-big-open.zip,train/workerd-safety-review/case_026,analyze/ds4_pro/deepseek-v4-pro-0813.zip,True,True
big-open,workerd-safety-review,case_027,completed,deepseek/deepseek-v4-pro-0813,high,training-big-open.zip,train/workerd-safety-review/case_027,analyze/ds4_pro/deepseek-v4-pro-0813.zip,True,True
big-open,workerd-safety-review,case_028,completed,deepseek/deepseek-v4-pro-0813,high,training-big-open.zip,train/workerd-safety-review/case_028,analyze/ds4_pro/deepseek-v4-pro-0813.zip,True,True
big-open,workerd-safety-review,case_029,completed,deepseek/deepseek-v4-pro-0813,high,training-big-open.zip,train/workerd-safety-review/case_029,analyze/ds4_pro/deepseek-v4-pro-0813.zip,True,True
big-open,workerd-safety-review,case_030,completed,deepseek/deepseek-v4-pro-0813,high,training-big-open.zip,train/workerd-safety-review/case_030,analyze/ds4_pro/deepseek-v4-pro-0813.zip,True,True
big-open,workerd-safety-review,case_031,completed,deepseek/deepseek-v4-pro-0813,high,training-big-open.zip,train/workerd-safety-review/case_031,analyze/ds4_pro/deepseek-v4-pro-0813.zip,True,True
big-open,workerd-safety-review,case_032,completed,deepseek/deepseek-v4-pro-0813,high,training-big-open.zip,train/workerd-safety-review/case_032,analyze/ds4_pro/deepseek-v4-pro-0813.zip,True,True
big-open,workerd-safety-review,case_033,completed,deepseek/deepseek-v4-pro-0813,high,training-big-open.zip,train/workerd-safety-review/case_033,analyze/ds4_pro/deepseek-v4-pro-0813.zip,True,True
big-open,workerd-safety-review,case_034,completed,deepseek/deepseek-v4-pro-0813,high,training-big-open.zip,train/workerd-safety-review/case_034,analyze/ds4_pro/deepseek-v4-pro-0813.zip,True,True
big-open,workerd-safety-review,case_035,completed,deepseek/deepseek-v4-pro-0813,high,training-big-open.zip,train/workerd-safety-review/case_035,analyze/ds4_pro/deepseek-v4-pro-0813.zip,True,True
big-open,workerd-safety-review,case_036,completed,deepseek/deepseek-v4-pro-0813,high,training-big-open.zip,train/workerd-safety-review/case_036,analyze/ds4_pro/deepseek-v4-pro-0813.zip,True,True
big-open,workerd-safety-review,case_037,completed,deepseek/deepseek-v4-pro-0813,high,training-big-open.zip,train/workerd-safety-review/case_037,analyze/ds4_pro/deepseek-v4-pro-0813.zip,True,True
big-open,workerd-safety-review,case_038,completed,deepseek/deepseek-v4-pro-0813,high,training-big-open.zip,train/workerd-safety-review/case_038,analyze/ds4_pro/deepseek-v4-pro-0813.zip,True,True
big-open,workerd-safety-review,case_039,completed,deepseek/deepseek-v4-pro-0813,high,training-big-open.zip,train/workerd-safety-review/case_039,analyze/ds4_pro/deepseek-v4-pro-0813.zip,True,True
big-open,workerd-safety-review,case_040,completed,deepseek/deepseek-v4-pro-0813,high,training-big-open.zip,train/workerd-safety-review/case_040,analyze/ds4_pro/deepseek-v4-pro-0813.zip,True,True
big-open,workerd-safety-review,case_041,completed,deepseek/deepseek-v4-pro-0813,high,training-big-open.zip,train/workerd-safety-review/case_041,analyze/ds4_pro/deepseek-v4-pro-0813.zip,True,True
big-open,workerd-safety-review,case_042,completed,deepseek/deepseek-v4-pro-0813,high,training-big-open.zip,train/workerd-safety-review/case_042,analyze/ds4_pro/deepseek-v4-pro-0813.zip,True,True
big-open,workerd-safety-review,case_043,completed,deepseek/deepseek-v4-pro-0813,high,training-big-open.zip,train/workerd-safety-review/case_043,analyze/ds4_pro/deepseek-v4-pro-0813.zip,True,True
big-open,workerd-safety-review,case_044,completed,deepseek/deepseek-v4-pro-0813,high,training-big-open.zip,train/workerd-safety-review/case_044,analyze/ds4_pro/deepseek-v4-pro-0813.zip,True,True
big-open,workerd-safety-review,case_045,completed,deepseek/deepseek-v4-pro-0813,high,training-big-open.zip,train/workerd-safety-review/case_045,analyze/ds4_pro/deepseek-v4-pro-0813.zip,True,True
big-open,workerd-safety-review,case_046,completed,deepseek/deepseek-v4-pro-0813,high,training-big-open.zip,train/workerd-safety-review/case_046,analyze/ds4_pro/deepseek-v4-pro-0813.zip,True,True
big-open,workerd-safety-review,case_047,completed,deepseek/deepseek-v4-pro-0813,high,training-big-open.zip,train/workerd-safety-review/case_047,analyze/ds4_pro/deepseek-v4-pro-0813.zip,True,True
big-open,workerd-safety-review,case_048,completed,deepseek/deepseek-v4-pro-0813,high,training-big-open.zip,train/workerd-safety-review/case_048,analyze/ds4_pro/deepseek-v4-pro-0813.zip,True,True
big-open,workerd-safety-review,case_049,completed,deepseek/deepseek-v4-pro-0813,high,training-big-open.zip,train/workerd-safety-review/case_049,analyze/ds4_pro/deepseek-v4-pro-0813.zip,True,True
big-open,workerd-safety-review,case_050,completed,deepseek/deepseek-v4-pro-0813,high,training-big-open.zip,train/workerd-safety-review/case_050,analyze/ds4_pro/deepseek-v4-pro-0813.zip,True,True
big-open,workerd-safety-review,case_051,completed,deepseek/deepseek-v4-pro-0813,high,training-big-open.zip,train/workerd-safety-review/case_051,analyze/ds4_pro/deepseek-v4-pro-0813.zip,True,True
big-open,workerd-safety-review,case_052,completed,deepseek/deepseek-v4-pro-0813,high,training-big-open.zip,train/workerd-safety-review/case_052,analyze/ds4_pro/deepseek-v4-pro-0813.zip,True,True
big-open,workerd-safety-review,case_053,completed,deepseek/deepseek-v4-pro-0813,high,training-big-open.zip,train/workerd-safety-review/case_053,analyze/ds4_pro/deepseek-v4-pro-0813.zip,True,True
big-open,workerd-safety-review,case_054,completed,deepseek/deepseek-v4-pro-0813,high,training-big-open.zip,train/workerd-safety-review/case_054,analyze/ds4_pro/deepseek-v4-pro-0813.zip,True,True
big-open,workerd-safety-review,case_055,completed,deepseek/deepseek-v4-pro-0813,high,training-big-open.zip,train/workerd-safety-review/case_055,analyze/ds4_pro/deepseek-v4-pro-0813.zip,True,True
big-open,workerd-safety-review,case_056,completed,deepseek/deepseek-v4-pro-0813,high,training-big-open.zip,train/workerd-safety-review/case_056,analyze/ds4_pro/deepseek-v4-pro-0813.zip,True,True
big-open,workerd-safety-review,case_057,completed,deepseek/deepseek-v4-pro-0813,high,training-big-open.zip,train/workerd-safety-review/case_057,analyze/ds4_pro/deepseek-v4-pro-0813.zip,True,True
big-open,workerd-safety-review,case_058,completed,deepseek/deepseek-v4-pro-0813,high,training-big-open.zip,train/workerd-safety-review/case_058,analyze/ds4_pro/deepseek-v4-pro-0813.zip,True,True
big-open,workerd-safety-review,case_059,completed,deepseek/deepseek-v4-pro-0813,high,training-big-open.zip,train/workerd-safety-review/case_059,analyze/ds4_pro/deepseek-v4-pro-0813.zip,True,True
big-open,workerd-safety-review,case_060,completed,deepseek/deepseek-v4-pro-0813,high,training-big-open.zip,train/workerd-safety-review/case_060,analyze/ds4_pro/deepseek-v4-pro-0813.zip,True,True
big-open,workerd-safety-review,case_061,completed,deepseek/deepseek-v4-pro-0813,high,training-big-open.zip,train/workerd-safety-review/case_061,analyze/ds4_pro/deepseek-v4-pro-0813.zip,True,True
big-open,workerd-safety-review,case_062,completed,deepseek/deepseek-v4-pro-0813,high,training-big-open.zip,train/workerd-safety-review/case_062,analyze/ds4_pro/deepseek-v4-pro-0813.zip,True,True
big-open,workerd-safety-review,case_063,completed,deepseek/deepseek-v4-pro-0813,high,training-big-open.zip,train/workerd-safety-review/case_063,analyze/ds4_pro/deepseek-v4-pro-0813.zip,True,True
big-open,workerd-safety-review,case_064,completed,deepseek/deepseek-v4-pro-0813,high,training-big-open.zip,train/workerd-safety-review/case_064,analyze/ds4_pro/deepseek-v4-pro-0813.zip,True,True
big-open,workerd-safety-review,case_065,completed,deepseek/deepseek-v4-pro-0813,high,training-big-open.zip,train/workerd-safety-review/case_065,analyze/ds4_pro/deepseek-v4-pro-0813.zip,True,True
big-open,workerd-safety-review,case_066,completed,deepseek/deepseek-v4-pro-0813,high,training-big-open.zip,train/workerd-safety-review/case_066,analyze/ds4_pro/deepseek-v4-pro-0813.zip,True,True
big-open,workerd-safety-review,case_067,completed,deepseek/deepseek-v4-pro-0813,high,training-big-open.zip,train/workerd-safety-review/case_067,analyze/ds4_pro/deepseek-v4-pro-0813.zip,True,True
big-open,workerd-safety-review,case_068,completed,deepseek/deepseek-v4-pro-0813,high,training-big-open.zip,train/workerd-safety-review/case_068,analyze/ds4_pro/deepseek-v4-pro-0813.zip,True,True
big-open,workerd-safety-review,case_069,completed,deepseek/deepseek-v4-pro-0813,high,training-big-open.zip,train/workerd-safety-review/case_069,analyze/ds4_pro/deepseek-v4-pro-0813.zip,True,True
big-open,workerd-safety-review,case_070,completed,deepseek/deepseek-v4-pro-0813,high,training-big-open.zip,train/workerd-safety-review/case_070,analyze/ds4_pro/deepseek-v4-pro-0813.zip,True,True
big-open,workerd-safety-review,case_071,completed,deepseek/deepseek-v4-pro-0813,high,training-big-open.zip,train/workerd-safety-review/case_071,analyze/ds4_pro/deepseek-v4-pro-0813.zip,True,True
big-open,workerd-safety-review,case_072,completed,deepseek/deepseek-v4-pro-0813,high,training-big-open.zip,train/workerd-safety-review/case_072,analyze/ds4_pro/deepseek-v4-pro-0813.zip,True,True
big-open,workerd-safety-review,case_073,completed,deepseek/deepseek-v4-pro-0813,high,training-big-open.zip,train/workerd-safety-review/case_073,analyze/ds4_pro/deepseek-v4-pro-0813.zip,True,True
big-open,workerd-safety-review,case_074,completed,deepseek/deepseek-v4-pro-0813,high,training-big-open.zip,train/workerd-safety-review/case_074,analyze/ds4_pro/deepseek-v4-pro-0813.zip,True,True
big-open,workerd-safety-review,case_075,completed,deepseek/deepseek-v4-pro-0813,high,training-big-open.zip,train/workerd-safety-review/case_075,analyze/ds4_pro/deepseek-v4-pro-0813.zip,True,True
big-open,workerd-safety-review,case_076,completed,deepseek/deepseek-v4-pro-0813,high,training-big-open.zip,train/workerd-safety-review/case_076,analyze/ds4_pro/deepseek-v4-pro-0813.zip,True,True
big-open,workerd-safety-review,case_077,completed,deepseek/deepseek-v4-pro-0813,high,training-big-open.zip,train/workerd-safety-review/case_077,analyze/ds4_pro/deepseek-v4-pro-0813.zip,True,True
big-open,workerd-safety-review,case_078,completed,deepseek/deepseek-v4-pro-0813,high,training-big-open.zip,train/workerd-safety-review/case_078,analyze/ds4_pro/deepseek-v4-pro-0813.zip,True,True
big-open,workerd-safety-review,case_079,completed,deepseek/deepseek-v4-pro-0813,high,training-big-open.zip,train/workerd-safety-review/case_079,analyze/ds4_pro/deepseek-v4-pro-0813.zip,True,True
big-open,workerd-safety-review,case_080,completed,deepseek/deepseek-v4-pro-0813,high,training-big-open.zip,train/workerd-safety-review/case_080,analyze/ds4_pro/deepseek-v4-pro-0813.zip,True,True
big-open,workerd-safety-review,case_081,completed,deepseek/deepseek-v4-pro-0813,high,training-big-open.zip,train/workerd-safety-review/case_081,analyze/ds4_pro/deepseek-v4-pro-0813.zip,True,True
big-open,workerd-safety-review,case_082,completed,deepseek-v4-pro,high,training-big-open.zip,train/workerd-safety-review/case_082,analyze/ds4_pro/deepseek-v4-pro-0813.zip,True,True
big-open,workerd-safety-review,case_083,completed,deepseek-v4-pro,high,training-big-open.zip,train/workerd-safety-review/case_083,analyze/ds4_pro/deepseek-v4-pro-0813.zip,True,True
big-open,workerd-safety-review,case_084,completed,deepseek/deepseek-v4-pro-0813,high,training-big-open.zip,train/workerd-safety-review/case_084,analyze/ds4_pro/deepseek-v4-pro-0813.zip,True,True
big-open,workerd-safety-review,case_085,completed,deepseek/deepseek-v4-pro-0813,high,training-big-open.zip,train/workerd-safety-review/case_085,analyze/ds4_pro/deepseek-v4-pro-0813.zip,True,True
big-open,workerd-safety-review,case_086,completed,deepseek-v4-pro,high,training-big-open.zip,train/workerd-safety-review/case_086,analyze/ds4_pro/deepseek-v4-pro-0813.zip,True,True
big-open,workerd-safety-review,case_087,completed,deepseek/deepseek-v4-pro-0813,high,training-big-open.zip,train/workerd-safety-review/case_087,analyze/ds4_pro/deepseek-v4-pro-0813.zip,True,True
big-open,workerd-safety-review,case_088,completed,deepseek-v4-pro,high,training-big-open.zip,train/workerd-safety-review/case_088,analyze/ds4_pro/deepseek-v4-pro-0813.zip,True,True
big-open,workerd-safety-review,case_089,completed,deepseek-v4-pro,high,training-big-open.zip,train/workerd-safety-review/case_089,analyze/ds4_pro/deepseek-v4-pro-0813.zip,True,True
big-open,workerd-safety-review,case_090,completed,deepseek-v4-pro,high,training-big-open.zip,train/workerd-safety-review/case_090,analyze/ds4_pro/deepseek-v4-pro-0813.zip,True,True
big-open,workerd-safety-review,case_091,completed,deepseek-v4-pro,high,training-big-open.zip,train/workerd-safety-review/case_091,analyze/ds4_pro/deepseek-v4-pro-0813.zip,True,True
big-open,workerd-safety-review,case_092,completed,deepseek-v4-pro,high,training-big-open.zip,train/workerd-safety-review/case_092,analyze/ds4_pro/deepseek-v4-pro-0813.zip,True,True
big-open,workerd-safety-review,case_093,completed,deepseek-v4-pro,high,training-big-open.zip,train/workerd-safety-review/case_093,analyze/ds4_pro/deepseek-v4-pro-0813.zip,True,True
big-open,workerd-safety-review,case_094,completed,deepseek-v4-pro,high,training-big-open.zip,train/workerd-safety-review/case_094,analyze/ds4_pro/deepseek-v4-pro-0813.zip,True,True
big-open,workerd-safety-review,case_095,completed,deepseek-v4-pro,high,training-big-open.zip,train/workerd-safety-review/case_095,analyze/ds4_pro/deepseek-v4-pro-0813.zip,True,True
big-open,workerd-safety-review,case_096,completed,deepseek-v4-pro,high,training-big-open.zip,train/workerd-safety-review/case_096,analyze/ds4_pro/deepseek-v4-pro-0813.zip,True,True
big-open,workerd-safety-review,case_097,completed,deepseek-v4-pro,high,training-big-open.zip,train/workerd-safety-review/case_097,analyze/ds4_pro/deepseek-v4-pro-0813.zip,True,True
big-open,workerd-safety-review,case_098,completed,deepseek-v4-pro,high,training-big-open.zip,train/workerd-safety-review/case_098,analyze/ds4_pro/deepseek-v4-pro-0813.zip,True,True
big-open,workerd-safety-review,case_099,completed,deepseek-v4-pro,high,training-big-open.zip,train/workerd-safety-review/case_099,analyze/ds4_pro/deepseek-v4-pro-0813.zip,True,True
big-open,workerd-safety-review,case_100,completed,deepseek-v4-pro,high,training-big-open.zip,train/workerd-safety-review/case_100,analyze/ds4_pro/deepseek-v4-pro-0813.zip,True,True
big-open,yaklang-code-review,case_001,completed,deepseek-v4-pro,high,training-big-open.zip,train/yaklang-code-review/case_001,analyze/ds4_pro/deepseek-v4-pro-0813.zip,True,True
big-open,yaklang-code-review,case_002,completed,deepseek-v4-pro,high,training-big-open.zip,train/yaklang-code-review/case_002,analyze/ds4_pro/deepseek-v4-pro-0813.zip,True,True
big-open,yaklang-code-review,case_003,completed,deepseek-v4-pro,high,training-big-open.zip,train/yaklang-code-review/case_003,analyze/ds4_pro/deepseek-v4-pro-0813.zip,True,True
big-open,yaklang-code-review,case_004,completed,deepseek-v4-pro,high,training-big-open.zip,train/yaklang-code-review/case_004,analyze/ds4_pro/deepseek-v4-pro-0813.zip,True,True
big-open,yaklang-code-review,case_005,completed,deepseek-v4-pro,high,training-big-open.zip,train/yaklang-code-review/case_005,analyze/ds4_pro/deepseek-v4-pro-0813.zip,True,True
big-open,yaklang-code-review,case_006,completed,deepseek-v4-pro,high,training-big-open.zip,train/yaklang-code-review/case_006,analyze/ds4_pro/deepseek-v4-pro-0813.zip,True,True
big-open,yaklang-code-review,case_007,completed,deepseek-v4-pro,high,training-big-open.zip,train/yaklang-code-review/case_007,analyze/ds4_pro/deepseek-v4-pro-0813.zip,True,True
big-open,yaklang-code-review,case_008,completed,deepseek-v4-pro,high,training-big-open.zip,train/yaklang-code-review/case_008,analyze/ds4_pro/deepseek-v4-pro-0813.zip,True,True
big-open,yaklang-code-review,case_009,completed,deepseek-v4-pro,high,training-big-open.zip,train/yaklang-code-review/case_009,analyze/ds4_pro/deepseek-v4-pro-0813.zip,True,True
big-open,yaklang-code-review,case_010,completed,deepseek-v4-pro,high,training-big-open.zip,train/yaklang-code-review/case_010,analyze/ds4_pro/deepseek-v4-pro-0813.zip,True,True
big-open,yaklang-code-review,case_011,completed,deepseek-v4-pro,high,training-big-open.zip,train/yaklang-code-review/case_011,analyze/ds4_pro/deepseek-v4-pro-0813.zip,True,True
big-open,yaklang-code-review,case_012,completed,deepseek-v4-pro,high,training-big-open.zip,train/yaklang-code-review/case_012,analyze/ds4_pro/deepseek-v4-pro-0813.zip,True,True
big-open,yaklang-code-review,case_013,completed,deepseek-v4-pro,high,training-big-open.zip,train/yaklang-code-review/case_013,analyze/ds4_pro/deepseek-v4-pro-0813.zip,True,True
big-open,yaklang-code-review,case_014,completed,deepseek-v4-pro,high,training-big-open.zip,train/yaklang-code-review/case_014,analyze/ds4_pro/deepseek-v4-pro-0813.zip,True,True
big-open,yaklang-code-review,case_015,completed,deepseek-v4-pro,high,training-big-open.zip,train/yaklang-code-review/case_015,analyze/ds4_pro/deepseek-v4-pro-0813.zip,True,True
big-open,yaklang-code-review,case_016,completed,deepseek-v4-pro,high,training-big-open.zip,train/yaklang-code-review/case_016,analyze/ds4_pro/deepseek-v4-pro-0813.zip,True,True
big-open,yaklang-code-review,case_017,completed,deepseek-v4-pro,high,training-big-open.zip,train/yaklang-code-review/case_017,analyze/ds4_pro/deepseek-v4-pro-0813.zip,True,True
big-open,yaklang-code-review,case_018,completed,deepseek-v4-pro,high,training-big-open.zip,train/yaklang-code-review/case_018,analyze/ds4_pro/deepseek-v4-pro-0813.zip,True,True
big-open,yaklang-code-review,case_019,completed,deepseek-v4-pro,high,training-big-open.zip,train/yaklang-code-review/case_019,analyze/ds4_pro/deepseek-v4-pro-0813.zip,True,True
big-open,yaklang-code-review,case_020,completed,deepseek-v4-pro,high,training-big-open.zip,train/yaklang-code-review/case_020,analyze/ds4_pro/deepseek-v4-pro-0813.zip,True,True
big-open,yaklang-code-review,case_021,completed,deepseek-v4-pro,high,training-big-open.zip,train/yaklang-code-review/case_021,analyze/ds4_pro/deepseek-v4-pro-0813.zip,True,True
big-open,yaklang-code-review,case_022,completed,deepseek-v4-pro,high,training-big-open.zip,train/yaklang-code-review/case_022,analyze/ds4_pro/deepseek-v4-pro-0813.zip,True,True
big-open,yaklang-code-review,case_023,completed,deepseek-v4-pro,high,training-big-open.zip,train/yaklang-code-review/case_023,analyze/ds4_pro/deepseek-v4-pro-0813.zip,True,True
big-open,yaklang-code-review,case_024,completed,deepseek-v4-pro,high,training-big-open.zip,train/yaklang-code-review/case_024,analyze/ds4_pro/deepseek-v4-pro-0813.zip,True,True
big-open,yaklang-code-review,case_025,completed,deepseek-v4-pro,high,training-big-open.zip,train/yaklang-code-review/case_025,analyze/ds4_pro/deepseek-v4-pro-0813.zip,True,True
big-open,yaklang-code-review,case_026,completed,deepseek-v4-pro,high,training-big-open.zip,train/yaklang-code-review/case_026,analyze/ds4_pro/deepseek-v4-pro-0813.zip,True,True
big-open,yaklang-code-review,case_027,completed,deepseek-v4-pro,high,training-big-open.zip,train/yaklang-code-review/case_027,analyze/ds4_pro/deepseek-v4-pro-0813.zip,True,True
big-open,yaklang-code-review,case_028,completed,deepseek-v4-pro,high,training-big-open.zip,train/yaklang-code-review/case_028,analyze/ds4_pro/deepseek-v4-pro-0813.zip,True,True
big-open,yaklang-code-review,case_029,completed,deepseek-v4-pro,high,training-big-open.zip,train/yaklang-code-review/case_029,analyze/ds4_pro/deepseek-v4-pro-0813.zip,True,True
big-open,yaklang-code-review,case_030,completed,deepseek-v4-pro,high,training-big-open.zip,train/yaklang-code-review/case_030,analyze/ds4_pro/deepseek-v4-pro-0813.zip,True,True
big-open,yaklang-code-review,case_031,completed,deepseek-v4-pro,high,training-big-open.zip,train/yaklang-code-review/case_031,analyze/ds4_pro/deepseek-v4-pro-0813.zip,True,True
big-open,yaklang-code-review,case_032,completed,deepseek-v4-pro,high,training-big-open.zip,train/yaklang-code-review/case_032,analyze/ds4_pro/deepseek-v4-pro-0813.zip,True,True
big-open,yaklang-code-review,case_033,completed,deepseek-v4-pro,high,training-big-open.zip,train/yaklang-code-review/case_033,analyze/ds4_pro/deepseek-v4-pro-0813.zip,True,True
big-open,yaklang-code-review,case_034,completed,deepseek-v4-pro,high,training-big-open.zip,train/yaklang-code-review/case_034,analyze/ds4_pro/deepseek-v4-pro-0813.zip,True,True
big-open,yaklang-code-review,case_035,completed,deepseek-v4-pro,high,training-big-open.zip,train/yaklang-code-review/case_035,analyze/ds4_pro/deepseek-v4-pro-0813.zip,True,True
big-open,yaklang-code-review,case_036,completed,deepseek-v4-pro,high,training-big-open.zip,train/yaklang-code-review/case_036,analyze/ds4_pro/deepseek-v4-pro-0813.zip,True,True
big-open,yaklang-code-review,case_037,completed,deepseek-v4-pro,high,training-big-open.zip,train/yaklang-code-review/case_037,analyze/ds4_pro/deepseek-v4-pro-0813.zip,True,True
big-open,yaklang-code-review,case_038,completed,deepseek-v4-pro,high,training-big-open.zip,train/yaklang-code-review/case_038,analyze/ds4_pro/deepseek-v4-pro-0813.zip,True,True
big-open,yaklang-code-review,case_039,completed,deepseek-v4-pro,high,training-big-open.zip,train/yaklang-code-review/case_039,analyze/ds4_pro/deepseek-v4-pro-0813.zip,True,True
big-open,yaklang-code-review,case_040,completed,deepseek-v4-pro,high,training-big-open.zip,train/yaklang-code-review/case_040,analyze/ds4_pro/deepseek-v4-pro-0813.zip,True,True
big-open,yaklang-code-review,case_041,completed,deepseek-v4-pro,high,training-big-open.zip,train/yaklang-code-review/case_041,analyze/ds4_pro/deepseek-v4-pro-0813.zip,True,True
big-open,yaklang-code-review,case_042,completed,deepseek-v4-pro,high,training-big-open.zip,train/yaklang-code-review/case_042,analyze/ds4_pro/deepseek-v4-pro-0813.zip,True,True
big-open,yaklang-code-review,case_043,completed,deepseek-v4-pro,high,training-big-open.zip,train/yaklang-code-review/case_043,analyze/ds4_pro/deepseek-v4-pro-0813.zip,True,True
big-open,yaklang-code-review,case_044,completed,deepseek-v4-pro,high,training-big-open.zip,train/yaklang-code-review/case_044,analyze/ds4_pro/deepseek-v4-pro-0813.zip,True,True
big-open,yaklang-code-review,case_045,completed,deepseek-v4-pro,high,training-big-open.zip,train/yaklang-code-review/case_045,analyze/ds4_pro/deepseek-v4-pro-0813.zip,True,True
big-open,yaklang-code-review,case_046,completed,deepseek-v4-pro,high,training-big-open.zip,train/yaklang-code-review/case_046,analyze/ds4_pro/deepseek-v4-pro-0813.zip,True,True
big-open,yaklang-code-review,case_047,completed,deepseek-v4-pro,high,training-big-open.zip,train/yaklang-code-review/case_047,analyze/ds4_pro/deepseek-v4-pro-0813.zip,True,True
big-open,yaklang-code-review,case_048,completed,deepseek-v4-pro,high,training-big-open.zip,train/yaklang-code-review/case_048,analyze/ds4_pro/deepseek-v4-pro-0813.zip,True,True
big-open,yaklang-code-review,case_049,completed,deepseek-v4-pro,high,training-big-open.zip,train/yaklang-code-review/case_049,analyze/ds4_pro/deepseek-v4-pro-0813.zip,True,True
big-open,yaklang-code-review,case_050,completed,deepseek-v4-pro,high,training-big-open.zip,train/yaklang-code-review/case_050,analyze/ds4_pro/deepseek-v4-pro-0813.zip,True,True
big-open,yaklang-code-review,case_051,completed,deepseek-v4-pro,high,training-big-open.zip,train/yaklang-code-review/case_051,analyze/ds4_pro/deepseek-v4-pro-0813.zip,True,True
big-open,yaklang-code-review,case_052,completed,deepseek-v4-pro,high,training-big-open.zip,train/yaklang-code-review/case_052,analyze/ds4_pro/deepseek-v4-pro-0813.zip,True,True
big-open,yaklang-code-review,case_053,completed,deepseek-v4-pro,high,training-big-open.zip,train/yaklang-code-review/case_053,analyze/ds4_pro/deepseek-v4-pro-0813.zip,True,True
big-open,yaklang-code-review,case_054,completed,deepseek-v4-pro,high,training-big-open.zip,train/yaklang-code-review/case_054,analyze/ds4_pro/deepseek-v4-pro-0813.zip,True,True
big-open,yaklang-code-review,case_055,completed,deepseek-v4-pro,high,training-big-open.zip,train/yaklang-code-review/case_055,analyze/ds4_pro/deepseek-v4-pro-0813.zip,True,True
big-open,yaklang-code-review,case_056,completed,deepseek-v4-pro,high,training-big-open.zip,train/yaklang-code-review/case_056,analyze/ds4_pro/deepseek-v4-pro-0813.zip,True,True
big-open,yaklang-code-review,case_057,completed,deepseek-v4-pro,high,training-big-open.zip,train/yaklang-code-review/case_057,analyze/ds4_pro/deepseek-v4-pro-0813.zip,True,True
big-open,yaklang-code-review,case_058,completed,deepseek-v4-pro,high,training-big-open.zip,train/yaklang-code-review/case_058,analyze/ds4_pro/deepseek-v4-pro-0813.zip,True,True
big-open,yaklang-code-review,case_059,completed,deepseek-v4-pro,high,training-big-open.zip,train/yaklang-code-review/case_059,analyze/ds4_pro/deepseek-v4-pro-0813.zip,True,True
big-open,yaklang-code-review,case_060,completed,deepseek-v4-pro,high,training-big-open.zip,train/yaklang-code-review/case_060,analyze/ds4_pro/deepseek-v4-pro-0813.zip,True,True
big-open,yaklang-code-review,case_061,completed,deepseek-v4-pro,high,training-big-open.zip,train/yaklang-code-review/case_061,analyze/ds4_pro/deepseek-v4-pro-0813.zip,True,True
big-open,yaklang-code-review,case_062,completed,deepseek-v4-pro,high,training-big-open.zip,train/yaklang-code-review/case_062,analyze/ds4_pro/deepseek-v4-pro-0813.zip,True,True
big-open,yaklang-code-review,case_063,completed,deepseek-v4-pro,high,training-big-open.zip,train/yaklang-code-review/case_063,analyze/ds4_pro/deepseek-v4-pro-0813.zip,True,True
big-open,yaklang-code-review,case_064,completed,deepseek-v4-pro,high,training-big-open.zip,train/yaklang-code-review/case_064,analyze/ds4_pro/deepseek-v4-pro-0813.zip,True,True
big-open,yaklang-code-review,case_065,completed,deepseek-v4-pro,high,training-big-open.zip,train/yaklang-code-review/case_065,analyze/ds4_pro/deepseek-v4-pro-0813.zip,True,True
big-open,yaklang-code-review,case_066,completed,deepseek-v4-pro,high,training-big-open.zip,train/yaklang-code-review/case_066,analyze/ds4_pro/deepseek-v4-pro-0813.zip,True,True
big-open,yaklang-code-review,case_067,completed,deepseek-v4-pro,high,training-big-open.zip,train/yaklang-code-review/case_067,analyze/ds4_pro/deepseek-v4-pro-0813.zip,True,True
big-open,yaklang-code-review,case_068,completed,deepseek-v4-pro,high,training-big-open.zip,train/yaklang-code-review/case_068,analyze/ds4_pro/deepseek-v4-pro-0813.zip,True,True
big-open,yaklang-code-review,case_069,completed,deepseek-v4-pro,high,training-big-open.zip,train/yaklang-code-review/case_069,analyze/ds4_pro/deepseek-v4-pro-0813.zip,True,True
big-open,yaklang-code-review,case_070,completed,deepseek-v4-pro,high,training-big-open.zip,train/yaklang-code-review/case_070,analyze/ds4_pro/deepseek-v4-pro-0813.zip,True,True
big-open,yaklang-code-review,case_071,completed,deepseek-v4-pro,high,training-big-open.zip,train/yaklang-code-review/case_071,analyze/ds4_pro/deepseek-v4-pro-0813.zip,True,True
big-open,yaklang-code-review,case_072,completed,deepseek-v4-pro,high,training-big-open.zip,train/yaklang-code-review/case_072,analyze/ds4_pro/deepseek-v4-pro-0813.zip,True,True
big-open,yaklang-code-review,case_073,completed,deepseek-v4-pro,high,training-big-open.zip,train/yaklang-code-review/case_073,analyze/ds4_pro/deepseek-v4-pro-0813.zip,True,True
big-open,yaklang-code-review,case_074,completed,deepseek-v4-pro,high,training-big-open.zip,train/yaklang-code-review/case_074,analyze/ds4_pro/deepseek-v4-pro-0813.zip,True,True
big-open,yaklang-code-review,case_075,completed,deepseek-v4-pro,high,training-big-open.zip,train/yaklang-code-review/case_075,analyze/ds4_pro/deepseek-v4-pro-0813.zip,True,True
big-open,yaklang-code-review,case_076,completed,deepseek-v4-pro,high,training-big-open.zip,train/yaklang-code-review/case_076,analyze/ds4_pro/deepseek-v4-pro-0813.zip,True,True
big-open,yaklang-code-review,case_077,completed,deepseek-v4-pro,high,training-big-open.zip,train/yaklang-code-review/case_077,analyze/ds4_pro/deepseek-v4-pro-0813.zip,True,True
big-open,yaklang-code-review,case_078,completed,deepseek-v4-pro,high,training-big-open.zip,train/yaklang-code-review/case_078,analyze/ds4_pro/deepseek-v4-pro-0813.zip,True,True
big-open,yaklang-code-review,case_079,completed,deepseek-v4-pro,high,training-big-open.zip,train/yaklang-code-review/case_079,analyze/ds4_pro/deepseek-v4-pro-0813.zip,True,True
big-open,yaklang-code-review,case_080,completed,deepseek-v4-pro,high,training-big-open.zip,train/yaklang-code-review/case_080,analyze/ds4_pro/deepseek-v4-pro-0813.zip,True,True
big-open,yaklang-code-review,case_081,completed,deepseek-v4-pro,high,training-big-open.zip,train/yaklang-code-review/case_081,analyze/ds4_pro/deepseek-v4-pro-0813.zip,True,True
big-open,yaklang-code-review,case_082,completed,deepseek-v4-pro,high,training-big-open.zip,train/yaklang-code-review/case_082,analyze/ds4_pro/deepseek-v4-pro-0813.zip,True,True
big-open,yaklang-code-review,case_083,completed,deepseek-v4-pro,high,training-big-open.zip,train/yaklang-code-review/case_083,analyze/ds4_pro/deepseek-v4-pro-0813.zip,True,True
big-open,yaklang-code-review,case_084,completed,deepseek-v4-pro,high,training-big-open.zip,train/yaklang-code-review/case_084,analyze/ds4_pro/deepseek-v4-pro-0813.zip,True,True
big-open,yaklang-code-review,case_085,completed,deepseek-v4-pro,high,training-big-open.zip,train/yaklang-code-review/case_085,analyze/ds4_pro/deepseek-v4-pro-0813.zip,True,True
big-open,yaklang-code-review,case_086,completed,deepseek-v4-pro,high,training-big-open.zip,train/yaklang-code-review/case_086,analyze/ds4_pro/deepseek-v4-pro-0813.zip,True,True
big-open,yaklang-code-review,case_087,completed,deepseek-v4-pro,high,training-big-open.zip,train/yaklang-code-review/case_087,analyze/ds4_pro/deepseek-v4-pro-0813.zip,True,True
big-open,yaklang-code-review,case_088,completed,deepseek-v4-pro,high,training-big-open.zip,train/yaklang-code-review/case_088,analyze/ds4_pro/deepseek-v4-pro-0813.zip,True,True
big-open,yaklang-code-review,case_089,completed,deepseek-v4-pro,high,training-big-open.zip,train/yaklang-code-review/case_089,analyze/ds4_pro/deepseek-v4-pro-0813.zip,True,True
big-open,yaklang-code-review,case_090,completed,deepseek-v4-pro,high,training-big-open.zip,train/yaklang-code-review/case_090,analyze/ds4_pro/deepseek-v4-pro-0813.zip,True,True
big-open,yaklang-code-review,case_091,completed,deepseek-v4-pro,high,training-big-open.zip,train/yaklang-code-review/case_091,analyze/ds4_pro/deepseek-v4-pro-0813.zip,True,True
big-open,yaklang-code-review,case_092,completed,deepseek-v4-pro,high,training-big-open.zip,train/yaklang-code-review/case_092,analyze/ds4_pro/deepseek-v4-pro-0813.zip,True,True
big-open,yaklang-code-review,case_093,completed,deepseek-v4-pro,high,training-big-open.zip,train/yaklang-code-review/case_093,analyze/ds4_pro/deepseek-v4-pro-0813.zip,True,True
big-open,yaklang-code-review,case_094,completed,deepseek-v4-pro,high,training-big-open.zip,train/yaklang-code-review/case_094,analyze/ds4_pro/deepseek-v4-pro-0813.zip,True,True
big-open,yaklang-code-review,case_095,completed,deepseek-v4-pro,high,training-big-open.zip,train/yaklang-code-review/case_095,analyze/ds4_pro/deepseek-v4-pro-0813.zip,True,True
big-open,yaklang-code-review,case_096,completed,deepseek-v4-pro,high,training-big-open.zip,train/yaklang-code-review/case_096,analyze/ds4_pro/deepseek-v4-pro-0813.zip,True,True
big-open,yaklang-code-review,case_097,completed,deepseek-v4-pro,high,training-big-open.zip,train/yaklang-code-review/case_097,analyze/ds4_pro/deepseek-v4-pro-0813.zip,True,True
big-open,yaklang-code-review,case_098,completed,deepseek-v4-pro,high,training-big-open.zip,train/yaklang-code-review/case_098,analyze/ds4_pro/deepseek-v4-pro-0813.zip,True,True
big-open,yaklang-code-review,case_099,completed,deepseek-v4-pro,high,training-big-open.zip,train/yaklang-code-review/case_099,analyze/ds4_pro/deepseek-v4-pro-0813.zip,True,True
big-open,yaklang-code-review,case_100,completed,deepseek-v4-pro,high,training-big-open.zip,train/yaklang-code-review/case_100,analyze/ds4_pro/deepseek-v4-pro-0813.zip,True,True
